,OA,Public_Transport_Accessibility_Index,Public_Transport_Accessibility_Level,Public Transport Accessibility Level_frequency_count
0,E00023412,18.788,5,"{'5': 9, '4': 8}"
1,E00023413,12.999,3,{'3': 17}
2,E00023414,14.44,3,{'3': 2}
3,E00023415,17.746,3,"{'3': 7, '5': 6, '4': 5}"
4,E00023416,17.6,4,{'4': 8}
5,E00023418,23.792,5,{'5': 10}
6,E00023419,14.805,3,"{'3': 11, '4': 2}"
7,E00023421,14.637,3,"{'3': 5, '4': 1}"
8,E00023422,15.429,4,"{'4': 18, '3': 10}"
9,E00023423,16.546,4,{'4': 11}
10,E00023424,19.331,5,"{'5': 25, '4': 9}"
11,E00023425,19.725,5,"{'5': 6, '4': 4}"
12,E00023426,16.389,4,{'4': 7}
13,E00023427,16.23,4,{'4': 7}
14,E00023428,19.801,5,"{'5': 5, '4': 5}"
15,E00023429,17.647,4,{'4': 13}
16,E00023430,17.048,4,"{'4': 4, '5': 1}"
17,E00023431,18.706,4,"{'4': 10, '5': 6}"
18,E00023432,18.97,4,"{'4': 7, '5': 3}"
19,E00023433,20.232,4,"{'4': 6, '5': 3}"
20,E00023434,11.007,3,"{'3': 5, '2': 1}"
21,E00023435,16.56,4,{'4': 26}
22,E00023436,10.094,3,"{'3': 22, '2': 7, '1b': 2}"
23,E00023437,18.413,4,"{'4': 7, '5': 5, '3': 3}"
24,E00023438,18.684,4,{'4': 9}
25,E00023439,12.599,3,"{'3': 10, '4': 1, '2': 1}"
26,E00023440,11.638,3,"{'3': 7, '4': 2, '2': 2}"
27,E00023441,15.838,4,"{'4': 9, '3': 4}"
28,E00023442,18.075,4,"{'4': 5, '3': 4, '5': 4}"
29,E00023443,5.543,2,{'2': 10}
30,E00023444,21.278,5,{'5': 12}
31,E00023445,16.965,4,"{'4': 12, '3': 1}"
32,E00023446,9.307,3,"{'3': 4, '2': 2}"
33,E00023447,15.416,3,"{'3': 9, '4': 4, '5': 2}"
34,E00023448,13.64,3,"{'3': 10, '4': 3}"
35,E00023449,22.994,5,"{'5': 12, '6a': 1, '4': 1}"
36,E00023450,19.83,4,{'4': 36}
37,E00023451,21.547,5,"{'5': 5, '4': 2}"
38,E00023452,20.261,4,"{'4': 5, '5': 4}"
39,E00023453,19.679,4,"{'4': 7, '5': 1}"
40,E00023454,32.118,6a,{'6a': 5}
41,E00023455,20.668,5,"{'5': 9, '4': 1}"
42,E00023456,20.367,5,{'5': 3}
43,E00023458,21.252,5,{'5': 5}
44,E00023459,20.271,5,"{'5': 5, '4': 3}"
45,E00023460,19.696,4,"{'4': 7, '5': 2}"
46,E00023461,22.056,5,{'5': 5}
47,E00023462,29.945,6a,{'6a': 2}
48,E00023463,32.681,6a,"{'6a': 33, '5': 1}"
49,E00023464,22.06,5,{'5': 2}
50,E00023465,21.108,5,{'5': 4}
51,E00023466,20.751,5,{'5': 7}
52,E00023467,21.413,5,{'5': 3}
53,E00023468,19.603,4,"{'4': 2, '5': 1}"
54,E00023469,21.704,5,"{'5': 3, '4': 2}"
55,E00023470,19.8,4,"{'4': 5, '5': 2}"
56,E00023471,15.742,4,{'4': 4}
57,E00023472,17.67,4,{'4': 4}
58,E00023473,21.73,5,"{'5': 5, '4': 1}"
59,E00023474,22.85,5,{'5': 4}
60,E00023475,16.312,4,{'4': 4}
61,E00023476,21.579,5,{'5': 22}
62,E00023477,23.942,5,"{'5': 14, '6a': 2}"
63,E00023478,22.892,5,"{'5': 9, '4': 1}"
64,E00023479,22.29,5,{'5': 8}
65,E00023480,23.759,5,"{'5': 9, '6a': 1}"
66,E00023481,18.503,4,"{'4': 12, '5': 1}"
67,E00023482,22.274,5,"{'5': 7, '4': 1}"
68,E00023483,30.633,6a,{'6a': 6}
69,E00023484,21.891,5,{'5': 8}
70,E00023485,30.707,6a,{'6a': 3}
71,E00023486,52.351,6b,{'6b': 8}
72,E00023487,46.21,6b,{'6b': 17}
73,E00023488,49.171,6b,"{'6b': 38, '6a': 2}"
74,E00023489,51.815,6b,{'6b': 52}
75,E00023490,52.24,6b,{'6b': 135}
76,E00023491,50.065,6b,{'6b': 40}
77,E00023492,51.53,6b,{'6b': 50}
78,E00023493,43.731,6b,{'6b': 16}
79,E00023494,48.343,6b,{'6b': 34}
80,E00023495,53.158,6b,{'6b': 22}
81,E00023496,54.34,6b,{'6b': 29}
82,E00023497,45.15,6b,"{'6b': 21, '6a': 4}"
83,E00023498,51.074,6b,{'6b': 25}
84,E00023499,40.942,6b,"{'6b': 90, '6a': 27}"
85,E00023500,43.07,6b,"{'6b': 17, '6a': 16}"
86,E00023501,50.837,6b,{'6b': 21}
87,E00023502,50.701,6b,{'6b': 22}
88,E00023503,56.582,6b,{'6b': 47}
89,E00023504,46.4,6b,"{'6b': 16, '6a': 5}"
90,E00023505,50.553,6b,{'6b': 32}
91,E00023506,50.627,6b,{'6b': 48}
92,E00023507,47.09,6b,"{'6b': 20, '6a': 1}"
93,E00023508,53.77,6b,{'6b': 65}
94,E00023509,63.113,6b,{'6b': 75}
95,E00023510,67.466,6b,{'6b': 84}
96,E00023511,41.442,6b,{'6b': 10}
97,E00023512,39.455,6a,"{'6a': 9, '6b': 6}"
98,E00023513,41.302,6b,{'6b': 6}
99,E00023514,43.776,6b,{'6b': 18}
100,E00023515,45.086,6b,{'6b': 9}
101,E00023516,50.283,6b,{'6b': 13}
102,E00023517,33.215,6a,"{'6a': 23, '6b': 5}"
103,E00023518,50.017,6b,{'6b': 12}
104,E00023519,43.13,6b,"{'6b': 37, '6a': 2}"
105,E00023520,55.193,6b,{'6b': 15}
106,E00023521,58.26,6b,{'6b': 9}
107,E00023522,60.689,6b,{'6b': 25}
108,E00023523,54.336,6b,{'6b': 16}
109,E00023524,59.725,6b,{'6b': 11}
110,E00023525,52.183,6b,{'6b': 24}
111,E00023526,58.413,6b,{'6b': 75}
112,E00023527,48.15,6b,{'6b': 81}
113,E00023528,51.167,6b,{'6b': 25}
114,E00023529,51.652,6b,{'6b': 39}
115,E00023530,34.539,6a,"{'6a': 6, '6b': 2}"
116,E00023531,28.422,6a,{'6a': 5}
117,E00023532,48.54,6b,{'6b': 4}
118,E00023533,15.307,3,"{'3': 2, '4': 1}"
119,E00023534,22.078,6a,"{'6a': 7, '4': 6, '3': 3}"
120,E00023535,18.143,5,"{'5': 2, '3': 2, '4': 2}"
121,E00023536,23.148,6a,"{'6a': 2, '4': 2}"
122,E00023537,12.007,3,"{'3': 11, '2': 1}"
123,E00023538,10.133,2,"{'2': 8, '3': 7}"
124,E00023539,10.583,3,{'3': 3}
125,E00023540,11.728,3,{'3': 9}
126,E00023541,16.35,4,"{'4': 4, '3': 1}"
127,E00023542,11.61,3,{'3': 3}
128,E00023543,10.964,3,{'3': 7}
129,E00023544,9.948,2,"{'2': 3, '3': 2}"
130,E00023545,8.908,2,"{'2': 7, '3': 4}"
131,E00023546,14.717,3,"{'3': 7, '5': 1}"
132,E00023547,8.332,2,"{'2': 3, '3': 1}"
133,E00023548,8.869,2,"{'2': 5, '3': 3}"
134,E00023549,8.88,2,{'2': 2}
135,E00023550,8.38,2,"{'2': 3, '3': 2}"
136,E00023551,8.305,2,"{'2': 5, '3': 1}"
137,E00023552,10.871,3,"{'3': 5, '2': 2}"
138,E00023554,9.185,2,{'2': 4}
139,E00023555,9.61,2,"{'2': 4, '3': 1}"
140,E00023556,7.582,2,{'2': 6}
141,E00023557,48.633,6b,"{'6b': 24, '6a': 1}"
142,E00023558,48.276,6b,{'6b': 10}
143,E00023559,30.425,6a,{'6a': 20}
144,E00023560,34.105,6a,"{'6a': 26, '6b': 1}"
145,E00023561,33.171,6a,{'6a': 19}
146,E00023562,27.47,6a,{'6a': 4}
147,E00023564,23.679,5,"{'5': 6, '6a': 1, '4': 1}"
148,E00023565,18.203,4,"{'4': 11, '5': 2}"
149,E00023566,19.989,5,"{'5': 4, '4': 3}"
150,E00023567,25.094,6a,"{'6a': 8, '5': 5, '4': 1}"
151,E00023569,23.721,5,"{'5': 10, '6a': 4}"
152,E00023570,36.074,6a,"{'6a': 7, '6b': 3}"
153,E00023571,26.559,6a,"{'6a': 11, '5': 1}"
154,E00023572,35.219,6a,"{'6a': 13, '6b': 7, '5': 3}"
155,E00023573,31.779,6a,{'6a': 8}
156,E00023574,26.271,6a,"{'6a': 7, '5': 7}"
157,E00023575,40.427,6b,"{'6b': 10, '6a': 7}"
158,E00023576,34.477,6a,{'6a': 8}
159,E00023577,49.424,6b,{'6b': 13}
160,E00023578,40.498,6b,"{'6b': 10, '6a': 7}"
161,E00023579,40.648,6b,"{'6b': 6, '6a': 3}"
162,E00023580,18.31,5,"{'5': 3, '3': 2}"
163,E00023581,18.31,4,{'4': 5}
164,E00023585,19.099,5,"{'5': 6, '4': 5}"
165,E00023586,22.57,5,"{'5': 7, '4': 1}"
166,E00023587,17.173,4,{'4': 3}
167,E00023588,17.793,4,{'4': 3}
168,E00023589,19.036,4,"{'4': 3, '5': 2}"
169,E00023590,17.062,4,"{'4': 2, '3': 2, '5': 1}"
170,E00023591,17.602,4,{'4': 6}
171,E00023592,15.808,4,"{'4': 5, '3': 1}"
172,E00023593,16.493,4,{'4': 3}
173,E00023595,18.761,4,"{'4': 6, '5': 3}"
174,E00023596,18.087,4,{'4': 4}
175,E00023597,17.593,4,{'4': 29}
176,E00023598,17.328,4,{'4': 5}
177,E00023599,16.404,4,{'4': 359}
178,E00023600,15.87,4,{'4': 2}
179,E00023601,21.151,5,"{'5': 5, '4': 2}"
180,E00023602,17.17,4,{'4': 4}
181,E00023603,19.95,5,"{'5': 4, '4': 3}"
182,E00023604,22.843,5,{'5': 8}
183,E00023605,16.695,4,"{'4': 5, '3': 1}"
184,E00023606,21.543,5,{'5': 8}
185,E00023608,18.227,4,{'4': 4}
186,E00023609,20.074,5,"{'5': 3, '4': 2}"
187,E00023610,22.039,5,{'5': 7}
188,E00023611,18.302,4,{'4': 4}
189,E00023612,22.536,5,{'5': 11}
190,E00023613,21.21,5,{'5': 5}
191,E00023614,18.44,4,{'4': 6}
192,E00023615,17.724,4,{'4': 5}
193,E00023616,17.115,4,{'4': 2}
194,E00023617,38.35,6a,{'6a': 14}
195,E00023618,45.564,6b,"{'6b': 21, '6a': 1, '5': 1}"
196,E00023619,43.375,6b,{'6b': 49}
197,E00023620,45.08,6b,"{'6b': 10, '6a': 1}"
198,E00023621,41.814,6b,"{'6b': 4, '6a': 1}"
199,E00023622,39.997,6b,"{'6b': 9, '6a': 5}"
200,E00023623,55.108,6b,{'6b': 24}
201,E00023624,30.648,6a,{'6a': 10}
202,E00023625,39.083,6b,"{'6b': 43, '6a': 15}"
203,E00023626,40.146,6a,"{'6a': 4, '6b': 4}"
204,E00023627,37.447,6a,"{'6a': 10, '6b': 6}"
205,E00023628,42.535,6b,{'6b': 4}
206,E00023629,25.551,6a,"{'6a': 10, '5': 1}"
207,E00023630,42.96,6b,{'6b': 4}
208,E00023631,40.746,6b,"{'6b': 7, '6a': 1}"
209,E00023632,34.611,6a,"{'6a': 7, '6b': 3}"
210,E00023633,42.16,6b,"{'6b': 10, '6a': 1}"
211,E00023634,29.745,6a,"{'6a': 12, '5': 1}"
212,E00023635,39.14,6a,{'6a': 4}
213,E00023636,41.4,6b,"{'6b': 10, '6a': 2}"
214,E00023637,38.069,6a,{'6a': 13}
215,E00023638,41.037,6b,{'6b': 3}
216,E00023639,41.255,6b,"{'6b': 3, '6a': 1}"
217,E00023640,32.675,6a,"{'6a': 7, '4': 1}"
218,E00023641,39.347,6a,"{'6a': 6, '6b': 4}"
219,E00023643,42.447,6b,"{'6b': 16, '6a': 1}"
220,E00023644,50.95,6b,{'6b': 13}
221,E00023646,44.23,6b,{'6b': 4}
222,E00023647,45.738,6b,{'6b': 13}
223,E00023648,40.676,6a,"{'6a': 10, '6b': 6}"
224,E00023649,47.807,6b,{'6b': 12}
225,E00023650,44.98,6b,{'6b': 4}
226,E00023651,46.05,6b,{'6b': 8}
227,E00023652,34.776,6a,{'6a': 7}
228,E00023653,33.62,6a,{'6a': 1}
229,E00023655,35.781,6a,{'6a': 10}
230,E00023656,32.958,6a,{'6a': 6}
231,E00023657,18.656,3,"{'3': 21, '6a': 19, '5': 1}"
232,E00023658,36.534,6a,"{'6a': 11, '6b': 5}"
233,E00023659,13.038,3,"{'3': 9, '4': 1}"
234,E00023660,18.677,4,"{'4': 6, '3': 5, '5': 3, '6a': 2}"
235,E00023661,65.137,6b,{'6b': 31}
236,E00023662,51.806,6b,{'6b': 36}
237,E00023663,45.37,6b,{'6b': 10}
238,E00023664,38.732,6a,"{'6a': 15, '6b': 12}"
239,E00023665,48.496,6b,{'6b': 26}
240,E00023666,39.476,6a,"{'6a': 16, '6b': 11}"
241,E00023668,27.95,6a,"{'6a': 13, '5': 8}"
242,E00023669,45.84,6b,"{'6b': 69, '6a': 3}"
243,E00023670,51.423,6b,"{'6b': 51, '6a': 2}"
244,E00023671,33.939,6a,"{'6a': 11, '5': 2}"
245,E00023672,17.86,4,"{'4': 8, '3': 1}"
246,E00023674,26.67,6a,"{'6a': 10, '5': 2}"
247,E00023675,12.96,3,{'3': 7}
248,E00023676,13.353,3,"{'3': 23, '4': 4}"
249,E00023678,14.118,3,"{'3': 4, '4': 1}"
250,E00023679,13.169,3,"{'3': 9, '4': 4}"
251,E00023680,20.671,4,"{'4': 6, '5': 4, '6a': 1}"
252,E00023681,26.167,6a,"{'6a': 41, '5': 11, '4': 1}"
253,E00023682,33.49,6a,"{'6a': 23, '6b': 12, '5': 3, '3': 3}"
254,E00023684,17.344,4,{'4': 14}
255,E00023685,17.256,4,{'4': 31}
256,E00023686,18.503,4,"{'4': 22, '5': 2}"
257,E00023687,19.034,5,"{'5': 10, '4': 6, '3': 6, '6a': 3}"
258,E00023688,49.221,6b,"{'6b': 18, '6a': 4}"
259,E00023689,63.483,6b,{'6b': 56}
260,E00023690,21.164,3,"{'3': 5, '6a': 4}"
261,E00023691,27.454,6a,{'6a': 5}
262,E00023692,32.73,6a,{'6a': 4}
263,E00023694,30.465,6a,{'6a': 2}
264,E00023695,32.251,6a,{'6a': 11}
265,E00023696,27.175,6a,{'6a': 40}
266,E00023697,19.513,4,"{'4': 15, '6a': 4, '5': 1}"
267,E00023698,21.219,5,"{'5': 6, '4': 3}"
268,E00023699,25.433,6a,"{'6a': 16, '4': 3}"
269,E00023700,25.786,6a,"{'6a': 11, '5': 3}"
270,E00023701,20.85,5,{'5': 6}
271,E00023702,22.667,5,"{'5': 3, '6a': 2, '4': 1}"
272,E00023703,19.917,4,"{'4': 7, '5': 6}"
273,E00023704,25.313,6a,"{'6a': 6, '5': 3}"
274,E00023705,33.71,6a,{'6a': 1}
275,E00023706,31.89,6a,{'6a': 4}
276,E00023707,31.767,6a,{'6a': 3}
277,E00023708,28.723,6a,{'6a': 4}
278,E00023709,29.85,6a,{'6a': 4}
279,E00023710,29.647,6a,{'6a': 3}
280,E00023711,26.49,6a,{'6a': 5}
281,E00023712,30.247,6a,{'6a': 4}
282,E00023713,32.03,6a,{'6a': 6}
283,E00023714,20.179,5,"{'5': 21, '4': 9}"
284,E00023715,20.852,4,"{'4': 2, '6a': 1, '5': 1}"
285,E00023716,29.95,6a,{'6a': 4}
286,E00023717,27.835,6a,{'6a': 2}
287,E00023718,36.753,6a,{'6a': 3}
288,E00023719,34.384,6a,{'6a': 5}
289,E00023720,25.657,6a,"{'6a': 8, '4': 2, '5': 1}"
290,E00023721,22.398,5,{'5': 10}
291,E00023722,30.46,6a,{'6a': 1}
292,E00023723,22.594,5,{'5': 5}
293,E00023724,21.708,5,"{'5': 3, '6a': 1, '4': 1}"
294,E00023725,37.343,6a,{'6a': 4}
295,E00023726,28.68,6a,{'6a': 1}
296,E00023727,23.409,5,"{'5': 11, '6a': 5}"
297,E00023728,33.693,6a,{'6a': 12}
298,E00023729,27.515,6a,"{'6a': 9, '5': 2}"
299,E00023730,20.58,5,{'5': 2}
300,E00023731,22.149,5,{'5': 14}
301,E00023732,22.834,5,{'5': 5}
302,E00023733,28.052,6a,{'6a': 11}
303,E00023734,34.293,6a,{'6a': 20}
304,E00023737,23.489,5,"{'5': 8, '6a': 1}"
305,E00023738,24.855,5,"{'5': 8, '6a': 2}"
306,E00023739,24.959,5,"{'5': 19, '6a': 18}"
307,E00023740,24.124,5,"{'5': 8, '6a': 7, '4': 1}"
308,E00023741,26.17,6a,{'6a': 2}
309,E00023744,13.823,3,"{'3': 5, '4': 2}"
310,E00023745,21.316,5,"{'5': 9, '4': 2}"
311,E00023746,23.951,5,"{'5': 12, '4': 1, '6b': 1}"
312,E00023747,19.358,4,{'4': 6}
313,E00023748,14.668,3,"{'3': 4, '4': 2}"
314,E00023749,13.407,3,"{'3': 2, '4': 2}"
315,E00023750,16.34,4,{'4': 3}
316,E00023751,18.475,4,{'4': 2}
317,E00023752,18.07,4,{'4': 2}
318,E00023753,16.364,4,{'4': 5}
319,E00023754,26.203,6a,{'6a': 3}
320,E00023755,21.095,5,"{'5': 4, '4': 2}"
321,E00023756,23.577,5,"{'5': 6, '6a': 1}"
322,E00023757,28.33,6a,"{'6a': 7, '5': 1}"
323,E00023758,18.397,4,"{'4': 6, '5': 1}"
324,E00023759,25.501,6a,"{'6a': 3, '5': 3, '4': 1}"
325,E00023760,31.736,6a,{'6a': 5}
326,E00023761,29.035,6a,{'6a': 4}
327,E00023762,42.331,6b,"{'6b': 12, '6a': 9}"
328,E00023763,36.122,6a,{'6a': 6}
329,E00023764,33.041,6a,"{'6a': 10, '6b': 1}"
330,E00023765,21.155,5,"{'5': 12, '4': 3}"
331,E00023766,14.9,3,{'3': 2}
332,E00023767,23.319,5,{'5': 7}
333,E00023768,13.64,3,{'3': 1}
334,E00023769,19.73,4,"{'4': 2, '5': 1}"
335,E00023770,17.36,4,{'4': 1}
336,E00023771,16.52,4,{'4': 1}
337,E00023772,13.62,3,{'3': 1}
338,E00023773,22.339,5,{'5': 10}
339,E00023774,22.572,5,{'5': 5}
340,E00023775,16.947,4,{'4': 3}
341,E00023776,20.49,5,{'5': 2}
342,E00023777,15.83,4,{'4': 5}
343,E00023778,17.31,4,{'4': 2}
344,E00023779,13.379,3,{'3': 7}
345,E00023780,17.358,4,{'4': 6}
346,E00023781,9.46,2,{'2': 3}
347,E00023782,12.605,3,"{'3': 3, '2': 1}"
348,E00023783,17.13,4,{'4': 5}
349,E00023784,15.003,3,"{'3': 2, '4': 1}"
350,E00023785,11.242,2,"{'2': 2, '3': 1, '4': 1}"
351,E00023786,14.738,3,"{'3': 2, '4': 2}"
352,E00023787,23.535,5,{'5': 8}
353,E00023788,20.57,5,{'5': 2}
354,E00023789,19.154,4,"{'4': 4, '5': 1}"
355,E00023790,21.539,5,"{'5': 7, '4': 1}"
356,E00023791,25.506,6a,"{'6a': 3, '5': 2}"
357,E00023792,18.973,4,"{'4': 2, '5': 1}"
358,E00023793,19.817,4,"{'4': 7, '5': 5}"
359,E00023794,16.693,4,{'4': 3}
360,E00023795,17.18,4,{'4': 3}
361,E00023796,15.917,4,{'4': 3}
362,E00023797,17.15,4,"{'4': 2, '3': 1}"
363,E00023798,19.494,4,"{'4': 5, '5': 3}"
364,E00023799,15.258,3,"{'3': 2, '4': 2}"
365,E00023800,16.598,4,{'4': 28}
366,E00023801,20.138,5,"{'5': 3, '4': 3}"
367,E00023802,17.369,4,{'4': 8}
368,E00023803,16.102,4,{'4': 5}
369,E00023804,17.705,4,{'4': 4}
370,E00023805,15.389,4,"{'4': 5, '3': 4}"
371,E00023806,16.013,4,"{'4': 3, '3': 1}"
372,E00023807,13.598,3,{'3': 4}
373,E00023808,15.24,4,"{'4': 3, '3': 1}"
374,E00023809,15.258,3,"{'3': 2, '4': 2}"
375,E00023810,11.616,3,"{'3': 4, '2': 1}"
376,E00023811,24.511,5,"{'5': 64, '6a': 19}"
377,E00023812,30.433,6a,{'6a': 23}
378,E00023813,45.208,6b,"{'6b': 44, '6a': 9}"
379,E00023814,33.665,6a,{'6a': 22}
380,E00023815,50.636,6b,{'6b': 20}
381,E00023816,27.433,5,"{'5': 10, '6a': 9, '4': 1}"
382,E00023817,30.048,6a,{'6a': 66}
383,E00023818,36.232,6a,"{'6a': 79, '6b': 33}"
384,E00023819,25.432,6a,"{'6a': 83, '5': 54}"
385,E00023820,25.983,6a,"{'6a': 22, '5': 9}"
386,E00023821,31.627,6a,{'6a': 64}
387,E00023822,60.173,6b,{'6b': 63}
388,E00023823,40.799,6b,"{'6b': 22, '6a': 14}"
389,E00023824,27.565,6a,"{'6a': 107, '5': 74}"
390,E00023825,36.093,6a,"{'6a': 69, '6b': 10}"
391,E00023826,22.744,5,"{'5': 96, '6a': 14, '4': 3}"
392,E00023827,23.259,5,"{'5': 43, '6a': 16, '4': 9}"
393,E00023828,48.868,6b,{'6b': 162}
394,E00023829,30.775,6a,{'6a': 42}
395,E00023830,53.021,6b,{'6b': 64}
396,E00023831,32.894,6a,{'6a': 67}
397,E00023832,32.595,6a,{'6a': 72}
398,E00023833,32.921,6a,{'6a': 48}
399,E00023834,50.387,6b,"{'6b': 165, '6a': 2}"
400,E00023835,38.658,6a,"{'6a': 35, '6b': 13}"
401,E00023836,48.733,6b,{'6b': 79}
402,E00023837,23.94,5,"{'5': 26, '6a': 24, '4': 20}"
403,E00023838,31.013,6a,{'6a': 85}
404,E00023839,48.039,6b,"{'6b': 274, '6a': 56}"
405,E00023840,44.564,6b,"{'6b': 158, '6a': 19}"
406,E00023841,32.507,6a,"{'6a': 152, '6b': 21, '5': 2}"
407,E00023842,40.58,6b,"{'6b': 227, '6a': 180, '4': 5, '5': 4}"
408,E00023843,37.682,6a,"{'6a': 96, '6b': 34}"
409,E00023844,42.189,6b,"{'6b': 154, '6a': 50}"
410,E00023845,51.667,6b,{'6b': 388}
411,E00023846,39.836,6a,"{'6a': 19, '6b': 14}"
412,E00023847,23.67,5,{'5': 5}
413,E00023848,26.6,6a,"{'6a': 47, '5': 14}"
414,E00023849,15.339,3,"{'3': 5, '4': 3}"
415,E00023851,15.012,4,"{'4': 4, '3': 2}"
416,E00023852,16.09,4,{'4': 5}
417,E00023853,14.19,3,"{'3': 2, '4': 2}"
418,E00023854,17.993,4,{'4': 7}
419,E00023855,22.84,5,{'5': 5}
420,E00023856,15.502,4,"{'4': 4, '3': 1}"
421,E00023857,17.738,4,{'4': 15}
422,E00023858,18.65,5,"{'5': 2, '4': 1, '3': 1}"
423,E00023859,17.45,3,"{'3': 1, '5': 1}"
424,E00023860,16.4,4,"{'4': 5, '3': 1}"
425,E00023861,14.52,3,"{'3': 6, '4': 5, '2': 1}"
426,E00023862,14.523,3,"{'3': 2, '4': 1}"
427,E00023863,18.12,4,"{'4': 5, '5': 1}"
428,E00023864,11.827,3,{'3': 6}
429,E00023865,14.844,3,"{'3': 3, '4': 2}"
430,E00023866,19.616,4,"{'4': 4, '5': 3}"
431,E00023867,14.878,4,"{'4': 3, '3': 2}"
432,E00023869,16.57,4,"{'4': 2, '3': 1}"
433,E00023870,17.207,4,{'4': 3}
434,E00023871,17.98,4,{'4': 4}
435,E00023872,14.371,3,"{'3': 13, '4': 3}"
436,E00023873,15.604,4,"{'4': 6, '3': 3}"
437,E00023874,20.849,5,"{'5': 5, '4': 2}"
438,E00023875,22.59,5,{'5': 6}
439,E00023876,17.148,4,"{'4': 6, '3': 2}"
440,E00023877,22.485,5,"{'5': 7, '4': 5, '6a': 3}"
441,E00023878,14.537,4,"{'4': 8, '3': 7}"
442,E00023879,15.589,4,"{'4': 5, '3': 3}"
443,E00023880,6.096,2,{'2': 5}
444,E00023881,16.032,4,"{'4': 10, '3': 3}"
445,E00023882,15.678,4,"{'4': 7, '3': 3}"
446,E00023883,17.062,4,"{'4': 9, '5': 2, '3': 2}"
447,E00023884,40.919,6a,"{'6a': 7, '6b': 4}"
448,E00023885,6.291,2,"{'2': 5, '1b': 3, '3': 1}"
449,E00023886,15.547,4,"{'4': 7, '3': 6}"
450,E00023887,21.227,5,"{'5': 13, '4': 1}"
451,E00023888,12.41,3,"{'3': 13, '2': 1}"
452,E00023889,15.336,4,"{'4': 7, '3': 3}"
453,E00023890,13.436,3,"{'3': 10, '4': 1}"
454,E00023891,19.74,5,"{'5': 13, '4': 11}"
455,E00023892,18.704,4,"{'4': 10, '5': 2}"
456,E00023893,17.612,4,"{'4': 14, '5': 2}"
457,E00023894,15.371,4,"{'4': 5, '3': 4}"
458,E00023895,18.594,4,"{'4': 3, '5': 2}"
459,E00023896,17.528,4,{'4': 5}
460,E00023897,16.078,4,"{'4': 3, '3': 2}"
461,E00023898,17.116,4,{'4': 7}
462,E00023899,16.496,4,"{'4': 9, '3': 7, '5': 2}"
463,E00023900,14.735,3,"{'3': 339, '4': 5}"
464,E00023901,16.725,4,{'4': 2}
465,E00023902,14.253,3,"{'3': 7, '4': 4}"
466,E00023903,14.965,4,"{'4': 3, '3': 1}"
467,E00023904,21.276,5,"{'5': 3, '4': 2}"
468,E00023905,20.313,5,"{'5': 4, '4': 2}"
469,E00023906,15.963,4,{'4': 4}
470,E00023907,14.84,3,{'3': 5}
471,E00023908,15.38,4,{'4': 2}
472,E00023909,15.222,3,"{'3': 7, '4': 7}"
473,E00023910,15.864,4,"{'4': 8, '3': 2}"
474,E00023911,19.85,4,{'4': 4}
475,E00023912,12.74,3,{'3': 4}
476,E00023913,21.223,5,"{'5': 6, '4': 1}"
477,E00023914,18.825,4,"{'4': 8, '5': 2}"
478,E00023916,29.945,6a,{'6a': 6}
479,E00023917,14.391,3,{'3': 7}
480,E00023918,20.639,4,"{'4': 4, '5': 4}"
481,E00023919,21.204,6b,"{'6b': 5, '3': 4, '1a': 4, '6a': 4, '5': 3, '2': 3, '4': 1}"
482,E00023920,60.745,6b,{'6b': 13}
483,E00023921,60.705,6b,{'6b': 26}
484,E00023922,4.132,1b,"{'1b': 12, '1a': 1}"
485,E00023923,3.918,1b,{'1b': 8}
486,E00023924,4.034,1b,{'1b': 9}
487,E00023925,4.624,1b,"{'1b': 7, '2': 2}"
488,E00023926,21.448,5,"{'5': 9, '4': 4, '6a': 1}"
489,E00023927,20.295,5,"{'5': 19, '4': 8}"
490,E00023928,47.771,6b,"{'6b': 101, '6a': 15}"
491,E00023929,53.162,6b,"{'6b': 319, '6a': 1}"
492,E00023930,59.188,6b,{'6b': 708}
493,E00023931,63.042,6b,{'6b': 212}
494,E00023932,48.003,6b,{'6b': 161}
495,E00023933,57.313,6b,{'6b': 146}
496,E00023934,50.889,6b,{'6b': 158}
497,E00023935,56.416,6b,"{'6b': 379, '6a': 46, '4': 1, '5': 1}"
498,E00023936,57.402,6b,"{'6b': 188, '6a': 6, '5': 1}"
499,E00023937,37.286,6b,"{'6b': 160, '6a': 70, '4': 34, '5': 23}"
500,E00023938,48.802,6b,"{'6b': 36, '4': 2, '6a': 2, '5': 1}"
501,E00023939,39.263,6b,"{'6b': 100, '6a': 93, '5': 14, '2': 5, '4': 3}"
502,E00023941,26.529,5,"{'5': 56, '6b': 9, '6a': 7, '4': 3}"
503,E00023942,65.814,6b,"{'6b': 111, '1a': 1}"
504,E00023943,43.191,6b,"{'6b': 32, '6a': 11, '4': 7, '5': 4}"
505,E00023944,24.701,5,"{'5': 8, '6a': 4}"
506,E00023945,30.184,5,"{'5': 76, '6b': 46, '6a': 44, '3': 10, '4': 5}"
507,E00023946,73.696,6b,{'6b': 95}
508,E00023947,23.63,5,"{'5': 37, '6a': 6}"
509,E00023948,21.335,5,"{'5': 15, '4': 5}"
510,E00023949,20.504,5,"{'5': 11, '4': 4}"
511,E00023950,22.599,5,"{'5': 5, '4': 2}"
512,E00023951,19.901,5,"{'5': 11, '4': 6}"
513,E00023953,19.116,4,"{'4': 18, '5': 3}"
514,E00023954,20.86,5,{'5': 5}
515,E00023955,36.31,6a,"{'6a': 41, '6b': 30, '5': 3}"
516,E00023956,44.865,6b,{'6b': 13}
517,E00023957,46.404,6b,"{'6b': 57, '6a': 3}"
518,E00023958,49.218,6b,{'6b': 13}
519,E00023959,35.082,6a,{'6a': 32}
520,E00023960,42.38,6b,"{'6b': 34, '6a': 23}"
521,E00023963,25.892,6a,"{'6a': 3, '5': 1}"
522,E00023964,21.577,5,"{'5': 5, '6a': 1, '4': 1}"
523,E00023965,18.327,4,{'4': 7}
524,E00023966,27.633,6a,"{'6a': 5, '5': 1}"
525,E00023967,17.517,4,{'4': 3}
526,E00023968,17.55,4,{'4': 5}
527,E00023969,19.66,4,"{'4': 2, '5': 1}"
528,E00023971,26.787,6a,{'6a': 3}
529,E00023972,48.235,6b,{'6b': 6}
530,E00023973,28.649,6a,"{'6a': 22, '5': 3, '6b': 2}"
531,E00023974,22.867,5,{'5': 12}
532,E00023975,11.955,3,"{'3': 10, '4': 1}"
533,E00023976,44.87,6b,{'6b': 2}
534,E00023977,18.365,4,{'4': 2}
535,E00023978,43.28,6b,{'6b': 3}
536,E00023979,11.143,3,{'3': 19}
537,E00023980,42.068,6b,{'6b': 4}
538,E00023981,13.915,3,"{'3': 3, '4': 1}"
539,E00023982,20.572,5,"{'5': 3, '4': 1}"
540,E00023985,35.06,6a,{'6a': 9}
541,E00023986,35.477,6a,{'6a': 6}
542,E00023987,20.77,5,{'5': 3}
543,E00023988,20.307,5,{'5': 3}
544,E00023989,23.12,5,{'5': 2}
545,E00023990,22.41,5,{'5': 5}
546,E00023991,17.312,4,{'4': 5}
547,E00023992,19.819,4,{'4': 24}
548,E00023993,25.301,5,"{'5': 8, '6a': 3}"
549,E00023994,28.555,6a,{'6a': 4}
550,E00023995,28.199,6a,{'6a': 7}
551,E00023996,21.09,5,{'5': 6}
552,E00023997,18.488,4,"{'4': 4, '5': 1}"
553,E00023998,20.02,5,{'5': 1}
554,E00023999,22.345,5,{'5': 4}
555,E00024001,21.933,5,"{'5': 20, '4': 4}"
556,E00024002,24.611,5,"{'5': 11, '6a': 6}"
557,E00024004,47.516,6b,{'6b': 5}
558,E00024005,31.897,6a,"{'6a': 23, '5': 16, '6b': 7, '4': 1}"
559,E00024006,64.477,6b,"{'6b': 21, '6a': 1}"
560,E00024007,56.671,6b,{'6b': 13}
561,E00024008,41.881,6b,"{'6b': 11, '6a': 5}"
562,E00024009,15.103,4,"{'4': 6, '3': 2}"
563,E00024010,18.143,4,"{'4': 3, '5': 1}"
564,E00024011,15.255,4,"{'4': 4, '3': 2}"
565,E00024012,16.353,4,{'4': 3}
566,E00024013,50.949,6b,{'6b': 11}
567,E00024014,41.845,6b,"{'6b': 6, '6a': 4}"
568,E00024016,17.8,4,{'4': 3}
569,E00024017,17.637,4,{'4': 6}
570,E00024018,15.97,4,"{'4': 2, '3': 1}"
571,E00024019,16.376,3,"{'3': 2, '4': 2, '5': 1}"
572,E00024020,16.679,4,{'4': 22}
573,E00024021,18.333,4,{'4': 3}
574,E00024022,35.735,6a,{'6a': 19}
575,E00024023,20.373,4,"{'4': 4, '5': 4}"
576,E00024024,18.704,4,"{'4': 29, '3': 10, '6b': 5, '5': 2}"
577,E00024025,25.072,5,"{'5': 10, '6a': 3}"
578,E00024026,19.831,4,"{'4': 5, '5': 2}"
579,E00024028,25.306,6a,"{'6a': 12, '5': 7}"
580,E00024029,44.686,6b,{'6b': 8}
581,E00024030,34.305,6b,"{'6b': 11, '6a': 6, '5': 5}"
582,E00024031,50.298,6b,"{'6b': 806, '6a': 1}"
583,E00024032,69.62,6b,{'6b': 17}
584,E00024033,51.033,6b,{'6b': 6}
585,E00024034,37.771,6a,"{'6a': 5, '6b': 2}"
586,E00024036,15.31,3,"{'3': 3, '4': 3}"
587,E00024037,13.7,3,{'3': 1}
588,E00024038,12.264,3,"{'3': 16, '6a': 1, '2': 1}"
589,E00024039,10.017,3,"{'3': 2, '2': 2}"
590,E00024040,7.287,2,{'2': 6}
591,E00024041,7.38,2,{'2': 9}
592,E00024042,11.656,2,"{'2': 6, '6a': 1, '3': 1}"
593,E00024043,10.694,3,"{'3': 6, '2': 1}"
594,E00024044,9.228,2,"{'2': 4, '3': 1}"
595,E00024045,11.318,3,{'3': 6}
596,E00024046,11.425,3,{'3': 13}
597,E00024047,8.35,2,"{'2': 3, '3': 1}"
598,E00024048,79.42,6b,{'6b': 100}
599,E00024050,62.502,6b,{'6b': 27}
600,E00024051,56.289,6b,{'6b': 12}
601,E00024052,34.214,6a,{'6a': 13}
602,E00024053,55.49,6b,{'6b': 25}
603,E00024054,73.604,6b,{'6b': 47}
604,E00024055,33.624,6a,{'6a': 10}
605,E00024056,43.991,6b,{'6b': 15}
606,E00024057,29.563,6a,"{'6a': 13, '4': 4, '5': 1}"
607,E00024058,44.027,6b,"{'6b': 11, '6a': 3}"
608,E00024059,27.692,6a,"{'6a': 5, '3': 1}"
609,E00024060,36.461,6a,{'6a': 12}
610,E00024061,45.883,6b,{'6b': 7}
611,E00024062,29.31,6a,{'6a': 1}
612,E00024063,36.939,6a,"{'6a': 8, '6b': 4}"
613,E00024064,19.825,4,"{'4': 2, '6a': 1, '3': 1}"
614,E00024065,39.398,6a,"{'6a': 4, '6b': 1}"
615,E00024066,19.43,3,"{'3': 2, '6a': 1}"
616,E00024067,16.419,3,"{'3': 6, '6a': 1}"
617,E00024068,26.105,6a,"{'6a': 9, '5': 3, '2': 1}"
618,E00024069,15.445,3,"{'3': 1, '4': 1}"
619,E00024070,33.937,6a,"{'6a': 3, '5': 2, '6b': 1}"
620,E00024071,27.814,6a,"{'6a': 6, '3': 1}"
621,E00024072,20.71,5,"{'5': 4, '4': 1}"
622,E00024073,18.304,4,{'4': 7}
623,E00024074,22.32,5,{'5': 5}
624,E00024075,20.691,5,{'5': 7}
625,E00024076,18.2,4,"{'4': 4, '5': 2}"
626,E00024077,19.157,4,"{'4': 2, '5': 2}"
627,E00024078,21.142,5,"{'5': 4, '4': 1}"
628,E00024079,20.803,5,{'5': 3}
629,E00024080,19.381,4,"{'4': 8, '5': 1}"
630,E00024081,18.365,4,{'4': 4}
631,E00024083,17.442,4,{'4': 6}
632,E00024084,16.125,4,{'4': 4}
633,E00024085,16.423,4,{'4': 6}
634,E00024086,17.396,4,{'4': 7}
635,E00024087,15.635,4,"{'4': 26, '3': 1}"
636,E00024088,15.328,3,"{'3': 3, '4': 2}"
637,E00024089,18.71,4,"{'4': 8, '5': 2}"
638,E00024090,16.675,4,{'4': 6}
639,E00024091,17.633,4,{'4': 3}
640,E00024092,20.875,5,"{'5': 16, '4': 2}"
641,E00024093,17.51,4,{'4': 2}
642,E00024094,15.833,4,{'4': 3}
643,E00024095,17.773,4,{'4': 3}
644,E00024096,20.258,5,"{'5': 4, '3': 1}"
645,E00024097,17.102,4,{'4': 12}
646,E00024098,19.878,5,"{'5': 4, '4': 4}"
647,E00024099,15.15,4,{'4': 2}
648,E00024100,15.89,3,"{'3': 3, '4': 2}"
649,E00024101,18.763,4,"{'4': 7, '5': 4}"
650,E00024103,15.777,4,"{'4': 5, '3': 3, '5': 1}"
651,E00024104,16.837,4,{'4': 6}
652,E00024105,31.863,6a,{'6a': 4}
653,E00024106,16.36,4,{'4': 2}
654,E00024107,19.056,4,"{'4': 4, '5': 3}"
655,E00024108,48.61,6b,{'6b': 123}
656,E00024109,29.258,6a,"{'6a': 123, '5': 25, '4': 4}"
657,E00024110,53.531,6b,{'6b': 189}
658,E00024112,50.503,6b,{'6b': 648}
659,E00024113,36.135,6a,"{'6a': 458, '6b': 352, '5': 82, '4': 70}"
660,E00024114,52.434,6b,{'6b': 238}
661,E00024115,26.991,6a,"{'6a': 137, '3': 33, '5': 31, '6b': 5}"
662,E00024116,28.902,6a,"{'6a': 85, '5': 85, '6b': 44, '3': 20}"
663,E00024117,33.9,6a,"{'6a': 143, '6b': 40, '5': 10}"
664,E00024118,34.409,6a,"{'6a': 201, '6b': 40}"
665,E00024119,36.39,6a,"{'6a': 145, '6b': 13}"
666,E00024121,30.088,6a,{'6a': 71}
667,E00024122,29.034,6a,{'6a': 28}
668,E00024123,24.885,5,"{'5': 17, '6a': 12}"
669,E00024124,29.832,6a,"{'6a': 129, '5': 73, '6b': 11}"
670,E00024125,36.146,6a,{'6a': 59}
671,E00024126,29.919,6a,"{'6a': 38, '5': 5}"
672,E00024127,35.089,6a,"{'6a': 67, '6b': 10}"
673,E00024128,35.279,6a,"{'6a': 144, '6b': 32}"
674,E00024129,53.143,6b,"{'6b': 513, '6a': 58, '5': 1}"
675,E00024130,43.312,6b,"{'6b': 448, '6a': 113, '5': 9}"
676,E00024133,44.044,6b,"{'6b': 284, '6a': 23}"
677,E00024134,46.095,6b,"{'6b': 133, '6a': 29}"
678,E00024135,54.725,6b,{'6b': 68}
679,E00024136,50.979,6b,{'6b': 152}
680,E00024137,60.856,6b,{'6b': 145}
681,E00024138,48.322,6b,{'6b': 161}
682,E00024140,46.957,6b,"{'6b': 149, '6a': 38}"
683,E00175180,65.602,6b,{'6b': 26}
684,E00175181,33.104,6a,{'6a': 19}
685,E00175182,35.97,6a,{'6a': 13}
686,E00175183,45.58,6b,{'6b': 20}
687,E00175184,44.25,6b,{'6b': 2}
688,E00175185,20.56,5,{'5': 1}
689,E00175186,50.012,6b,"{'6b': 735, '6a': 1}"
690,E00175187,48.495,6b,{'6b': 29}
691,E00175188,20.6,5,{'5': 1}
692,E00175189,43.201,6b,"{'6b': 247, '6a': 61}"
693,E00175190,55.374,6b,"{'6b': 565, '6a': 19}"
694,E00175191,52.6,6b,{'6b': 376}
695,E00175192,47.705,6b,"{'6b': 137, '6a': 5}"
696,E00175193,40.147,6b,"{'6b': 1872, '6a': 454}"
697,E00175194,48.261,6b,"{'6b': 569, '6a': 35}"
698,E00175195,49.484,6b,{'6b': 156}
699,E00175196,44.079,6b,"{'6b': 709, '6a': 280, '3': 7, '5': 2}"
700,E00175197,21.797,5,{'5': 4}
701,E00175198,19.271,4,"{'4': 7, '5': 6}"
702,E00175199,21.264,5,{'5': 9}
703,E00175200,17.33,4,{'4': 5}
704,E00175201,17.183,4,{'4': 4}
705,E00175202,16.023,4,"{'4': 8, '3': 1}"
706,E00175203,11.589,3,{'3': 8}
707,E00175204,14.328,3,"{'3': 3, '4': 1}"
708,E00175205,16.702,4,{'4': 5}
709,E00175206,35.842,6a,"{'6a': 93, '6b': 26, '5': 5, '3': 3, '1a': 2, '2': 1}"
710,E00175207,60.471,6b,{'6b': 88}
711,E00175208,16.727,4,"{'4': 24, '3': 10}"
712,E00175209,60.018,6b,{'6b': 17}
713,E00175210,29.73,6a,{'6a': 4}
714,E00175211,23.075,5,"{'5': 3, '6a': 1}"
715,E00175212,35.807,6a,"{'6a': 109, '6b': 1}"
716,E00175213,42.069,6b,"{'6b': 59, '6a': 24}"
717,E00175214,48.935,6b,"{'6b': 130, '6a': 1}"
718,E00175215,47.267,6b,{'6b': 9}
719,E00175216,45.32,6b,{'6b': 2}
720,E00175217,13.114,3,{'3': 5}
721,E00175218,72.539,6b,{'6b': 79}
722,E00175219,51.849,6b,{'6b': 109}
723,E00175220,20.228,4,"{'4': 7, '5': 6, '6a': 3, '3': 1}"
724,E00175221,20.14,5,"{'5': 2, '4': 2}"
725,E00175222,15.622,4,{'4': 5}
726,E00175223,13.67,3,{'3': 1}
727,E00175224,11.42,3,{'3': 3}
728,E00175225,12.515,3,"{'3': 9, '4': 2}"
729,E00175226,26.378,6a,"{'6a': 60, '5': 8, '4': 1}"
730,E00175227,21.525,5,{'5': 29}
731,E00175228,18.243,4,"{'4': 6, '5': 5}"
732,E00175229,20.18,5,"{'5': 11, '4': 1}"
733,E00175230,11.18,3,{'3': 4}
734,E00175231,10.867,3,{'3': 8}
735,E00175232,17.73,4,{'4': 3}
736,E00175233,17.492,4,"{'4': 5, '5': 1}"
737,E00175234,19.317,4,"{'4': 5, '5': 1}"
738,E00175235,15.959,4,"{'4': 15, '3': 1}"
739,E00175236,18.002,4,{'4': 5}
740,E00175237,20.26,4,"{'4': 1, '5': 1}"
741,E00175238,18.04,4,{'4': 1}
742,E00175239,51.83,6b,"{'6b': 15, '6a': 4}"
743,E00175240,58.902,6b,{'6b': 10}
744,E00175241,40.302,6a,"{'6a': 13, '6b': 6}"
745,E00175242,16.621,4,{'4': 7}
746,E00175243,19.725,5,"{'5': 1, '4': 1}"
747,E00175244,21.44,5,{'5': 3}
748,E00175245,17.605,4,{'4': 2}
749,E00175246,14.877,3,"{'3': 2, '4': 1}"
750,E00175247,16.857,4,{'4': 3}
751,E00175249,22.22,5,"{'5': 100, '4': 17, '6a': 8, '2': 1}"
752,E00175250,16.089,4,"{'4': 17, '3': 11, '5': 3}"
753,E00175251,22.64,5,{'5': 3}
754,E00175252,12.127,3,{'3': 3}
755,E00175253,16.533,4,"{'4': 5, '5': 3, '3': 2}"
756,E00175254,15.21,4,{'4': 2}
757,E00175255,18.515,4,{'4': 2}
758,E00175256,21.112,5,{'5': 4}
759,E00175257,14.931,3,"{'3': 15, '4': 6, '5': 1}"
760,E00175258,16.4,4,{'4': 6}
761,E00175259,18.062,4,{'4': 5}
762,E00175260,16.473,4,{'4': 6}
763,E00175261,15.947,4,{'4': 7}
764,E00175262,15.574,4,"{'4': 4, '3': 3}"
765,E00175263,18.977,4,{'4': 3}
766,E00175264,16.39,4,{'4': 5}
767,E00175265,13.319,3,"{'3': 8, '4': 2}"
768,E00175266,18.546,4,"{'4': 6, '5': 4}"
769,E00175267,21.432,5,"{'5': 4, '4': 1}"
770,E00175268,18.377,4,{'4': 3}
771,E00175269,22.751,5,"{'5': 4, '6a': 3}"
772,E00175270,24.624,5,"{'5': 7, '6a': 1}"
773,E00175271,19.837,4,"{'4': 2, '5': 2}"
774,E00175272,19.945,5,"{'5': 27, '4': 2, '3': 1}"
775,E00175273,20.023,5,"{'5': 2, '4': 1}"
776,E00175274,21.815,5,{'5': 2}
777,E00175275,18.306,4,{'4': 8}
778,E00175276,19.541,4,"{'4': 6, '5': 2}"
779,E00175277,16.757,4,{'4': 3}
780,E00175278,41.536,6b,"{'6b': 8, '6a': 2}"
781,E00175279,16.907,4,{'4': 6}
