,OA,[%_of_OA_total] - [per_effective_area_square_meter] - worker,[%_of_OA_total] - [per_effective_area_square_meter] - student,[%_of_OA_total] - [per_effective_area_square_meter] - tourist,[%_of_OA_total] - [per_effective_area_square_meter] - shopper,[%_of_OA_total] - [per_effective_area_square_meter] - leisurer,[%_of_OA_total] - [per_effective_area_square_meter] - chorer,[shared_scale] - [%_of_OA_total] - [per_effective_area_square_meter] - worker,[shared_scale] - [%_of_OA_total] - [per_effective_area_square_meter] - student,[shared_scale] - [%_of_OA_total] - [per_effective_area_square_meter] - tourist,[shared_scale] - [%_of_OA_total] - [per_effective_area_square_meter] - shopper,[shared_scale] - [%_of_OA_total] - [per_effective_area_square_meter] - leisurer,[shared_scale] - [%_of_OA_total] - [per_effective_area_square_meter] - chorer
0,E00023722,55.8,9.822,9.039,5.634,13.98,5.725,55.8,9.822,9.039,5.634,13.98,5.725
1,E00023889,56.446,8.01,5.272,13.506,11.028,5.738,56.446,8.01,5.272,13.506,11.028,5.738
2,E00023808,61.348,8.004,5.268,11.297,7.751,6.332,61.348,8.004,5.268,11.297,7.751,6.332
3,E00024069,56.899,5.33,8.671,10.431,13.262,5.407,56.899,5.33,8.671,10.431,13.262,5.407
4,E00024056,54.169,9.102,10.28,7.607,11.967,6.875,54.169,9.102,10.28,7.607,11.967,6.875
5,E00023555,57.573,12.208,6.33,7.611,10.475,5.803,57.573,12.208,6.33,7.611,10.475,5.803
6,E00023887,59.685,6.949,6.413,11.512,9.791,5.65,59.685,6.949,6.413,11.512,9.791,5.65
7,E00024042,56.526,8.04,7.444,10.993,10.323,6.675,56.526,8.04,7.444,10.993,10.323,6.675
8,E00023706,64.211,6.77,6.77,7.168,9.059,6.023,64.211,6.77,6.77,7.168,9.059,6.023
9,E00023787,49.055,11.876,7.077,12.07,13.476,6.447,49.055,11.876,7.077,12.07,13.476,6.447
10,E00024051,56.621,7.757,8.478,10.939,10.39,5.814,56.621,7.757,8.478,10.939,10.39,5.814
11,E00023714,53.588,7.241,6.696,13.457,13.261,5.758,53.588,7.241,6.696,13.457,13.261,5.758
12,E00023466,53.166,5.782,6.803,15.515,12.664,6.07,53.166,5.782,6.803,15.515,12.664,6.07
13,E00175213,58.058,7.079,8.175,8.442,12.341,5.904,58.058,7.079,8.175,8.442,12.341,5.904
14,E00023564,58.522,7.623,6.02,11.493,10.008,6.333,58.522,7.623,6.02,11.493,10.008,6.333
15,E00023830,61.486,6.623,5.93,10.089,10.293,5.578,61.486,6.623,5.93,10.089,10.293,5.578
16,E00023586,54.078,7.565,7.13,14.415,10.399,6.413,54.078,7.565,7.13,14.415,10.399,6.413
17,E00023507,52.924,10.235,7.559,11.736,11.227,6.319,52.924,10.235,7.559,11.736,11.227,6.319
18,E00024104,53.933,9.692,9.88,10.195,10.824,5.475,53.933,9.692,9.88,10.195,10.824,5.475
19,E00024094,50.983,21.532,4.969,7.453,8.747,6.315,50.983,21.532,4.969,7.453,8.747,6.315
20,E00023936,55.722,7.014,11.79,10.439,10.123,4.911,55.722,7.014,11.79,10.439,10.123,4.911
21,E00175182,61.877,5.86,7.325,10.318,9.414,5.206,61.877,5.86,7.325,10.318,9.414,5.206
22,E00023840,57.77,6.67,6.578,13.768,10.112,5.102,57.77,6.67,6.578,13.768,10.112,5.102
23,E00175255,63.231,9.436,5.795,6.923,8.821,5.795,63.231,9.436,5.795,6.923,8.821,5.795
24,E00175277,59.295,7.893,6.197,10.698,11.742,4.175,59.295,7.893,6.197,10.698,11.742,4.175
25,E00023767,58.188,6.624,6.348,10.994,11.224,6.624,58.188,6.624,6.348,10.994,11.224,6.624
26,E00023908,64.2,6.516,5.873,9.574,6.919,6.919,64.2,6.516,5.873,9.574,6.919,6.919
27,E00023475,49.62,6.72,7.079,20.161,10.883,5.537,49.62,6.72,7.079,20.161,10.883,5.537
28,E00023634,51.602,6.604,9.069,13.356,13.061,6.309,51.602,6.604,9.069,13.356,13.061,6.309
29,E00023727,52.892,7.831,8.149,11.37,13.834,5.923,52.892,7.831,8.149,11.37,13.834,5.923
30,E00024066,54.534,5.74,8.763,11.589,13.655,5.719,54.534,5.74,8.763,11.589,13.655,5.719
31,E00023991,51.451,6.588,9.15,11.529,16.026,5.255,51.451,6.588,9.15,11.529,16.026,5.255
32,E00023910,59.538,10.542,7.53,6.426,9.438,6.526,59.538,10.542,7.53,6.426,9.438,6.526
33,E00175215,55.033,7.717,8.419,8.86,14.162,5.808,55.033,7.717,8.419,8.86,14.162,5.808
34,E00023800,57.542,8.208,6.708,12.792,8.542,6.208,57.542,8.208,6.708,12.792,8.542,6.208
35,E00023920,56.183,9.364,8.202,10.758,9.775,5.718,56.183,9.364,8.202,10.758,9.775,5.718
36,E00023831,59.94,6.858,5.75,12.627,10.156,4.669,59.94,6.858,5.75,12.627,10.156,4.669
37,E00023485,67.531,6.348,5.646,7.888,6.726,5.862,67.531,6.348,5.646,7.888,6.726,5.862
38,E00024021,68.514,9.392,5.743,4.662,5.541,6.149,68.514,9.392,5.743,4.662,5.541,6.149
39,E00023738,51.536,14.047,9.219,5.399,13.608,6.19,51.536,14.047,9.219,5.399,13.608,6.19
40,E00023912,56.217,14.238,8.356,6.484,8.021,6.684,56.217,14.238,8.356,6.484,8.021,6.684
41,E00023423,56.755,11.413,5.676,11.104,9.007,6.046,56.755,11.413,5.676,11.104,9.007,6.046
42,E00023488,60.442,7.633,6.329,8.816,11.111,5.669,60.442,7.633,6.329,8.816,11.111,5.669
43,E00023500,56.922,8.488,7.14,8.512,12.176,6.762,56.922,8.488,7.14,8.512,12.176,6.762
44,E00175275,62.378,5.945,6.384,12.719,7.505,5.068,62.378,5.945,6.384,12.719,7.505,5.068
45,E00023503,58.186,7.273,7.289,9.18,12.592,5.479,58.186,7.273,7.289,9.18,12.592,5.479
46,E00175243,51.541,18.172,7.651,7.705,8.874,6.057,51.541,18.172,7.651,7.705,8.874,6.057
47,E00175246,54.486,8.466,7.67,12.663,10.347,6.368,54.486,8.466,7.67,12.663,10.347,6.368
48,E00024095,54.781,10.778,6.321,11.183,10.292,6.645,54.781,10.778,6.321,11.183,10.292,6.645
49,E00023756,54.431,7.538,6.308,14.062,10.923,6.738,54.431,7.538,6.308,14.062,10.923,6.738
50,E00024014,61.611,5.938,6.548,9.517,10.913,5.473,61.611,5.938,6.548,9.517,10.913,5.473
51,E00023620,53.79,7.213,8.912,11.611,13.043,5.431,53.79,7.213,8.912,11.611,13.043,5.431
52,E00023520,57.805,7.902,7.841,10.323,10.479,5.649,57.805,7.902,7.841,10.323,10.479,5.649
53,E00024125,61.382,7.563,6.963,10.429,8.501,5.162,61.382,7.563,6.963,10.429,8.501,5.162
54,E00024063,54.937,8.494,10.177,7.474,11.721,7.198,54.937,8.494,10.177,7.474,11.721,7.198
55,E00024105,61.987,5.731,7.781,9.148,10.252,5.1,61.987,5.731,7.781,9.148,10.252,5.1
56,E00023932,55.076,6.835,7.274,16.768,9.682,4.365,55.076,6.835,7.274,16.768,9.682,4.365
57,E00024075,56.662,7.537,8.883,12.113,9.96,4.845,56.662,7.537,8.883,12.113,9.96,4.845
58,E00175198,50.395,7.138,9.365,11.987,15.398,5.717,50.395,7.138,9.365,11.987,15.398,5.717
59,E00023728,54.088,9.504,8.38,9.964,12.315,5.749,54.088,9.504,8.38,9.964,12.315,5.749
60,E00024114,55.737,6.355,7.513,17.78,7.784,4.83,55.737,6.355,7.513,17.78,7.784,4.83
61,E00023873,60.661,7.907,5.185,12.314,8.101,5.833,60.661,7.907,5.185,12.314,8.101,5.833
62,E00024059,57.382,7.043,7.955,10.289,11.519,5.812,57.382,7.043,7.955,10.289,11.519,5.812
63,E00024115,58.085,6.176,8.873,13.557,8.279,5.03,58.085,6.176,8.873,13.557,8.279,5.03
64,E00024030,59.379,9.356,8.258,8.687,9.212,5.107,59.379,9.356,8.258,8.687,9.212,5.107
65,E00023567,50.906,8.908,7.825,19.629,7.007,5.725,50.906,8.908,7.825,19.629,7.007,5.725
66,E00023622,52.258,6.907,10.588,8.387,15.674,6.186,52.258,6.907,10.588,8.387,15.674,6.186
67,E00023632,54.549,8.024,7.514,12.599,10.998,6.317,54.549,8.024,7.514,12.599,10.998,6.317
68,E00023858,57.115,17.619,4.259,8.664,5.421,6.922,57.115,17.619,4.259,8.664,5.421,6.922
69,E00023765,52.186,10.505,8.461,11.982,10.051,6.814,52.186,10.505,8.461,11.982,10.051,6.814
70,E00023979,54.367,14.765,5.822,8.051,11.041,5.953,54.367,14.765,5.822,8.051,11.041,5.953
71,E00175230,63.428,7.832,6.132,10.491,6.612,5.504,63.428,7.832,6.132,10.491,6.612,5.504
72,E00023591,56.028,13.707,5.053,11.456,6.603,7.154,56.028,13.707,5.053,11.456,6.603,7.154
73,E00023510,57.516,7.342,7.611,11.63,10.475,5.427,57.516,7.342,7.611,11.63,10.475,5.427
74,E00023581,53.199,10.888,7.772,15.879,6.265,5.997,53.199,10.888,7.772,15.879,6.265,5.997
75,E00023441,57.056,9.407,6.292,10.202,11.179,5.864,57.056,9.407,6.292,10.202,11.179,5.864
76,E00024071,61.087,8.656,7.482,6.171,8.82,7.783,61.087,8.656,7.482,6.171,8.82,7.783
77,E00023867,55.794,12.062,5.81,14.43,6.852,5.052,55.794,12.062,5.81,14.43,6.852,5.052
78,E00024061,54.289,8.853,9.174,9.954,10.734,6.995,54.289,8.853,9.174,9.954,10.734,6.995
79,E00024140,57.127,6.179,7.23,15.541,8.723,5.201,57.127,6.179,7.23,15.541,8.723,5.201
80,E00023726,51.103,10.811,10.003,7.518,14.787,5.778,51.103,10.811,10.003,7.518,14.787,5.778
81,E00023879,57.832,8.834,5.939,13.957,7.869,5.568,57.832,8.834,5.939,13.957,7.869,5.568
82,E00023529,61.675,7.385,5.528,9.046,10.752,5.615,61.675,7.385,5.528,9.046,10.752,5.615
83,E00023443,59.265,11.342,4.633,12.3,5.911,6.55,59.265,11.342,4.633,12.3,5.911,6.55
84,E00023458,57.24,8.476,5.895,10.595,10.622,7.172,57.24,8.476,5.895,10.595,10.622,7.172
85,E00024138,50.25,6.242,11.028,13.064,14.797,4.62,50.25,6.242,11.028,13.064,14.797,4.62
86,E00023922,16.595,6.793,26.311,5.675,39.467,5.159,16.595,6.793,26.311,5.675,39.467,5.159
87,E00023541,64.857,7.215,6.248,10.524,6.136,5.02,64.857,7.215,6.248,10.524,6.136,5.02
88,E00024126,57.876,9.552,6.812,11.272,9.348,5.14,57.876,9.552,6.812,11.272,9.348,5.14
89,E00023993,54.234,7.648,8.285,10.258,13.687,5.888,54.234,7.648,8.285,10.258,13.687,5.888
90,E00023460,47.633,17.234,7.766,13.248,7.849,6.271,47.633,17.234,7.766,13.248,7.849,6.271
91,E00023806,62.601,8.78,5.161,8.914,8.11,6.434,62.601,8.78,5.161,8.914,8.11,6.434
92,E00023438,56.923,15.934,5.275,7.033,7.692,7.143,56.923,15.934,5.275,7.033,7.692,7.143
93,E00023795,59.929,6.636,6.177,12.404,8.627,6.228,59.929,6.636,6.177,12.404,8.627,6.228
94,E00023861,56.07,10.311,6.031,13.307,8.366,5.914,56.07,10.311,6.031,13.307,8.366,5.914
95,E00023570,55.944,8.529,7.061,14.806,8.59,5.069,55.944,8.529,7.061,14.806,8.59,5.069
96,E00024013,61.234,6.22,6.246,10.614,10.21,5.477,61.234,6.22,6.246,10.614,10.21,5.477
97,E00024092,56.054,6.761,7.038,14.104,10.335,5.708,56.054,6.761,7.038,14.104,10.335,5.708
98,E00175235,57.425,7.639,6.143,14.209,8.761,5.823,57.425,7.639,6.143,14.209,8.761,5.823
99,E00023845,57.458,6.453,6.259,16.777,8.53,4.523,57.458,6.453,6.259,16.777,8.53,4.523
100,E00023864,55.539,10.702,5.37,13.556,8.975,5.858,55.539,10.702,5.37,13.556,8.975,5.858
101,E00023989,55.21,7.438,8.945,10.845,11.697,5.865,55.21,7.438,8.945,10.845,11.697,5.865
102,E00023536,51.046,10.01,8.068,15.787,8.715,6.375,51.046,10.01,8.068,15.787,8.715,6.375
103,E00023664,53.124,8.757,6.437,12.414,13.187,6.082,53.124,8.757,6.437,12.414,13.187,6.082
104,E00023433,54.559,22.036,5.319,4.255,7.143,6.687,54.559,22.036,5.319,4.255,7.143,6.687
105,E00175181,64.727,6.605,6.426,8.818,8.033,5.391,64.727,6.605,6.426,8.818,8.033,5.391
106,E00024113,58.517,5.757,9.815,12.729,8.126,5.057,58.517,5.757,9.815,12.729,8.126,5.057
107,E00023672,56.192,8.204,10.449,7.585,8.901,8.669,56.192,8.204,10.449,7.585,8.901,8.669
108,E00023759,56.036,6.794,8.647,11.117,12.072,5.334,56.036,6.794,8.647,11.117,12.072,5.334
109,E00023881,55.721,8.645,5.572,14.102,10.135,5.824,55.721,8.645,5.572,14.102,10.135,5.824
110,E00024096,56.154,6.921,8.179,11.797,11.247,5.702,56.154,6.921,8.179,11.797,11.247,5.702
111,E00024017,57.243,8.814,7.014,12.992,8.173,5.764,57.243,8.814,7.014,12.992,8.173,5.764
112,E00023694,52.039,11.714,8.617,8.464,13.339,5.826,52.039,11.714,8.617,8.464,13.339,5.826
113,E00023884,61.106,9.851,7.912,8.484,7.277,5.37,61.106,9.851,7.912,8.484,7.277,5.37
114,E00023805,60.742,6.423,5.537,12.625,8.472,6.202,60.742,6.423,5.537,12.625,8.472,6.202
115,E00023615,49.645,14.387,6.636,13.121,10.284,5.927,49.645,14.387,6.636,13.121,10.284,5.927
116,E00024008,61.496,10.808,5.796,7.435,8.646,5.819,61.496,10.808,5.796,7.435,8.646,5.819
117,E00024089,56.275,9.313,6.263,11.963,9.805,6.38,56.275,9.313,6.263,11.963,9.805,6.38
118,E00023625,52.088,7.2,8.405,12.714,13.41,6.183,52.088,7.2,8.405,12.714,13.41,6.183
119,E00023502,57.392,7.898,6.86,9.809,11.912,6.129,57.392,7.898,6.86,9.809,11.912,6.129
120,E00023505,57.569,8.396,6.726,10.206,10.948,6.154,57.569,8.396,6.726,10.206,10.948,6.154
121,E00024024,54.483,9.893,9.308,10.088,10.77,5.458,54.483,9.893,9.308,10.088,10.77,5.458
122,E00023954,60.555,10.934,5.676,8.187,8.841,5.807,60.555,10.934,5.676,8.187,8.841,5.807
123,E00175206,53.641,7.668,8.753,12.8,11.309,5.829,53.641,7.668,8.753,12.8,11.309,5.829
124,E00023833,62.532,6.5,5.643,11.658,9.226,4.44,62.532,6.5,5.643,11.658,9.226,4.44
125,E00023801,56.844,8.661,7.068,12.494,8.313,6.62,56.844,8.661,7.068,12.494,8.313,6.62
126,E00023880,58.464,14.136,4.421,10.355,6.341,6.283,58.464,14.136,4.421,10.355,6.341,6.283
127,E00023719,56.006,9.571,7.496,10.244,10.821,5.862,56.006,9.571,7.496,10.244,10.821,5.862
128,E00023798,61.026,5.795,5.692,13.333,8.0,6.154,61.026,5.795,5.692,13.333,8.0,6.154
129,E00023492,62.732,6.983,5.784,6.542,11.348,6.611,62.732,6.983,5.784,6.542,11.348,6.611
130,E00175184,56.981,8.584,7.482,10.237,11.317,5.399,56.981,8.584,7.482,10.237,11.317,5.399
131,E00024020,58.075,8.311,7.996,10.521,9.416,5.681,58.075,8.311,7.996,10.521,9.416,5.681
132,E00023717,56.671,9.181,9.453,5.427,13.297,5.97,56.671,9.181,9.453,5.427,13.297,5.97
133,E00175207,59.124,7.39,6.596,11.399,9.386,6.105,59.124,7.39,6.596,11.399,9.386,6.105
134,E00023741,54.192,11.204,7.548,6.634,13.816,6.607,54.192,11.204,7.548,6.634,13.816,6.607
135,E00023796,59.284,7.271,6.04,11.13,10.067,6.208,59.284,7.271,6.04,11.13,10.067,6.208
136,E00023588,55.431,14.406,4.896,11.705,6.528,7.034,55.431,14.406,4.896,11.705,6.528,7.034
137,E00023473,53.67,7.61,5.857,14.921,11.344,6.598,53.67,7.61,5.857,14.921,11.344,6.598
138,E00023814,64.71,7.654,5.819,9.526,7.214,5.077,64.71,7.654,5.819,9.526,7.214,5.077
139,E00023641,51.476,8.234,12.066,7.302,13.879,7.043,51.476,8.234,12.066,7.302,13.879,7.043
140,E00175240,60.44,6.556,6.301,9.834,11.423,5.445,60.44,6.556,6.301,9.834,11.423,5.445
141,E00023587,53.759,17.508,5.098,9.835,7.003,6.797,53.759,17.508,5.098,9.835,7.003,6.797
142,E00023895,57.965,5.95,8.829,10.173,11.708,5.374,57.965,5.95,8.829,10.173,11.708,5.374
143,E00175203,57.356,7.622,8.828,7.332,12.928,5.933,57.356,7.622,8.828,7.332,12.928,5.933
144,E00023950,59.626,8.997,5.982,10.126,9.61,5.659,59.626,8.997,5.982,10.126,9.61,5.659
145,E00023779,62.074,8.868,4.911,10.027,8.254,5.866,62.074,8.868,4.911,10.027,8.254,5.866
146,E00023721,53.982,7.945,6.737,12.691,12.46,6.186,53.982,7.945,6.737,12.691,12.46,6.186
147,E00024011,57.45,8.739,6.848,9.885,11.175,5.903,57.45,8.739,6.848,9.885,11.175,5.903
148,E00023643,61.435,6.88,6.545,11.9,7.958,5.281,61.435,6.88,6.545,11.9,7.958,5.281
149,E00024012,59.538,6.605,6.783,12.944,8.679,5.45,59.538,6.605,6.783,12.944,8.679,5.45
150,E00023701,48.882,7.382,10.13,11.579,16.052,5.976,48.882,7.382,10.13,11.579,16.052,5.976
151,E00023780,58.891,10.942,5.699,10.144,7.941,6.383,58.891,10.942,5.699,10.144,7.941,6.383
152,E00023427,55.523,14.9,6.301,8.154,8.673,6.449,55.523,14.9,6.301,8.154,8.673,6.449
153,E00023483,56.917,9.197,6.898,11.119,9.913,5.956,56.917,9.197,6.898,11.119,9.913,5.956
154,E00023772,55.451,4.87,8.467,14.61,10.957,5.645,55.451,4.87,8.467,14.61,10.957,5.645
155,E00023578,59.038,9.873,6.083,9.25,9.923,5.834,59.038,9.873,6.083,9.25,9.923,5.834
156,E00024029,49.47,12.715,11.987,10.728,9.603,5.497,49.47,12.715,11.987,10.728,9.603,5.497
157,E00023546,67.072,7.407,6.25,8.449,5.787,5.035,67.072,7.407,6.25,8.449,5.787,5.035
158,E00024097,52.441,17.044,6.277,11.247,7.236,5.754,52.441,17.044,6.277,11.247,7.236,5.754
159,E00024016,55.216,9.088,8.397,12.759,9.051,5.489,55.216,9.088,8.397,12.759,9.051,5.489
160,E00175224,57.052,12.678,5.679,7.184,11.727,5.679,57.052,12.678,5.679,7.184,11.727,5.679
161,E00024005,60.956,8.008,6.242,9.737,9.737,5.32,60.956,8.008,6.242,9.737,9.737,5.32
162,E00024031,58.017,8.491,6.596,12.646,9.001,5.248,58.017,8.491,6.596,12.646,9.001,5.248
163,E00024084,51.438,6.111,7.026,21.242,8.203,5.98,51.438,6.111,7.026,21.242,8.203,5.98
164,E00023599,55.967,9.484,6.045,13.705,8.416,6.384,55.967,9.484,6.045,13.705,8.416,6.384
165,E00023540,52.343,13.384,6.187,10.475,11.73,5.881,52.343,13.384,6.187,10.475,11.73,5.881
166,E00023418,65.439,6.605,5.273,9.325,7.808,5.55,65.439,6.605,5.273,9.325,7.808,5.55
167,E00175204,55.335,10.112,9.553,9.502,8.13,7.368,55.335,10.112,9.553,9.502,8.13,7.368
168,E00023872,57.322,7.443,5.8,13.388,10.681,5.365,57.322,7.443,5.8,13.388,10.681,5.365
169,E00023413,58.262,13.576,4.888,6.905,9.387,6.982,58.262,13.576,4.888,6.905,9.387,6.982
170,E00023974,52.845,10.251,10.456,10.764,9.841,5.843,52.845,10.251,10.456,10.764,9.841,5.843
171,E00023593,54.648,11.619,5.664,13.943,6.681,7.444,54.648,11.619,5.664,13.943,6.681,7.444
172,E00175231,57.482,8.076,9.501,8.314,10.808,5.819,57.482,8.076,9.501,8.314,10.808,5.819
173,E00023512,59.152,9.65,5.465,9.849,9.678,6.206,59.152,9.65,5.465,9.849,9.678,6.206
174,E00023430,66.06,7.041,6.013,5.617,8.386,6.883,66.06,7.041,6.013,5.617,8.386,6.883
175,E00175223,61.817,9.009,6.513,10.608,6.474,5.577,61.817,9.009,6.513,10.608,6.474,5.577
176,E00023580,73.438,6.309,4.606,5.615,5.237,4.795,73.438,6.309,4.606,5.615,5.237,4.795
177,E00024023,61.189,7.992,5.984,9.918,8.689,6.23,61.189,7.992,5.984,9.918,8.689,6.23
178,E00024110,58.372,5.312,6.908,16.596,8.268,4.543,58.372,5.312,6.908,16.596,8.268,4.543
179,E00023501,56.6,10.371,7.449,8.508,10.316,6.756,56.6,10.371,7.449,8.508,10.316,6.756
180,E00023459,57.849,9.352,6.48,7.816,12.358,6.146,57.849,9.352,6.48,7.816,12.358,6.146
181,E00175208,51.722,17.613,10.82,5.58,8.734,5.531,51.722,17.613,10.82,5.58,8.734,5.531
182,E00023600,60.692,9.137,5.599,9.37,8.476,6.726,60.692,9.137,5.599,9.37,8.476,6.726
183,E00023509,55.622,8.574,7.794,10.398,11.758,5.854,55.622,8.574,7.794,10.398,11.758,5.854
184,E00023681,51.965,6.107,7.112,16.981,12.062,5.772,51.965,6.107,7.112,16.981,12.062,5.772
185,E00023471,49.125,7.613,7.721,19.809,10.175,5.557,49.125,7.613,7.721,19.809,10.175,5.557
186,E00024128,58.365,6.645,6.623,13.491,10.185,4.691,58.365,6.645,6.623,13.491,10.185,4.691
187,E00023624,54.537,6.99,8.022,12.325,11.799,6.328,54.537,6.99,8.022,12.325,11.799,6.328
188,E00023964,54.43,8.803,8.633,10.671,11.86,5.604,54.43,8.803,8.633,10.671,11.86,5.604
189,E00024085,49.518,11.887,7.217,15.785,9.842,5.751,49.518,11.887,7.217,15.785,9.842,5.751
190,E00024004,63.714,7.576,6.148,6.458,10.433,5.672,63.714,7.576,6.148,6.458,10.433,5.672
191,E00175270,50.729,7.26,7.736,21.366,7.383,5.526,50.729,7.26,7.736,21.366,7.383,5.526
192,E00023481,50.622,6.2,7.75,18.886,11.422,5.119,50.622,6.2,7.75,18.886,11.422,5.119
193,E00023565,54.251,8.652,6.74,14.713,9.432,6.212,54.251,8.652,6.74,14.713,9.432,6.212
194,E00024135,52.676,6.542,7.023,20.492,8.483,4.784,52.676,6.542,7.023,20.492,8.483,4.784
195,E00024047,57.672,8.025,7.202,9.759,10.259,7.084,57.672,8.025,7.202,9.759,10.259,7.084
196,E00023412,66.185,10.259,4.034,7.072,6.175,6.275,66.185,10.259,4.034,7.072,6.175,6.275
197,E00023662,57.088,7.91,6.611,12.572,10.011,5.808,57.088,7.91,6.611,12.572,10.011,5.808
198,E00023734,51.34,9.328,10.581,9.676,13.331,5.743,51.34,9.328,10.581,9.676,13.331,5.743
199,E00023826,72.114,6.006,3.999,6.756,6.859,4.264,72.114,6.006,3.999,6.756,6.859,4.264
200,E00023975,54.392,11.786,8.199,8.053,11.786,5.783,54.392,11.786,8.199,8.053,11.786,5.783
201,E00023859,55.693,17.701,4.371,10.146,5.613,6.476,55.693,17.701,4.371,10.146,5.613,6.476
202,E00175265,56.661,15.125,7.68,6.113,8.307,6.113,56.661,15.125,7.68,6.113,8.307,6.113
203,E00023948,60.37,8.052,6.047,10.685,9.665,5.181,60.37,8.052,6.047,10.685,9.665,5.181
204,E00023744,53.801,7.709,8.405,11.991,12.045,6.049,53.801,7.709,8.405,11.991,12.045,6.049
205,E00023518,56.075,9.954,7.386,10.822,9.812,5.951,56.075,9.954,7.386,10.822,9.812,5.951
206,E00023666,51.785,7.903,7.671,15.989,10.576,6.077,51.785,7.903,7.671,15.989,10.576,6.077
207,E00023825,69.011,7.366,4.841,6.686,7.615,4.481,69.011,7.366,4.841,6.686,7.615,4.481
208,E00023521,59.026,6.553,7.216,11.363,10.443,5.399,59.026,6.553,7.216,11.363,10.443,5.399
209,E00024076,54.947,13.235,6.684,12.166,7.353,5.615,54.947,13.235,6.684,12.166,7.353,5.615
210,E00023426,55.681,14.501,5.085,8.537,10.107,6.089,55.681,14.501,5.085,8.537,10.107,6.089
211,E00023753,55.159,7.996,8.644,11.723,10.319,6.159,55.159,7.996,8.644,11.723,10.319,6.159
212,E00024103,52.471,16.509,6.362,11.146,8.254,5.258,52.471,16.509,6.362,11.146,8.254,5.258
213,E00023973,53.551,10.909,8.576,11.492,9.708,5.763,53.551,10.909,8.576,11.492,9.708,5.763
214,E00023699,51.195,9.442,8.367,12.869,12.55,5.578,51.195,9.442,8.367,12.869,12.55,5.578
215,E00023618,56.634,7.453,7.849,11.269,11.233,5.563,56.634,7.453,7.849,11.269,11.233,5.563
216,E00024137,55.099,6.724,7.164,16.629,9.082,5.302,55.099,6.724,7.164,16.629,9.082,5.302
217,E00024100,51.398,11.461,6.223,13.706,10.673,6.538,51.398,11.461,6.223,13.706,10.673,6.538
218,E00023469,55.727,6.934,5.727,13.932,11.325,6.356,55.727,6.934,5.727,13.932,11.325,6.356
219,E00023802,60.949,10.219,5.214,9.698,6.934,6.986,60.949,10.219,5.214,9.698,6.934,6.986
220,E00023883,70.549,6.4,4.909,6.545,6.064,5.534,70.549,6.4,4.909,6.545,6.064,5.534
221,E00023499,55.36,8.413,7.137,10.609,11.864,6.616,55.36,8.413,7.137,10.609,11.864,6.616
222,E00023530,51.961,12.296,7.435,12.623,8.701,6.985,51.961,12.296,7.435,12.623,8.701,6.985
223,E00024077,56.23,6.744,6.431,16.615,7.593,6.387,56.23,6.744,6.431,16.615,7.593,6.387
224,E00023579,52.16,7.463,8.241,16.118,9.283,6.735,52.16,7.463,8.241,16.118,9.283,6.735
225,E00024068,58.685,7.545,10.094,5.667,11.335,6.673,58.685,7.545,10.094,5.667,11.335,6.673
226,E00023838,57.573,6.414,6.737,13.674,10.642,4.96,57.573,6.414,6.737,13.674,10.642,4.96
227,E00023882,64.426,6.493,7.316,7.407,8.916,5.441,64.426,6.493,7.316,7.407,8.916,5.441
228,E00023803,66.734,6.613,4.318,9.109,7.625,5.601,66.734,6.613,4.318,9.109,7.625,5.601
229,E00023764,55.66,7.5,6.458,13.785,10.486,6.111,55.66,7.5,6.458,13.785,10.486,6.111
230,E00175259,53.567,9.155,7.835,11.299,11.299,6.845,53.567,9.155,7.835,11.299,11.299,6.845
231,E00023769,57.745,6.113,6.706,10.682,12.404,6.35,57.745,6.113,6.706,10.682,12.404,6.35
232,E00175237,56.665,9.735,6.056,12.749,7.854,6.941,56.665,9.735,6.056,12.749,7.854,6.941
233,E00023930,62.481,8.252,7.586,9.021,8.086,4.575,62.481,8.252,7.586,9.021,8.086,4.575
234,E00023931,57.115,6.009,8.889,12.561,10.739,4.688,57.115,6.009,8.889,12.561,10.739,4.688
235,E00023576,53.061,7.823,7.908,16.514,8.35,6.344,53.061,7.823,7.908,16.514,8.35,6.344
236,E00023827,72.942,5.519,3.617,5.972,7.638,4.311,72.942,5.519,3.617,5.972,7.638,4.311
237,E00175188,53.093,9.224,6.824,13.086,11.399,6.374,53.093,9.224,6.824,13.086,11.399,6.374
238,E00023874,56.059,6.502,5.32,16.65,8.374,7.094,56.059,6.502,5.32,16.65,8.374,7.094
239,E00023506,57.906,8.369,7.282,9.661,10.865,5.917,57.906,8.369,7.282,9.661,10.865,5.917
240,E00023839,56.122,6.694,6.715,15.503,9.912,5.054,56.122,6.694,6.715,15.503,9.912,5.054
241,E00024118,59.483,6.777,7.745,9.348,10.538,6.11,59.483,6.777,7.745,9.348,10.538,6.11
242,E00023639,54.914,6.468,7.578,14.775,10.938,5.327,54.914,6.468,7.578,14.775,10.938,5.327
243,E00023655,67.336,6.298,6.144,6.36,8.274,5.588,67.336,6.298,6.144,6.36,8.274,5.588
244,E00023448,58.933,14.267,4.8,5.667,9.6,6.733,58.933,14.267,4.8,5.667,9.6,6.733
245,E00023995,52.777,9.242,7.721,11.569,12.929,5.762,52.777,9.242,7.721,11.569,12.929,5.762
246,E00023914,57.033,6.683,6.578,12.631,10.357,6.718,57.033,6.683,6.578,12.631,10.357,6.718
247,E00023551,48.99,15.152,6.734,11.785,11.322,6.019,48.99,15.152,6.734,11.785,11.322,6.019
248,E00023945,54.716,8.514,12.087,8.616,10.739,5.329,54.716,8.514,12.087,8.616,10.739,5.329
249,E00023545,56.985,11.504,6.931,8.753,8.432,7.395,56.985,11.504,6.931,8.753,8.432,7.395
250,E00023821,71.547,5.678,4.456,6.648,7.285,4.385,71.547,5.678,4.456,6.648,7.285,4.385
251,E00023863,59.875,9.611,6.391,9.226,9.082,5.815,59.875,9.611,6.391,9.226,9.082,5.815
252,E00023956,57.864,8.542,7.046,13.094,8.995,4.458,57.864,8.542,7.046,13.094,8.995,4.458
253,E00024072,57.666,7.511,6.952,10.863,10.18,6.828,57.666,7.511,6.952,10.863,10.18,6.828
254,E00023969,54.527,10.882,7.27,8.96,12.827,5.534,54.527,10.882,7.27,8.96,12.827,5.534
255,E00023476,53.33,6.684,7.432,13.827,12.838,5.888,53.33,6.684,7.432,13.827,12.838,5.888
256,E00023663,57.49,7.739,5.887,14.29,8.071,6.523,57.49,7.739,5.887,14.29,8.071,6.523
257,E00023572,53.204,7.211,7.293,17.591,8.713,5.987,53.204,7.211,7.293,17.591,8.713,5.987
258,E00024129,63.455,6.652,5.64,11.674,7.827,4.752,63.455,6.652,5.64,11.674,7.827,4.752
259,E00023479,49.581,8.501,8.229,15.121,12.65,5.917,49.581,8.501,8.229,15.121,12.65,5.917
260,E00023815,60.163,8.043,6.536,9.318,10.667,5.273,60.163,8.043,6.536,9.318,10.667,5.273
261,E00023611,51.159,6.671,8.199,15.643,11.886,6.443,51.159,6.671,8.199,15.643,11.886,6.443
262,E00023690,61.928,8.401,5.654,9.639,7.754,6.624,61.928,8.401,5.654,9.639,7.754,6.624
263,E00023894,57.533,8.2,5.792,12.073,10.901,5.5,57.533,8.2,5.792,12.073,10.901,5.5
264,E00023921,55.24,8.479,8.982,10.869,10.681,5.749,55.24,8.479,8.982,10.869,10.681,5.749
265,E00024090,51.089,21.848,5.347,7.195,8.383,6.139,51.089,21.848,5.347,7.195,8.383,6.139
266,E00024093,55.722,9.349,6.245,11.107,10.583,6.993,55.722,9.349,6.245,11.107,10.583,6.993
267,E00023493,58.048,7.441,7.209,9.616,10.786,6.9,58.048,7.441,7.209,9.616,10.786,6.9
268,E00024001,59.109,7.803,7.569,8.205,11.487,5.827,59.109,7.803,7.569,8.205,11.487,5.827
269,E00023990,51.708,7.107,9.256,13.361,12.893,5.675,51.708,7.107,9.256,13.361,12.893,5.675
270,E00175251,52.787,11.812,9.522,10.219,10.119,5.541,52.787,11.812,9.522,10.219,10.119,5.541
271,E00023971,57.432,8.825,7.951,11.257,8.88,5.656,57.432,8.825,7.951,11.257,8.88,5.656
272,E00175229,61.162,7.489,6.634,8.941,9.823,5.951,61.162,7.489,6.634,8.941,9.823,5.951
273,E00023911,55.39,7.913,8.125,12.321,9.187,7.063,55.39,7.913,8.125,12.321,9.187,7.063
274,E00023737,51.361,6.914,9.733,10.389,15.589,6.015,51.361,6.914,9.733,10.389,15.589,6.015
275,E00175276,57.385,8.248,5.957,11.949,10.116,6.345,57.385,8.248,5.957,11.949,10.116,6.345
276,E00023644,53.568,8.133,7.9,10.788,13.145,6.465,53.568,8.133,7.9,10.788,13.145,6.465
277,E00023866,60.246,7.77,6.572,11.039,8.741,5.633,60.246,7.77,6.572,11.039,8.741,5.633
278,E00023981,55.466,7.143,10.058,7.799,14.213,5.321,55.466,7.143,10.058,7.799,14.213,5.321
279,E00175218,56.82,6.664,8.151,12.484,9.693,6.187,56.82,6.664,8.151,12.484,9.693,6.187
280,E00175260,66.043,13.613,3.59,7.629,3.366,5.759,66.043,13.613,3.59,7.629,3.366,5.759
281,E00023917,59.919,10.833,8.057,7.921,6.635,6.635,59.919,10.833,8.057,7.921,6.635,6.635
282,E00023523,59.027,7.906,6.588,10.569,10.107,5.803,59.027,7.906,6.588,10.569,10.107,5.803
283,E00175253,60.577,7.519,6.489,8.891,10.806,5.718,60.577,7.519,6.489,8.891,10.806,5.718
284,E00023766,54.048,12.582,8.862,5.908,12.144,6.455,54.048,12.582,8.862,5.908,12.144,6.455
285,E00023675,56.287,16.277,8.431,5.994,7.7,5.312,56.287,16.277,8.431,5.994,7.7,5.312
286,E00024019,63.023,9.345,5.336,5.769,10.528,5.999,63.023,9.345,5.336,5.769,10.528,5.999
287,E00175183,56.456,8.491,7.342,12.775,8.783,6.154,56.456,8.491,7.342,12.775,8.783,6.154
288,E00023550,54.493,19.931,5.876,4.954,9.217,5.53,54.493,19.931,5.876,4.954,9.217,5.53
289,E00023679,53.249,19.651,9.297,4.596,8.505,4.702,53.249,19.651,9.297,4.596,8.505,4.702
290,E00023790,55.812,11.832,6.702,6.283,12.565,6.806,55.812,11.832,6.702,6.283,12.565,6.806
291,E00023711,52.076,7.932,7.164,13.497,13.331,6.001,52.076,7.932,7.164,13.497,13.331,6.001
292,E00023574,51.742,7.823,7.339,19.186,8.135,5.774,51.742,7.823,7.339,19.186,8.135,5.774
293,E00023552,54.284,11.306,6.819,10.991,10.812,5.787,54.284,11.306,6.819,10.991,10.812,5.787
294,E00024122,61.848,9.713,5.692,9.765,8.064,4.919,61.848,9.713,5.692,9.765,8.064,4.919
295,E00023562,46.306,8.516,9.943,22.589,7.154,5.493,46.306,8.516,9.943,22.589,7.154,5.493
296,E00023771,51.213,5.877,8.396,15.112,14.086,5.317,51.213,5.877,8.396,15.112,14.086,5.317
297,E00023724,51.417,8.024,7.944,12.335,14.511,5.768,51.417,8.024,7.944,12.335,14.511,5.768
298,E00023941,61.507,7.592,6.854,9.749,9.129,5.17,61.507,7.592,6.854,9.749,9.129,5.17
299,E00023482,49.46,7.691,8.051,15.173,14.094,5.531,49.46,7.691,8.051,15.173,14.094,5.531
300,E00023428,71.41,5.998,4.904,6.961,5.56,5.166,71.41,5.998,4.904,6.961,5.56,5.166
301,E00023758,58.375,7.872,9.887,8.375,9.95,5.542,58.375,7.872,9.887,8.375,9.95,5.542
302,E00024078,47.736,15.975,7.17,10.943,10.881,7.296,47.736,15.975,7.17,10.943,10.881,7.296
303,E00023782,62.618,8.096,5.082,8.958,8.183,7.063,62.618,8.096,5.082,8.958,8.183,7.063
304,E00023959,49.352,5.538,10.34,15.51,14.529,4.732,49.352,5.538,10.34,15.51,14.529,4.732
305,E00023703,48.473,6.914,10.255,12.253,16.324,5.781,48.473,6.914,10.255,12.253,16.324,5.781
306,E00023773,55.56,6.434,6.062,12.57,12.57,6.806,55.56,6.434,6.062,12.57,12.57,6.806
307,E00175271,49.694,10.035,7.506,20.894,6.841,5.031,49.694,10.035,7.506,20.894,6.841,5.031
308,E00175200,58.289,7.061,5.679,12.529,10.457,5.986,58.289,7.061,5.679,12.529,10.457,5.986
309,E00175239,61.04,6.464,6.313,9.661,11.006,5.517,61.04,6.464,6.313,9.661,11.006,5.517
310,E00023698,50.601,6.485,9.997,10.937,15.912,6.069,50.601,6.485,9.997,10.937,15.912,6.069
311,E00175226,58.693,9.162,10.944,6.879,8.412,5.91,58.693,9.162,10.944,6.879,8.412,5.91
312,E00023942,59.639,6.799,7.694,11.377,9.535,4.957,59.639,6.799,7.694,11.377,9.535,4.957
313,E00023949,59.426,9.343,5.81,9.607,10.201,5.612,59.426,9.343,5.81,9.607,10.201,5.612
314,E00023977,54.497,6.61,12.99,6.995,12.836,6.072,54.497,6.61,12.99,6.995,12.836,6.072
315,E00023725,54.279,8.799,8.799,10.004,12.455,5.665,54.279,8.799,8.799,10.004,12.455,5.665
316,E00023739,54.0,10.746,8.136,7.39,13.695,6.034,54.0,10.746,8.136,7.39,13.695,6.034
317,E00023918,56.829,6.194,6.658,12.821,10.746,6.751,56.829,6.194,6.658,12.821,10.746,6.751
318,E00023451,46.943,15.965,7.88,13.383,9.918,5.91,46.943,15.965,7.88,13.383,9.918,5.91
319,E00023556,53.293,22.561,6.098,5.244,6.951,5.854,53.293,22.561,6.098,5.244,6.951,5.854
320,E00023999,53.692,10.478,7.845,9.202,13.056,5.727,53.692,10.478,7.845,9.202,13.056,5.727
321,E00023953,59.176,9.893,5.713,9.156,10.569,5.494,59.176,9.893,5.713,9.156,10.569,5.494
322,E00023619,58.792,7.512,7.349,10.506,10.316,5.525,58.792,7.512,7.349,10.506,10.316,5.525
323,E00023925,58.526,13.971,5.941,8.471,7.041,6.051,58.526,13.971,5.941,8.471,7.041,6.051
324,E00175191,57.002,6.354,6.886,15.521,9.532,4.705,57.002,6.354,6.886,15.521,9.532,4.705
325,E00023794,56.675,7.139,6.161,13.741,10.073,6.21,56.675,7.139,6.161,13.741,10.073,6.21
326,E00023627,54.725,8.537,7.257,11.227,11.733,6.521,54.725,8.537,7.257,11.227,11.733,6.521
327,E00024080,56.265,10.226,6.817,11.954,8.593,6.145,56.265,10.226,6.817,11.954,8.593,6.145
328,E00024038,58.615,8.578,7.222,8.43,8.923,8.233,58.615,8.578,7.222,8.43,8.923,8.233
329,E00175264,53.133,10.183,8.747,9.138,12.206,6.593,53.133,10.183,8.747,9.138,12.206,6.593
330,E00024067,59.338,9.752,7.161,7.413,8.528,7.809,59.338,9.752,7.161,7.413,8.528,7.809
331,E00024088,53.219,15.342,5.207,10.294,8.466,7.472,53.219,15.342,5.207,10.294,8.466,7.472
332,E00024009,64.076,10.396,5.301,6.125,8.595,5.507,64.076,10.396,5.301,6.125,8.595,5.507
333,E00023886,59.106,7.692,5.034,12.387,9.926,5.854,59.106,7.692,5.034,12.387,9.926,5.854
334,E00023807,64.611,7.322,4.496,11.304,6.615,5.652,64.611,7.322,4.496,11.304,6.615,5.652
335,E00023569,50.862,8.108,7.577,21.254,6.63,5.569,50.862,8.108,7.577,21.254,6.63,5.569
336,E00023533,63.136,7.139,6.846,10.591,6.963,5.325,63.136,7.139,6.846,10.591,6.963,5.325
337,E00023602,58.928,11.393,5.266,10.675,7.324,6.415,58.928,11.393,5.266,10.675,7.324,6.415
338,E00023791,49.69,11.742,7.3,12.741,11.811,6.715,49.69,11.742,7.3,12.741,11.811,6.715
339,E00023710,51.644,8.706,6.416,15.416,11.607,6.212,51.644,8.706,6.416,15.416,11.607,6.212
340,E00175193,57.283,6.758,7.496,13.263,10.472,4.728,57.283,6.758,7.496,13.263,10.472,4.728
341,E00023696,52.657,9.716,8.545,10.475,12.947,5.66,52.657,9.716,8.545,10.475,12.947,5.66
342,E00023617,52.669,8.882,7.846,12.227,12.227,6.148,52.669,8.882,7.846,12.227,12.227,6.148
343,E00023770,57.436,5.916,8.053,12.243,10.929,5.423,57.436,5.916,8.053,12.243,10.929,5.423
344,E00023649,56.094,8.743,8.262,8.743,12.709,5.449,56.094,8.743,8.262,8.743,12.709,5.449
345,E00023836,58.855,6.01,6.386,12.202,11.005,5.542,58.855,6.01,6.386,12.202,11.005,5.542
346,E00023777,60.817,11.872,4.786,9.479,6.194,6.851,60.817,11.872,4.786,9.479,6.194,6.851
347,E00023776,61.627,6.286,5.476,12.919,7.212,6.479,61.627,6.286,5.476,12.919,7.212,6.479
348,E00023647,51.905,9.295,9.204,9.368,14.398,5.832,51.905,9.295,9.204,9.368,14.398,5.832
349,E00023784,59.067,9.567,4.95,12.042,7.758,6.616,59.067,9.567,4.95,12.042,7.758,6.616
350,E00023705,68.608,7.154,6.008,6.329,6.604,5.297,68.608,7.154,6.008,6.329,6.604,5.297
351,E00023437,58.389,14.265,4.804,5.913,8.869,7.761,58.389,14.265,4.804,5.913,8.869,7.761
352,E00023849,54.11,8.552,5.751,16.14,8.672,6.775,54.11,8.552,5.751,16.14,8.672,6.775
353,E00023761,56.749,9.579,8.563,4.064,14.949,6.096,56.749,9.579,8.563,4.064,14.949,6.096
354,E00023934,54.796,6.808,9.251,14.067,10.362,4.716,54.796,6.808,9.251,14.067,10.362,4.716
355,E00023535,54.185,10.025,8.17,10.276,9.975,7.368,54.185,10.025,8.17,10.276,9.975,7.368
356,E00023875,56.25,8.871,5.595,11.794,10.685,6.804,56.25,8.871,5.595,11.794,10.685,6.804
357,E00023543,52.249,13.273,6.277,11.056,10.681,6.465,52.249,13.273,6.277,11.056,10.681,6.465
358,E00023860,60.087,9.135,6.471,10.44,8.265,5.601,60.087,9.135,6.471,10.44,8.265,5.601
359,E00023542,55.559,14.204,5.716,8.145,10.86,5.516,55.559,14.204,5.716,8.145,10.86,5.516
360,E00023678,54.427,10.918,10.429,8.148,8.854,7.224,54.427,10.918,10.429,8.148,8.854,7.224
361,E00175211,58.017,8.861,6.118,9.705,10.918,6.382,58.017,8.861,6.118,9.705,10.918,6.382
362,E00023674,52.534,5.366,6.571,19.165,10.826,5.538,52.534,5.366,6.571,19.165,10.826,5.538
363,E00024117,60.0,7.416,7.258,9.618,9.124,6.584,60.0,7.416,7.258,9.618,9.124,6.584
364,E00024040,59.118,9.769,6.483,8.703,7.904,8.022,59.118,9.769,6.483,8.703,7.904,8.022
365,E00023939,56.724,5.811,11.395,12.928,8.463,4.678,56.724,5.811,11.395,12.928,8.463,4.678
366,E00175250,50.752,10.324,10.206,9.375,13.528,5.815,50.752,10.324,10.206,9.375,13.528,5.815
367,E00023676,57.081,14.47,8.805,6.034,7.451,6.158,57.081,14.47,8.805,6.034,7.451,6.158
368,E00023730,53.068,7.608,8.931,9.326,15.38,5.686,53.068,7.608,8.931,9.326,15.38,5.686
369,E00023487,57.873,7.818,6.245,10.76,10.917,6.387,57.873,7.818,6.245,10.76,10.917,6.387
370,E00024058,58.456,6.79,7.453,9.679,12.127,5.495,58.456,6.79,7.453,9.679,12.127,5.495
371,E00023968,52.63,12.238,7.55,8.34,13.764,5.478,52.63,12.238,7.55,8.34,13.764,5.478
372,E00024054,58.525,7.275,6.992,11.179,10.635,5.394,58.525,7.275,6.992,11.179,10.635,5.394
373,E00023935,54.722,6.229,11.208,11.721,11.342,4.778,54.722,6.229,11.208,11.721,11.342,4.778
374,E00023597,64.496,10.643,4.21,5.798,7.546,7.307,64.496,10.643,4.21,5.798,7.546,7.307
375,E00023516,56.409,8.217,8.405,10.941,10.315,5.713,56.409,8.217,8.405,10.941,10.315,5.713
376,E00023965,54.555,11.713,7.0,9.567,11.537,5.628,54.555,11.713,7.0,9.567,11.537,5.628
377,E00023494,53.577,8.519,7.963,11.153,12.24,6.549,53.577,8.519,7.963,11.153,12.24,6.549
378,E00023415,56.62,7.887,6.085,12.113,10.817,6.479,56.62,7.887,6.085,12.113,10.817,6.479
379,E00023467,51.714,6.824,7.762,14.586,12.904,6.21,51.714,6.824,7.762,14.586,12.904,6.21
380,E00023670,62.99,8.59,7.582,5.461,9.703,5.673,62.99,8.59,7.582,5.461,9.703,5.673
381,E00023490,60.963,8.214,5.972,8.546,10.525,5.779,60.963,8.214,5.972,8.546,10.525,5.779
382,E00175263,64.815,8.457,6.358,7.16,6.111,7.099,64.815,8.457,6.358,7.16,6.111,7.099
383,E00023748,51.083,14.262,7.233,11.402,9.849,6.171,51.083,14.262,7.233,11.402,9.849,6.171
384,E00024057,56.905,5.784,7.521,12.802,11.516,5.472,56.905,5.784,7.521,12.802,11.516,5.472
385,E00023557,54.116,8.38,7.307,15.172,9.174,5.851,54.116,8.38,7.307,15.172,9.174,5.851
386,E00024043,54.75,9.447,7.436,10.664,10.744,6.96,54.75,9.447,7.436,10.664,10.744,6.96
387,E00023853,62.557,13.333,4.384,7.397,5.388,6.941,62.557,13.333,4.384,7.397,5.388,6.941
388,E00023685,58.145,6.481,7.249,8.991,12.039,7.095,58.145,6.481,7.249,8.991,12.039,7.095
389,E00023604,60.089,9.543,6.025,9.22,8.896,6.227,60.089,9.543,6.025,9.22,8.896,6.227
390,E00024136,55.515,5.816,7.608,16.98,9.524,4.557,55.515,5.816,7.608,16.98,9.524,4.557
391,E00023455,53.351,8.462,6.314,12.543,13.101,6.229,53.351,8.462,6.314,12.543,13.101,6.229
392,E00023916,54.469,12.709,5.237,11.418,9.916,6.25,54.469,12.709,5.237,11.418,9.916,6.25
393,E00023986,58.018,6.601,7.04,12.342,10.349,5.65,58.018,6.601,7.04,12.342,10.349,5.65
394,E00023987,56.213,6.955,7.993,10.23,13.199,5.41,56.213,6.955,7.993,10.23,13.199,5.41
395,E00024098,54.649,8.837,6.604,13.911,9.735,6.264,54.649,8.837,6.604,13.911,9.735,6.264
396,E00023653,65.854,6.341,6.307,5.889,9.895,5.714,65.854,6.341,6.307,5.889,9.895,5.714
397,E00175258,54.618,5.909,11.36,7.057,15.835,5.221,54.618,5.909,11.36,7.057,15.835,5.221
398,E00024039,54.521,9.264,6.936,10.85,11.667,6.762,54.521,9.264,6.936,10.85,11.667,6.762
399,E00023524,59.178,7.005,6.044,12.04,10.033,5.699,59.178,7.005,6.044,12.04,10.033,5.699
400,E00024062,56.063,5.492,8.133,11.132,13.181,5.999,56.063,5.492,8.133,11.132,13.181,5.999
401,E00024028,52.967,11.743,8.498,11.372,9.642,5.779,52.967,11.743,8.498,11.372,9.642,5.779
402,E00023539,57.735,9.888,7.656,9.569,8.373,6.778,57.735,9.888,7.656,9.569,8.373,6.778
403,E00023957,55.551,7.461,6.803,16.414,9.547,4.224,55.551,7.461,6.803,16.414,9.547,4.224
404,E00175225,55.278,11.587,7.976,7.659,11.548,5.952,55.278,11.587,7.976,7.659,11.548,5.952
405,E00023851,67.748,7.538,4.58,8.588,5.344,6.202,67.748,7.538,4.58,8.588,5.344,6.202
406,E00023544,48.909,17.488,6.158,11.752,9.43,6.263,48.909,17.488,6.158,11.752,9.43,6.263
407,E00023723,51.948,7.917,6.668,14.297,13.241,5.928,51.948,7.917,6.668,14.297,13.241,5.928
408,E00023855,55.917,7.517,5.771,12.124,12.173,6.499,55.917,7.517,5.771,12.124,12.173,6.499
409,E00023534,50.62,10.787,8.455,16.727,7.362,6.05,50.62,10.787,8.455,16.727,7.362,6.05
410,E00023928,51.952,6.564,9.936,14.002,13.056,4.49,51.952,6.564,9.936,14.002,13.056,4.49
411,E00023658,59.826,8.237,6.234,11.496,8.338,5.869,59.826,8.237,6.234,11.496,8.338,5.869
412,E00175195,56.003,5.137,7.267,16.47,10.635,4.487,56.003,5.137,7.267,16.47,10.635,4.487
413,E00023484,49.444,15.946,7.231,10.507,10.507,6.366,49.444,15.946,7.231,10.507,10.507,6.366
414,E00023755,51.957,6.377,9.928,12.029,13.623,6.087,51.957,6.377,9.928,12.029,13.623,6.087
415,E00024106,60.116,10.654,6.132,12.578,6.625,3.894,60.116,10.654,6.132,12.578,6.625,3.894
416,E00023422,57.715,11.265,5.553,10.411,8.436,6.62,57.715,11.265,5.553,10.411,8.436,6.62
417,E00023598,56.576,8.959,5.795,14.411,6.9,7.358,56.576,8.959,5.795,14.411,6.9,7.358
418,E00023519,60.267,7.922,6.194,8.86,11.032,5.726,60.267,7.922,6.194,8.86,11.032,5.726
419,E00023760,54.356,8.118,6.7,15.39,9.147,6.289,54.356,8.118,6.7,15.39,9.147,6.289
420,E00024083,49.583,10.508,6.563,18.096,8.991,6.259,49.583,10.508,6.563,18.096,8.991,6.259
421,E00024002,59.631,8.32,7.057,9.615,9.453,5.924,59.631,8.32,7.057,9.615,9.453,5.924
422,E00023732,51.12,7.848,9.683,9.64,15.667,6.041,51.12,7.848,9.683,9.64,15.667,6.041
423,E00023657,58.827,7.638,6.935,11.993,8.476,6.131,58.827,7.638,6.935,11.993,8.476,6.131
424,E00023461,52.386,10.642,8.612,12.123,9.874,6.363,52.386,10.642,8.612,12.123,9.874,6.363
425,E00023453,54.392,9.05,5.957,12.047,12.028,6.526,54.392,9.05,5.957,12.047,12.028,6.526
426,E00023926,59.665,8.901,6.536,10.0,9.87,5.028,59.665,8.901,6.536,10.0,9.87,5.028
427,E00023913,58.656,6.777,7.005,10.308,10.194,7.062,58.656,6.777,7.005,10.308,10.194,7.062
428,E00024073,54.271,11.516,7.006,11.66,10.173,5.374,54.271,11.516,7.006,11.66,10.173,5.374
429,E00023919,49.626,8.016,11.685,9.307,15.999,5.367,49.626,8.016,11.685,9.307,15.999,5.367
430,E00023998,53.779,9.37,8.377,8.743,14.089,5.643,53.779,9.37,8.377,8.743,14.089,5.643
431,E00023751,54.946,6.895,7.452,12.591,11.734,6.381,54.946,6.895,7.452,12.591,11.734,6.381
432,E00023992,53.954,6.094,8.489,10.036,15.429,5.998,53.954,6.094,8.489,10.036,15.429,5.998
433,E00175214,56.582,7.057,9.674,7.442,13.241,6.005,56.582,7.057,9.674,7.442,13.241,6.005
434,E00023720,52.808,6.866,8.604,11.295,14.685,5.743,52.808,6.866,8.604,11.295,14.685,5.743
435,E00023686,51.602,6.408,7.504,11.669,16.273,6.543,51.602,6.408,7.504,11.669,16.273,6.543
436,E00023592,60.895,11.521,4.411,10.994,5.069,7.11,60.895,11.521,4.411,10.994,5.069,7.11
437,E00023996,53.019,7.204,8.963,10.865,14.479,5.468,53.019,7.204,8.963,10.865,14.479,5.468
438,E00024112,55.505,5.38,9.91,15.688,8.986,4.53,55.505,5.38,9.91,15.688,8.986,4.53
439,E00024108,54.716,5.727,8.89,14.182,12.025,4.46,54.716,5.727,8.89,14.182,12.025,4.46
440,E00023513,57.889,10.227,6.665,9.681,9.331,6.206,57.889,10.227,6.665,9.681,9.331,6.206
441,E00175257,60.487,7.21,6.929,10.487,9.551,5.337,60.487,7.21,6.929,10.487,9.551,5.337
442,E00175268,59.298,9.455,7.249,11.571,5.988,6.439,59.298,9.455,7.249,11.571,5.988,6.439
443,E00175217,65.688,7.617,6.429,8.665,6.08,5.521,65.688,7.617,6.429,8.665,6.08,5.521
444,E00023924,55.927,13.856,8.013,9.349,6.344,6.511,55.927,13.856,8.013,9.349,6.344,6.511
445,E00023442,60.368,7.42,5.537,11.903,9.056,5.716,60.368,7.42,5.537,11.903,9.056,5.716
446,E00023626,56.074,7.646,7.663,10.522,12.183,5.913,56.074,7.646,7.663,10.522,12.183,5.913
447,E00023464,57.893,7.953,5.709,11.098,10.276,7.071,57.893,7.953,5.709,11.098,10.276,7.071
448,E00175272,48.705,8.974,7.67,22.737,6.774,5.139,48.705,8.974,7.67,22.737,6.774,5.139
449,E00023885,60.952,10.389,5.374,8.802,7.984,6.499,60.952,10.389,5.374,8.802,7.984,6.499
450,E00023854,56.429,12.115,6.589,8.82,9.777,6.27,56.429,12.115,6.589,8.82,9.777,6.27
451,E00023575,55.182,8.525,7.209,13.247,9.361,6.477,55.182,8.525,7.209,13.247,9.361,6.477
452,E00024060,55.41,7.583,10.321,7.967,13.015,5.704,55.41,7.583,10.321,7.967,13.015,5.704
453,E00023745,55.637,6.307,6.911,11.706,13.089,6.35,55.637,6.307,6.911,11.706,13.089,6.35
454,E00024121,61.158,9.097,6.182,8.565,9.434,5.565,61.158,9.097,6.182,8.565,9.434,5.565
455,E00023754,55.053,6.718,6.487,15.111,9.933,6.699,55.053,6.718,6.487,15.111,9.933,6.699
456,E00024081,44.929,12.805,7.309,18.357,10.992,5.609,44.929,12.805,7.309,18.357,10.992,5.609
457,E00024074,57.178,8.516,7.64,12.749,7.932,5.985,57.178,8.516,7.64,12.749,7.932,5.985
458,E00023731,52.232,7.147,8.606,11.246,14.673,6.097,52.232,7.147,8.606,11.246,14.673,6.097
459,E00023452,54.074,9.093,5.849,13.563,11.341,6.079,54.074,9.093,5.849,13.563,11.341,6.079
460,E00024026,54.861,12.407,9.444,9.676,8.009,5.602,54.861,12.407,9.444,9.676,8.009,5.602
461,E00175202,56.537,8.996,9.476,6.078,13.595,5.318,56.537,8.996,9.476,6.078,13.595,5.318
462,E00023700,50.554,7.181,10.692,10.375,15.021,6.177,50.554,7.181,10.692,10.375,15.021,6.177
463,E00023781,62.241,9.267,4.564,10.719,6.985,6.224,62.241,9.267,4.564,10.719,6.985,6.224
464,E00023842,67.907,6.259,4.494,9.247,7.449,4.644,67.907,6.259,4.494,9.247,7.449,4.644
465,E00023609,58.936,8.331,5.91,10.357,9.935,6.53,58.936,8.331,5.91,10.357,9.935,6.53
466,E00024133,52.661,5.868,9.027,15.652,12.206,4.585,52.661,5.868,9.027,15.652,12.206,4.585
467,E00023789,54.449,10.573,6.784,10.661,11.278,6.256,54.449,10.573,6.784,10.661,11.278,6.256
468,E00023508,56.582,9.489,7.305,9.801,10.78,6.043,56.582,9.489,7.305,9.801,10.78,6.043
469,E00023589,55.969,10.978,5.429,14.217,6.209,7.199,55.969,10.978,5.429,14.217,6.209,7.199
470,E00023820,67.204,8.297,5.227,8.589,5.608,5.075,67.204,8.297,5.227,8.589,5.608,5.075
471,E00023733,54.45,9.543,7.648,10.457,12.42,5.482,54.45,9.543,7.648,10.457,12.42,5.482
472,E00023708,54.408,11.253,9.397,6.187,12.954,5.8,54.408,11.253,9.397,6.187,12.954,5.8
473,E00023414,54.506,11.809,5.345,11.436,9.882,7.023,54.506,11.809,5.345,11.436,9.882,7.023
474,E00175247,53.092,10.26,7.976,13.106,9.206,6.36,53.092,10.26,7.976,13.106,9.206,6.36
475,E00023447,54.718,7.37,7.091,11.725,12.954,6.142,54.718,7.37,7.091,11.725,12.954,6.142
476,E00023495,60.265,8.008,6.557,8.097,11.035,6.037,60.265,8.008,6.557,8.097,11.035,6.037
477,E00023905,54.425,10.326,8.23,11.102,9.239,6.677,54.425,10.326,8.23,11.102,9.239,6.677
478,E00024101,56.056,7.934,6.444,13.472,10.46,5.635,56.056,7.934,6.444,13.472,10.46,5.635
479,E00024033,57.978,8.213,6.411,13.589,8.276,5.533,57.978,8.213,6.411,13.589,8.276,5.533
480,E00023577,58.97,8.653,6.416,9.983,10.426,5.551,58.97,8.653,6.416,9.983,10.426,5.551
481,E00023688,60.389,11.093,7.119,8.609,6.954,5.836,60.389,11.093,7.119,8.609,6.954,5.836
482,E00175199,54.866,6.856,6.437,14.188,11.598,6.056,54.866,6.856,6.437,14.188,11.598,6.056
483,E00023605,56.721,11.289,5.488,11.358,8.753,6.391,56.721,11.289,5.488,11.358,8.753,6.391
484,E00023684,59.96,7.0,8.68,8.64,8.44,7.28,59.96,7.0,8.68,8.64,8.44,7.28
485,E00023749,55.806,16.257,5.64,7.697,8.361,6.238,55.806,16.257,5.64,7.697,8.361,6.238
486,E00175216,59.278,8.896,7.593,7.533,11.502,5.197,59.278,8.896,7.593,7.533,11.502,5.197
487,E00023763,64.096,5.823,6.707,7.992,9.799,5.582,64.096,5.823,6.707,7.992,9.799,5.582
488,E00023890,61.132,7.914,4.623,9.541,10.17,6.62,61.132,7.914,4.623,9.541,10.17,6.62
489,E00023811,76.493,4.452,3.474,4.539,7.177,3.865,76.493,4.452,3.474,4.539,7.177,3.865
490,E00024065,56.018,9.514,9.592,7.486,10.06,7.33,56.018,9.514,9.592,7.486,10.06,7.33
491,E00023424,62.444,8.092,5.525,9.71,8.984,5.246,62.444,8.092,5.525,9.71,8.984,5.246
492,E00175186,57.013,6.962,7.724,11.02,11.699,5.582,57.013,6.962,7.724,11.02,11.699,5.582
493,E00023629,52.703,7.046,8.65,12.173,13.219,6.209,52.703,7.046,8.65,12.173,13.219,6.209
494,E00175187,54.691,8.433,7.767,10.837,12.243,6.029,54.691,8.433,7.767,10.837,12.243,6.029
495,E00023946,59.922,7.651,8.398,9.145,9.623,5.26,59.922,7.651,8.398,9.145,9.623,5.26
496,E00023978,56.885,15.902,6.066,8.689,7.131,5.328,56.885,15.902,6.066,8.689,7.131,5.328
497,E00023526,59.345,6.722,6.55,11.182,10.546,5.655,59.345,6.722,6.55,11.182,10.546,5.655
498,E00023832,66.403,6.248,4.385,9.504,9.067,4.393,66.403,6.248,4.385,9.504,9.067,4.393
499,E00023898,62.61,6.816,6.232,9.445,7.887,7.011,62.61,6.816,6.232,9.445,7.887,7.011
500,E00023819,75.368,5.695,3.75,4.805,6.121,4.262,75.368,5.695,3.75,4.805,6.121,4.262
501,E00175238,57.028,9.32,6.045,13.249,7.38,6.977,57.028,9.32,6.045,13.249,7.38,6.977
502,E00175197,52.91,6.624,5.848,17.342,11.307,5.968,52.91,6.624,5.848,17.342,11.307,5.968
503,E00024037,55.479,6.787,7.576,11.333,12.433,6.393,55.479,6.787,7.576,11.333,12.433,6.393
504,E00023445,59.873,12.46,4.224,8.025,8.131,7.286,59.873,12.46,4.224,8.025,8.131,7.286
505,E00024055,57.838,6.037,7.152,12.046,11.307,5.62,57.838,6.037,7.152,12.046,11.307,5.62
506,E00023877,58.255,7.786,6.221,12.637,9.077,6.025,58.255,7.786,6.221,12.637,9.077,6.025
507,E00023531,48.113,12.607,7.585,16.667,8.369,6.66,48.113,12.607,7.585,16.667,8.369,6.66
508,E00023630,55.948,7.903,7.737,10.321,12.177,5.915,55.948,7.903,7.737,10.321,12.177,5.915
509,E00023635,53.61,9.65,7.887,11.866,11.58,5.409,53.61,9.65,7.887,11.866,11.58,5.409
510,E00175185,53.805,10.064,7.167,10.751,11.684,6.529,53.805,10.064,7.167,10.751,11.684,6.529
511,E00023757,54.39,7.22,6.52,17.459,8.431,5.98,54.39,7.22,6.52,17.459,8.431,5.98
512,E00023648,53.837,9.44,7.611,9.708,12.97,6.434,53.837,9.44,7.611,9.708,12.97,6.434
513,E00023463,52.872,9.754,6.755,15.878,8.523,6.218,52.872,9.754,6.755,15.878,8.523,6.218
514,E00175233,53.235,10.082,6.437,14.745,9.721,5.78,53.235,10.082,6.437,14.745,9.721,5.78
515,E00023446,57.895,10.884,4.65,13.183,7.358,6.03,57.895,10.884,4.65,13.183,7.358,6.03
516,E00024025,58.242,6.99,7.564,11.007,10.772,5.425,58.242,6.99,7.564,11.007,10.772,5.425
517,E00023651,51.47,9.306,8.283,11.191,13.416,6.334,51.47,9.306,8.283,11.191,13.416,6.334
518,E00023429,55.686,11.645,5.89,11.781,8.836,6.162,55.686,11.645,5.89,11.781,8.836,6.162
519,E00023862,57.485,10.736,5.092,12.393,8.344,5.951,57.485,10.736,5.092,12.393,8.344,5.951
520,E00175244,52.929,9.327,7.441,11.919,11.684,6.7,52.929,9.327,7.441,11.919,11.684,6.7
521,E00024107,52.768,12.039,6.669,11.326,11.242,5.956,52.768,12.039,6.669,11.326,11.242,5.956
522,E00023636,53.862,6.649,10.443,8.899,13.902,6.246,53.862,6.649,10.443,8.899,13.902,6.246
523,E00023846,67.404,6.715,5.565,9.691,6.006,4.62,67.404,6.715,5.565,9.691,6.006,4.62
524,E00023637,53.362,7.253,10.905,6.247,15.511,6.723,53.362,7.253,10.905,6.247,15.511,6.723
525,E00175274,58.365,8.5,6.335,9.854,10.449,6.497,58.365,8.5,6.335,9.854,10.449,6.497
526,E00023431,53.443,13.902,6.689,10.689,8.262,7.016,53.443,13.902,6.689,10.689,8.262,7.016
527,E00023740,53.175,8.21,8.605,9.911,13.947,6.152,53.175,8.21,8.605,9.911,13.947,6.152
528,E00023967,52.315,10.558,7.724,9.779,14.236,5.387,52.315,10.558,7.724,9.779,14.236,5.387
529,E00023554,50.449,15.346,6.287,11.05,10.465,6.404,50.449,15.346,6.287,11.05,10.465,6.404
530,E00023923,55.01,14.342,8.251,9.627,6.483,6.287,55.01,14.342,8.251,9.627,6.483,6.287
531,E00023837,72.261,5.368,4.009,5.271,8.764,4.328,72.261,5.368,4.009,5.271,8.764,4.328
532,E00023804,56.29,9.246,5.884,14.038,7.425,7.117,56.29,9.246,5.884,14.038,7.425,7.117
533,E00023816,72.725,6.983,6.096,3.807,6.182,4.207,72.725,6.983,6.096,3.807,6.182,4.207
534,E00023897,67.035,6.202,5.523,8.496,6.457,6.287,67.035,6.202,5.523,8.496,6.457,6.287
535,E00023958,57.163,10.744,7.334,11.476,9.094,4.189,57.163,10.744,7.334,11.476,9.094,4.189
536,E00023750,50.439,6.476,10.099,15.148,11.91,5.928,50.439,6.476,10.099,15.148,11.91,5.928
537,E00023813,60.486,8.056,6.686,9.161,10.339,5.272,60.486,8.056,6.686,9.161,10.339,5.272
538,E00023823,57.875,8.41,6.444,11.657,10.637,4.976,57.875,8.41,6.444,11.657,10.637,4.976
539,E00023892,56.237,7.39,7.001,12.777,11.106,5.488,56.237,7.39,7.001,12.777,11.106,5.488
540,E00023938,59.824,6.98,10.057,7.161,10.729,5.248,59.824,6.98,10.057,7.161,10.729,5.248
541,E00023439,56.989,6.523,6.915,10.544,13.389,5.64,56.989,6.523,6.915,10.544,13.389,5.64
542,E00175256,59.034,12.206,6.409,7.182,9.018,6.151,59.034,12.206,6.409,7.182,9.018,6.151
543,E00023435,57.442,11.111,7.058,7.827,10.692,5.87,57.442,11.111,7.058,7.827,10.692,5.87
544,E00023661,62.049,8.554,6.015,9.253,8.591,5.537,62.049,8.554,6.015,9.253,8.591,5.537
545,E00023960,50.774,5.529,10.526,13.957,14.637,4.578,50.774,5.529,10.526,13.957,14.637,4.578
546,E00023876,54.083,8.261,6.724,13.256,10.759,6.916,54.083,8.261,6.724,13.256,10.759,6.916
547,E00023633,51.016,6.732,10.698,9.204,16.793,5.557,51.016,6.732,10.698,9.204,16.793,5.557
548,E00023640,53.944,7.222,9.389,8.222,14.167,7.056,53.944,7.222,9.389,8.222,14.167,7.056
549,E00023729,50.832,11.343,10.414,6.659,15.796,4.955,50.832,11.343,10.414,6.659,15.796,4.955
550,E00023775,60.036,6.115,5.719,13.237,8.741,6.151,60.036,6.115,5.719,13.237,8.741,6.151
551,E00024034,59.966,11.969,5.496,9.38,7.328,5.862,59.966,11.969,5.496,9.38,7.328,5.862
552,E00175221,65.789,7.895,6.472,7.183,6.046,6.615,65.789,7.895,6.472,7.183,6.046,6.615
553,E00023888,58.448,9.172,4.897,12.897,8.621,5.966,58.448,9.172,4.897,12.897,8.621,5.966
554,E00175266,51.91,8.884,7.671,19.648,6.034,5.852,51.91,8.884,7.671,19.648,6.034,5.852
555,E00023715,50.881,7.807,6.641,16.753,11.494,6.425,50.881,7.807,6.641,16.753,11.494,6.425
556,E00023809,62.189,7.363,5.672,8.756,9.652,6.368,62.189,7.363,5.672,8.756,9.652,6.368
557,E00175252,58.788,8.002,6.688,11.746,9.403,5.373,58.788,8.002,6.688,11.746,9.403,5.373
558,E00023456,62.66,7.438,6.161,4.808,10.518,8.415,62.66,7.438,6.161,4.808,10.518,8.415
559,E00023778,62.074,5.548,5.593,13.37,7.64,5.775,62.074,5.548,5.593,13.37,7.64,5.775
560,E00023994,55.233,8.889,7.887,11.511,10.531,5.948,55.233,8.889,7.887,11.511,10.531,5.948
561,E00024050,56.725,7.097,6.82,12.896,10.663,5.799,56.725,7.097,6.82,12.896,10.663,5.799
562,E00023527,63.269,6.814,5.837,9.108,9.312,5.66,63.269,6.814,5.837,9.108,9.312,5.66
563,E00023659,58.782,9.809,6.055,9.95,9.03,6.374,58.782,9.809,6.055,9.95,9.03,6.374
564,E00023943,63.042,6.023,7.266,9.733,8.984,4.952,63.042,6.023,7.266,9.733,8.984,4.952
565,E00023768,67.608,6.039,5.961,6.431,7.608,6.353,67.608,6.039,5.961,6.431,7.608,6.353
566,E00023436,57.143,11.034,6.01,9.557,8.867,7.389,57.143,11.034,6.01,9.557,8.867,7.389
567,E00023606,53.23,6.74,7.477,15.209,10.885,6.46,53.23,6.74,7.477,15.209,10.885,6.46
568,E00023496,60.638,7.002,6.407,9.398,10.673,5.882,60.638,7.002,6.407,9.398,10.673,5.882
569,E00023687,57.312,6.642,6.584,15.11,8.468,5.885,57.312,6.642,6.584,15.11,8.468,5.885
570,E00175222,50.493,10.981,7.813,11.427,13.914,5.373,50.493,10.981,7.813,11.427,13.914,5.373
571,E00175196,57.917,5.558,8.546,15.448,7.759,4.772,57.917,5.558,8.546,15.448,7.759,4.772
572,E00023824,65.148,8.403,6.097,8.303,7.095,4.955,65.148,8.403,6.097,8.303,7.095,4.955
573,E00023906,63.506,6.513,5.747,9.674,7.375,7.184,63.506,6.513,5.747,9.674,7.375,7.184
574,E00023907,65.254,7.575,5.49,8.339,6.324,7.019,65.254,7.575,5.49,8.339,6.324,7.019
575,E00175220,55.378,7.623,6.769,13.932,9.858,6.44,55.378,7.623,6.769,13.932,9.858,6.44
576,E00023848,75.852,5.831,4.084,3.644,6.549,4.041,75.852,5.831,4.084,3.644,6.549,4.041
577,E00024119,62.072,6.314,7.271,8.104,10.729,5.511,62.072,6.314,7.271,8.104,10.729,5.511
578,E00023628,52.625,7.047,9.977,8.878,15.786,5.686,52.625,7.047,9.977,8.878,15.786,5.686
579,E00023812,70.283,7.44,5.78,6.943,4.972,4.581,70.283,7.44,5.78,6.943,4.972,4.581
580,E00023893,59.657,7.099,5.824,12.48,9.223,5.718,59.657,7.099,5.824,12.48,9.223,5.718
581,E00023465,55.913,6.96,5.62,12.956,11.756,6.795,55.913,6.96,5.62,12.956,11.756,6.795
582,E00023522,57.098,8.138,7.749,10.292,11.174,5.55,57.098,8.138,7.749,10.292,11.174,5.55
583,E00175232,55.997,8.392,5.839,13.916,9.371,6.486,55.997,8.392,5.839,13.916,9.371,6.486
584,E00024130,59.747,7.227,6.68,12.409,8.932,5.003,59.747,7.227,6.68,12.409,8.932,5.003
585,E00023470,48.174,9.93,8.04,15.951,12.236,5.669,48.174,9.93,8.04,15.951,12.236,5.669
586,E00023596,52.801,7.933,7.062,15.254,10.075,6.874,52.801,7.933,7.062,15.254,10.075,6.874
587,E00023517,56.08,8.121,6.794,14.432,8.925,5.648,56.08,8.121,6.794,14.432,8.925,5.648
588,E00023878,66.667,9.943,4.645,8.476,5.297,4.971,66.667,9.943,4.645,8.476,5.297,4.971
589,E00023669,51.575,6.088,8.624,16.212,12.006,5.496,51.575,6.088,8.624,16.212,12.006,5.496
590,E00023480,50.505,11.143,8.761,8.518,15.382,5.692,50.505,11.143,8.761,8.518,15.382,5.692
591,E00023454,66.692,6.616,5.774,8.642,6.616,5.66,66.692,6.616,5.774,8.642,6.616,5.66
592,E00023785,59.664,10.006,4.848,9.882,9.447,6.153,59.664,10.006,4.848,9.882,9.447,6.153
593,E00023560,48.677,8.798,8.31,18.268,9.912,6.035,48.677,8.798,8.31,18.268,9.912,6.035
594,E00023566,52.884,8.642,7.306,17.082,7.832,6.254,52.884,8.642,7.306,17.082,7.832,6.254
595,E00024022,60.28,8.868,6.32,9.343,9.268,5.921,60.28,8.868,6.32,9.343,9.268,5.921
596,E00023425,66.25,7.421,5.316,8.634,6.6,5.78,66.25,7.421,5.316,8.634,6.6,5.78
597,E00023704,55.911,9.998,7.633,7.836,12.069,6.553,55.911,9.998,7.633,7.836,12.069,6.553
598,E00023671,57.977,6.091,6.639,11.823,11.612,5.859,57.977,6.091,6.639,11.823,11.612,5.859
599,E00024053,57.883,7.179,7.95,9.46,11.808,5.72,57.883,7.179,7.95,9.46,11.808,5.72
600,E00023904,55.576,10.698,5.893,10.607,10.607,6.618,55.576,10.698,5.893,10.607,10.607,6.618
601,E00023847,78.244,4.417,4.816,3.715,4.899,3.908,78.244,4.417,4.816,3.715,4.899,3.908
602,E00023985,57.827,5.536,7.327,11.819,12.222,5.268,57.827,5.536,7.327,11.819,12.222,5.268
603,E00023835,57.822,6.465,6.367,13.449,11.118,4.78,57.822,6.465,6.367,13.449,11.118,4.78
604,E00175227,61.306,10.404,5.392,7.329,9.417,6.152,61.306,10.404,5.392,7.329,9.417,6.152
605,E00023955,54.46,6.032,7.351,17.999,9.703,4.455,54.46,6.032,7.351,17.999,9.703,4.455
606,E00023528,62.004,6.632,6.046,9.385,10.322,5.612,62.004,6.632,6.046,9.385,10.322,5.612
607,E00175249,60.058,7.788,7.566,10.392,8.99,5.207,60.058,7.788,7.566,10.392,8.99,5.207
608,E00023933,57.079,6.043,7.727,15.127,9.604,4.42,57.079,6.043,7.727,15.127,9.604,4.42
609,E00175254,57.732,8.342,7.254,10.419,10.979,5.275,57.732,8.342,7.254,10.419,10.979,5.275
610,E00023828,57.886,6.865,6.221,13.281,10.644,5.103,57.886,6.865,6.221,13.281,10.644,5.103
611,E00023608,57.313,9.228,5.92,11.085,10.012,6.442,57.313,9.228,5.92,11.085,10.012,6.442
612,E00175192,56.853,6.111,7.688,14.202,10.634,4.511,56.853,6.111,7.688,14.202,10.634,4.511
613,E00023689,61.677,8.887,6.448,9.355,8.186,5.446,61.677,8.887,6.448,9.355,8.186,5.446
614,E00023538,60.995,10.384,6.457,5.846,10.995,5.323,60.995,10.384,6.457,5.846,10.995,5.323
615,E00023571,50.404,8.591,7.607,20.169,7.642,5.587,50.404,8.591,7.607,20.169,7.642,5.587
616,E00023902,65.918,9.796,6.122,5.238,7.619,5.306,65.918,9.796,6.122,5.238,7.619,5.306
617,E00024006,61.524,7.58,5.994,9.938,9.728,5.236,61.524,7.58,5.994,9.938,9.728,5.236
618,E00023449,62.403,8.228,5.243,9.879,8.374,5.874,62.403,8.228,5.243,9.879,8.374,5.874
619,E00023929,53.347,6.252,10.56,12.391,12.638,4.812,53.347,6.252,10.56,12.391,12.638,4.812
620,E00023421,55.018,16.447,4.652,7.656,9.744,6.484,55.018,16.447,4.652,7.656,9.744,6.484
621,E00023843,61.662,6.718,5.963,10.441,10.322,4.894,61.662,6.718,5.963,10.441,10.322,4.894
622,E00023561,47.716,10.031,9.065,18.733,8.436,6.019,47.716,10.031,9.065,18.733,8.436,6.019
623,E00175205,55.73,12.877,9.409,7.238,7.509,7.238,55.73,12.877,9.409,7.238,7.509,7.238
624,E00023537,60.638,9.462,6.775,7.727,7.447,7.951,60.638,9.462,6.775,7.727,7.447,7.951
625,E00023951,61.044,8.339,5.892,9.321,10.079,5.324,61.044,8.339,5.892,9.321,10.079,5.324
626,E00024116,60.726,6.615,7.83,10.119,9.002,5.708,60.726,6.615,7.83,10.119,9.002,5.708
627,E00023660,57.501,8.978,6.379,10.868,9.746,6.527,57.501,8.978,6.379,10.868,9.746,6.527
628,E00175228,59.916,7.545,6.301,10.348,10.221,5.669,59.916,7.545,6.301,10.348,10.221,5.669
629,E00023450,56.481,8.911,7.111,12.106,9.451,5.941,56.481,8.911,7.111,12.106,9.451,5.941
630,E00023638,54.876,7.884,8.106,10.892,12.122,6.12,54.876,7.884,8.106,10.892,12.122,6.12
631,E00023966,55.512,9.323,7.744,11.114,10.295,6.013,55.512,9.323,7.744,11.114,10.295,6.013
632,E00024018,63.489,7.04,6.209,9.751,7.871,5.641,63.489,7.04,6.209,9.751,7.871,5.641
633,E00023585,51.958,8.46,6.726,15.695,10.852,6.308,51.958,8.46,6.726,15.695,10.852,6.308
634,E00175234,50.559,6.708,7.807,16.282,12.225,6.419,50.559,6.708,7.807,16.282,12.225,6.419
635,E00023477,53.087,6.845,5.846,16.105,11.825,6.293,53.087,6.845,5.846,16.105,11.825,6.293
636,E00023702,48.336,8.447,10.58,12.073,15.401,5.162,48.336,8.447,10.58,12.073,15.401,5.162
637,E00023783,58.322,12.221,5.107,10.99,6.931,6.43,58.322,12.221,5.107,10.99,6.931,6.43
638,E00024087,53.669,16.527,4.426,9.412,9.524,6.443,53.669,16.527,4.426,9.412,9.524,6.443
639,E00023980,51.416,9.773,11.615,9.348,12.465,5.382,51.416,9.773,11.615,9.348,12.465,5.382
640,E00175261,61.924,14.229,5.087,7.313,5.564,5.882,61.924,14.229,5.087,7.313,5.564,5.882
641,E00023774,51.939,10.829,7.086,12.968,10.495,6.684,51.939,10.829,7.086,12.968,10.495,6.684
642,E00023870,49.806,11.013,6.973,15.606,10.238,6.364,49.806,11.013,6.973,15.606,10.238,6.364
643,E00175189,56.086,6.158,8.407,17.1,7.502,4.747,56.086,6.158,8.407,17.1,7.502,4.747
644,E00023498,56.297,8.73,6.979,9.645,11.95,6.4,56.297,8.73,6.979,9.645,11.95,6.4
645,E00023558,53.389,8.746,7.876,13.99,9.927,6.073,53.389,8.746,7.876,13.99,9.927,6.073
646,E00024032,59.653,7.969,6.615,11.424,9.08,5.26,59.653,7.969,6.615,11.424,9.08,5.26
647,E00023486,57.49,8.393,7.513,11.185,9.698,5.722,57.49,8.393,7.513,11.185,9.698,5.722
648,E00023419,55.568,13.684,4.875,8.753,10.471,6.648,55.568,13.684,4.875,8.753,10.471,6.648
649,E00023997,52.759,10.629,8.062,8.79,14.029,5.731,52.759,10.629,8.062,8.79,14.029,5.731
650,E00023900,64.563,5.634,8.028,4.986,11.803,4.986,64.563,5.634,8.028,4.986,11.803,4.986
651,E00023891,61.198,6.738,6.578,11.052,9.214,5.22,61.198,6.738,6.578,11.052,9.214,5.22
652,E00023810,62.365,8.743,4.496,11.74,6.911,5.745,62.365,8.743,4.496,11.74,6.911,5.745
653,E00023432,56.355,15.773,6.126,4.9,10.107,6.738,56.355,15.773,6.126,4.9,10.107,6.738
654,E00023844,62.261,6.514,5.958,11.343,9.117,4.807,62.261,6.514,5.958,11.343,9.117,4.807
655,E00023613,50.429,6.526,8.287,15.479,12.881,6.398,50.429,6.526,8.287,15.479,12.881,6.398
656,E00023692,61.141,6.843,8.676,5.58,12.261,5.499,61.141,6.843,8.676,5.58,12.261,5.499
657,E00023903,71.375,7.0,4.875,4.937,6.937,4.875,71.375,7.0,4.875,4.937,6.937,4.875
658,E00175236,53.455,7.375,6.053,17.556,9.23,6.331,53.455,7.375,6.053,17.556,9.23,6.331
659,E00023665,56.166,8.318,6.474,12.08,10.904,6.058,56.166,8.318,6.474,12.08,10.904,6.058
660,E00023869,50.888,14.074,6.128,14.201,8.326,6.382,50.888,14.074,6.128,14.201,8.326,6.382
661,E00023650,50.641,7.563,10.075,8.819,17.13,5.772,50.641,7.563,10.075,8.819,17.13,5.772
662,E00023614,59.339,8.361,5.833,10.283,9.777,6.406,59.339,8.361,5.833,10.283,9.777,6.406
663,E00023695,54.899,9.322,8.157,10.54,11.308,5.773,54.899,9.322,8.157,10.54,11.308,5.773
664,E00175219,62.532,6.697,6.951,8.053,8.477,7.29,62.532,6.697,6.951,8.053,8.477,7.29
665,E00023709,58.752,12.291,7.4,5.727,9.266,6.564,58.752,12.291,7.4,5.727,9.266,6.564
666,E00023788,50.339,10.117,7.094,16.533,9.809,6.107,50.339,10.117,7.094,16.533,9.809,6.107
667,E00024123,60.583,8.46,6.167,10.983,8.21,5.597,60.583,8.46,6.167,10.983,8.21,5.597
668,E00023623,55.8,7.644,8.071,11.22,11.315,5.95,55.8,7.644,8.071,11.22,11.315,5.95
669,E00023590,54.806,11.047,5.488,14.993,6.456,7.209,54.806,11.047,5.488,14.993,6.456,7.209
670,E00023511,54.899,11.772,5.298,11.177,10.277,6.576,54.899,11.772,5.298,11.177,10.277,6.576
671,E00024099,48.267,22.933,6.453,8.427,7.893,6.027,48.267,22.933,6.453,8.427,7.893,6.027
672,E00024041,58.177,7.503,7.503,9.3,10.515,7.001,58.177,7.503,7.503,9.3,10.515,7.001
673,E00023504,53.671,9.257,7.742,11.119,11.509,6.701,53.671,9.257,7.742,11.119,11.509,6.701
674,E00023972,54.511,9.774,9.211,9.868,11.936,4.699,54.511,9.774,9.211,9.868,11.936,4.699
675,E00023668,55.111,5.753,7.143,16.061,10.287,5.646,55.111,5.753,7.143,16.061,10.287,5.646
676,E00023573,54.431,8.514,7.023,16.15,8.001,5.88,54.431,8.514,7.023,16.15,8.001,5.88
677,E00175212,60.867,6.684,7.38,9.468,9.993,5.607,60.867,6.684,7.38,9.468,9.993,5.607
678,E00024091,53.109,18.599,6.667,7.675,8.011,5.938,53.109,18.599,6.667,7.675,8.011,5.938
679,E00024010,61.332,6.946,6.05,8.995,10.531,6.146,61.332,6.946,6.05,8.995,10.531,6.146
680,E00023901,67.241,5.632,4.713,8.851,6.322,7.241,67.241,5.632,4.713,8.851,6.322,7.241
681,E00023762,53.44,7.785,7.203,15.592,9.597,6.383,53.44,7.785,7.203,15.592,9.597,6.383
682,E00023852,60.832,12.91,6.565,6.893,7.987,4.814,60.832,12.91,6.565,6.893,7.987,4.814
683,E00024109,60.542,6.447,7.524,10.059,9.821,5.607,60.542,6.447,7.524,10.059,9.821,5.607
684,E00023682,65.041,8.537,6.214,6.504,7.491,6.214,65.041,8.537,6.214,6.504,7.491,6.214
685,E00023497,56.37,8.273,6.763,10.315,11.527,6.752,56.37,8.273,6.763,10.315,11.527,6.752
686,E00023416,71.641,6.013,4.093,7.677,5.738,4.837,71.641,6.013,4.093,7.677,5.738,4.837
687,E00023474,55.739,6.882,5.475,14.89,10.831,6.183,55.739,6.882,5.475,14.89,10.831,6.183
688,E00023515,56.571,8.291,8.009,10.132,11.247,5.751,56.571,8.291,8.009,10.132,11.247,5.751
689,E00023491,58.15,7.607,6.786,8.235,13.016,6.206,58.15,7.607,6.786,8.235,13.016,6.206
690,E00023707,58.313,11.207,7.143,7.328,9.483,6.527,58.313,11.207,7.143,7.328,9.483,6.527
691,E00023786,55.282,13.662,4.964,10.683,8.817,6.593,55.282,13.662,4.964,10.683,8.817,6.593
692,E00175210,58.12,8.315,5.544,11.347,10.221,6.453,58.12,8.315,5.544,11.347,10.221,6.453
693,E00023857,60.271,13.66,6.674,7.091,7.925,4.38,60.271,13.66,6.674,7.091,7.925,4.38
694,E00175241,59.112,6.13,6.936,10.846,11.637,5.339,59.112,6.13,6.936,10.846,11.637,5.339
695,E00023818,66.93,8.447,5.592,7.905,6.251,4.875,66.93,8.447,5.592,7.905,6.251,4.875
696,E00023899,62.81,6.818,6.942,8.264,9.876,5.289,62.81,6.818,6.942,8.264,9.876,5.289
697,E00023595,58.307,8.583,5.906,12.795,7.638,6.772,58.307,8.583,5.906,12.795,7.638,6.772
698,E00023514,55.8,9.905,6.11,11.718,10.191,6.277,55.8,9.905,6.11,11.718,10.191,6.277
699,E00023472,49.093,6.897,8.225,19.106,11.086,5.594,49.093,6.897,8.225,19.106,11.086,5.594
700,E00023865,55.346,9.845,6.412,14.023,8.438,5.936,55.346,9.845,6.412,14.023,8.438,5.936
701,E00023697,50.037,8.406,9.603,10.177,16.164,5.612,50.037,8.406,9.603,10.177,16.164,5.612
702,E00024134,55.47,5.119,8.476,14.686,11.759,4.49,55.47,5.119,8.476,14.686,11.759,4.49
703,E00023616,53.783,15.738,5.448,10.593,7.506,6.931,53.783,15.738,5.448,10.593,7.506,6.931
704,E00024036,54.633,9.427,8.301,9.175,12.739,5.725,54.633,9.427,8.301,9.175,12.739,5.725
705,E00024052,57.447,5.683,7.283,12.295,11.895,5.398,57.447,5.683,7.283,12.295,11.895,5.398
706,E00175194,55.412,6.683,7.646,14.856,10.655,4.747,55.412,6.683,7.646,14.856,10.655,4.747
707,E00023856,56.87,17.56,4.375,8.934,5.299,6.962,56.87,17.56,4.375,8.934,5.299,6.962
708,E00023947,59.033,10.06,7.944,8.401,8.733,5.829,59.033,10.06,7.944,8.401,8.733,5.829
709,E00024048,59.321,7.281,6.864,11.778,9.544,5.211,59.321,7.281,6.864,11.778,9.544,5.211
710,E00175209,54.297,7.922,7.846,13.296,10.441,6.198,54.297,7.922,7.846,13.296,10.441,6.198
711,E00023489,59.998,7.064,5.941,8.687,12.356,5.954,59.998,7.064,5.941,8.687,12.356,5.954
712,E00023603,59.559,10.571,5.848,10.076,7.737,6.208,59.559,10.571,5.848,10.076,7.737,6.208
713,E00023656,56.78,6.883,7.734,11.374,10.875,6.355,56.78,6.883,7.734,11.374,10.875,6.355
714,E00024046,53.656,11.252,6.89,10.781,10.905,6.518,53.656,11.252,6.89,10.781,10.905,6.518
715,E00023468,48.449,8.577,8.668,15.541,13.26,5.505,48.449,8.577,8.668,15.541,13.26,5.505
716,E00023718,55.55,10.059,7.532,9.465,11.992,5.401,55.55,10.059,7.532,9.465,11.992,5.401
717,E00023799,61.717,5.893,5.29,12.854,8.399,5.847,61.717,5.893,5.29,12.854,8.399,5.847
718,E00023822,57.816,7.938,6.949,10.675,10.675,5.946,57.816,7.938,6.949,10.675,10.675,5.946
719,E00023610,61.759,7.464,6.067,10.327,8.691,5.692,61.759,7.464,6.067,10.327,8.691,5.692
720,E00023691,58.257,8.532,7.645,7.034,11.865,6.667,58.257,8.532,7.645,7.034,11.865,6.667
721,E00024045,51.743,12.123,6.868,11.368,12.201,5.697,51.743,12.123,6.868,11.368,12.201,5.697
722,E00023834,55.924,5.901,7.113,14.524,11.231,5.306,55.924,5.901,7.113,14.524,11.231,5.306
723,E00023612,55.754,7.252,7.173,13.768,10.221,5.833,55.754,7.252,7.173,13.768,10.221,5.833
724,E00023817,72.079,6.274,4.622,5.639,6.98,4.406,72.079,6.274,4.622,5.639,6.98,4.406
725,E00023896,64.804,6.078,6.078,9.706,7.647,5.686,64.804,6.078,6.078,9.706,7.647,5.686
726,E00023434,56.992,7.478,7.816,9.97,12.125,5.619,56.992,7.478,7.816,9.97,12.125,5.619
727,E00175201,57.832,6.446,6.233,13.452,10.123,5.914,57.832,6.446,6.233,13.452,10.123,5.914
728,E00023944,62.997,10.662,6.145,8.187,6.558,5.451,62.997,10.662,6.145,8.187,6.558,5.451
729,E00024064,53.396,6.091,8.32,11.716,15.111,5.365,53.396,6.091,8.32,11.716,15.111,5.365
730,E00175278,55.05,9.584,9.109,8.317,9.98,7.96,55.05,9.584,9.109,8.317,9.98,7.96
731,E00023601,53.976,7.827,6.951,14.882,9.914,6.45,53.976,7.827,6.951,14.882,9.914,6.45
732,E00023680,57.443,7.803,9.724,7.323,8.824,8.884,57.443,7.803,9.724,7.323,8.824,8.884
733,E00023937,58.267,6.018,10.136,11.157,9.341,5.08,58.267,6.018,10.136,11.157,9.341,5.08
734,E00023478,49.726,6.891,7.886,17.463,12.214,5.821,49.726,6.891,7.886,17.463,12.214,5.821
735,E00175267,52.018,7.217,7.793,20.475,6.986,5.511,52.018,7.217,7.793,20.475,6.986,5.511
736,E00023793,55.717,11.031,6.763,9.098,10.789,6.602,55.717,11.031,6.763,9.098,10.789,6.602
737,E00023712,64.13,6.423,7.45,5.748,10.533,5.716,64.13,6.423,7.45,5.748,10.533,5.716
738,E00023976,52.508,11.922,8.534,13.42,7.883,5.733,52.508,11.922,8.534,13.42,7.883,5.733
739,E00023646,55.756,8.229,7.477,10.759,11.762,6.018,55.756,8.229,7.477,10.759,11.762,6.018
740,E00023621,58.144,6.754,7.42,13.186,9.327,5.169,58.144,6.754,7.42,13.186,9.327,5.169
741,E00024079,45.114,18.022,7.607,13.107,9.83,6.319,45.114,18.022,7.607,13.107,9.83,6.319
742,E00023652,52.843,8.669,7.826,12.061,12.471,6.13,52.843,8.669,7.826,12.061,12.471,6.13
743,E00023559,49.309,9.217,9.585,15.883,9.647,6.359,49.309,9.217,9.585,15.883,9.647,6.359
744,E00024070,56.847,10.367,8.683,7.43,9.028,7.646,56.847,10.367,8.683,7.43,9.028,7.646
745,E00023746,55.241,6.813,7.792,11.6,11.915,6.639,55.241,6.813,7.792,11.6,11.915,6.639
746,E00023532,51.254,10.407,8.169,12.834,10.919,6.417,51.254,10.407,8.169,12.834,10.919,6.417
747,E00023927,59.036,9.914,5.973,9.975,9.344,5.757,59.036,9.914,5.973,9.975,9.344,5.757
748,E00023747,57.488,6.958,7.252,9.729,12.087,6.486,57.488,6.958,7.252,9.729,12.087,6.486
749,E00023716,54.201,10.971,8.524,6.933,13.662,5.71,54.201,10.971,8.524,6.933,13.662,5.71
750,E00023797,66.821,9.15,5.268,5.638,5.545,7.579,66.821,9.15,5.268,5.638,5.545,7.579
751,E00175262,58.044,19.467,4.8,6.4,5.778,5.511,58.044,19.467,4.8,6.4,5.778,5.511
752,E00023548,54.8,13.476,6.391,8.444,9.948,6.94,54.8,13.476,6.391,8.444,9.948,6.94
753,E00024007,62.193,6.742,5.754,11.588,8.432,5.292,62.193,6.742,5.754,11.588,8.432,5.292
754,E00024086,48.246,11.155,7.213,17.777,10.248,5.361,48.246,11.155,7.213,17.777,10.248,5.361
755,E00023549,50.387,24.188,4.693,6.189,7.53,7.014,50.387,24.188,4.693,6.189,7.53,7.014
756,E00023829,68.381,6.182,4.411,8.381,8.255,4.391,68.381,6.182,4.411,8.381,8.255,4.391
757,E00024124,70.046,6.536,4.433,7.015,7.267,4.703,70.046,6.536,4.433,7.015,7.267,4.703
758,E00175245,58.798,9.943,8.298,6.438,9.657,6.867,58.798,9.943,8.298,6.438,9.657,6.867
759,E00023631,53.133,7.149,9.907,8.076,15.6,6.134,53.133,7.149,9.907,8.076,15.6,6.134
760,E00023440,54.298,9.057,6.038,14.34,10.021,6.247,54.298,9.057,6.038,14.34,10.021,6.247
761,E00175190,57.878,6.054,7.742,15.509,8.162,4.654,57.878,6.054,7.742,15.509,8.162,4.654
762,E00023909,61.145,7.566,6.612,9.202,8.384,7.089,61.145,7.566,6.612,9.202,8.384,7.089
763,E00023988,54.958,5.855,7.885,11.827,13.952,5.524,54.958,5.855,7.885,11.827,13.952,5.524
764,E00024044,57.869,7.126,7.212,10.98,10.14,6.674,57.869,7.126,7.212,10.98,10.14,6.674
765,E00175269,49.694,7.928,8.01,21.945,7.07,5.353,49.694,7.928,8.01,21.945,7.07,5.353
766,E00023982,50.06,8.939,13.945,7.986,12.872,6.198,50.06,8.939,13.945,7.986,12.872,6.198
767,E00023444,56.67,13.544,5.448,8.401,7.943,7.994,56.67,13.544,5.448,8.401,7.943,7.994
768,E00024127,59.47,8.227,6.489,10.918,10.094,4.802,59.47,8.227,6.489,10.918,10.094,4.802
769,E00023547,52.966,14.171,6.685,9.322,10.593,6.262,52.966,14.171,6.685,9.322,10.593,6.262
770,E00023462,51.125,9.181,7.741,15.752,9.946,6.256,51.125,9.181,7.741,15.752,9.946,6.256
771,E00023752,55.897,13.499,7.115,8.431,8.528,6.53,55.897,13.499,7.115,8.431,8.528,6.53
772,E00023871,52.707,10.432,6.557,14.953,9.389,5.961,52.707,10.432,6.557,14.953,9.389,5.961
773,E00023841,66.896,6.394,4.85,8.505,8.838,4.517,66.896,6.394,4.85,8.505,8.838,4.517
774,E00175279,59.879,6.881,5.625,11.483,10.414,5.718,59.879,6.881,5.625,11.483,10.414,5.718
775,E00023792,56.486,7.997,6.675,9.068,13.224,6.549,56.486,7.997,6.675,9.068,13.224,6.549
776,E00023713,57.966,9.695,7.797,7.22,11.763,5.559,57.966,9.695,7.797,7.22,11.763,5.559
777,E00023963,52.396,9.622,8.044,10.888,13.265,5.785,52.396,9.622,8.044,10.888,13.265,5.785
778,E00175242,67.302,8.03,4.559,8.234,6.193,5.682,67.302,8.03,4.559,8.234,6.193,5.682
779,E00175273,50.903,8.673,7.389,20.242,7.076,5.717,50.903,8.673,7.389,20.242,7.076,5.717
780,E00175180,57.827,6.583,6.713,12.659,10.663,5.556,57.827,6.583,6.713,12.659,10.663,5.556
781,E00023525,59.591,7.555,6.158,10.938,9.95,5.808,59.591,7.555,6.158,10.938,9.95,5.808
