,OA,worker_units,student_units,tourist_units,shopper_units,leisurer_units,chorer_units,worker_value,student_value,tourist_value,shopper_value,leisurer_value,chorer_value,total_value
0,E00023775,53.035,32.69,30.046,35.023,35.999,64.621,93.53,57.65,52.987,61.765,63.486,113.962,443.38
1,E00024064,78.435,44.48,38.939,39.624,46.936,99.44,138.324,78.442,68.671,69.879,82.774,175.367,613.456
2,E00023730,129.354,69.371,71.024,78.592,89.177,144.484,228.121,122.339,125.254,138.6,157.268,254.804,1026.386
3,E00175255,43.511,21.494,19.154,22.683,24.49,53.087,76.734,37.906,33.779,40.002,43.189,93.621,325.231
4,E00023969,77.629,46.938,45.212,47.1,55.74,105.435,136.902,82.777,79.733,83.063,98.3,185.939,666.715
5,E00024091,50.002,34.429,26.987,26.417,26.144,63.388,88.181,60.717,47.593,46.588,46.106,111.788,400.972
6,E00023703,170.492,107.923,101.224,99.195,133.461,190.575,300.67,190.327,178.513,174.935,235.364,336.087,1415.897
7,E00024022,127.807,71.674,61.733,65.131,73.629,149.211,225.393,126.4,108.869,114.861,129.848,263.14,968.512
8,E00023444,56.889,38.333,31.239,36.894,46.014,68.978,100.326,67.602,55.091,65.064,81.148,121.646,490.877
9,E00023926,125.496,66.578,80.675,70.67,106.068,140.106,221.318,117.413,142.274,124.63,187.056,247.083,1039.773
10,E00023851,33.663,19.761,13.729,22.802,14.61,40.729,59.366,34.849,24.212,40.212,25.765,71.827,256.232
11,E00023795,57.586,36.285,33.367,37.659,39.561,71.388,101.555,63.99,58.844,66.413,69.768,125.896,486.467
12,E00023502,283.832,182.107,168.207,178.488,214.43,357.253,500.55,321.154,296.64,314.771,378.157,630.031,2441.304
13,E00023687,169.885,108.727,105.013,109.269,125.541,200.666,299.6,191.745,185.195,192.701,221.397,353.883,1444.521
14,E00023531,48.022,31.02,28.729,32.771,36.898,58.368,84.689,54.705,50.665,57.793,65.071,102.935,415.858
15,E00023465,120.589,80.337,73.442,74.891,83.766,136.281,212.664,141.678,129.518,132.074,147.725,240.338,1003.996
16,E00023601,198.081,117.874,109.31,118.264,133.471,209.085,349.325,207.876,192.773,208.564,235.382,368.731,1562.65
17,E00023516,190.465,115.771,111.757,107.373,136.566,211.814,335.893,204.167,197.088,189.357,240.84,373.543,1540.89
18,E00023526,301.854,173.94,176.334,161.819,220.407,340.078,532.333,306.751,310.973,285.375,388.697,599.743,2423.871
19,E00023901,14.041,10.359,5.127,6.86,5.867,15.605,24.762,18.269,9.042,12.098,10.347,27.52,102.037
20,E00023517,238.127,151.772,131.843,143.316,159.307,288.569,419.947,267.657,232.511,252.744,280.945,508.904,1962.708
21,E00023779,47.564,26.192,22.197,33.379,29.402,53.542,83.881,46.191,39.145,58.865,51.852,94.424,374.358
22,E00175243,52.354,30.768,27.823,25.459,26.747,61.782,92.329,54.261,49.067,44.898,47.17,108.955,396.679
23,E00024045,76.691,45.775,44.373,44.226,53.028,103.672,135.248,80.726,78.254,77.995,93.517,182.83,648.57
24,E00023749,47.961,32.172,28.544,26.728,27.934,62.654,84.581,56.737,50.339,47.136,49.263,110.493,398.549
25,E00023712,58.109,28.552,23.545,27.865,28.51,65.632,102.478,50.353,41.523,49.141,50.279,115.745,409.518
26,E00024081,41.021,25.798,24.981,20.459,25.491,58.982,72.342,45.496,44.055,36.08,44.955,104.017,346.946
27,E00023843,387.623,258.875,193.904,206.853,228.999,483.485,683.59,456.537,341.958,364.794,403.85,852.647,3103.377
28,E00023870,57.535,35.257,31.772,38.958,40.513,62.159,101.466,62.177,56.031,68.704,71.446,109.62,469.445
29,E00023718,91.017,48.303,44.255,48.929,52.816,116.827,160.512,85.184,78.046,86.288,93.143,206.03,709.204
30,E00023430,15.404,8.969,6.758,8.223,10.404,15.693,27.166,15.817,11.918,14.502,18.348,27.675,115.426
31,E00023944,90.256,45.255,49.442,40.971,67.075,103.097,159.17,79.809,87.193,72.254,118.29,181.816,698.533
32,E00023450,109.712,69.81,60.316,58.745,61.209,127.51,193.482,123.113,106.37,103.599,107.945,224.87,859.379
33,E00023909,55.731,34.165,29.287,36.465,35.372,51.986,98.284,60.251,51.649,64.308,62.38,91.68,428.552
34,E00023591,65.478,42.888,29.945,39.743,32.036,73.167,115.473,75.635,52.809,70.089,56.497,129.033,499.536
35,E00175256,40.516,25.619,19.086,22.768,21.099,54.211,71.452,45.18,33.659,40.152,37.209,95.603,323.256
36,E00023938,542.365,276.693,305.257,249.772,393.92,597.44,956.485,487.96,538.334,440.484,694.695,1053.612,4171.57
37,E00175195,342.53,173.568,177.85,174.357,202.207,407.584,604.067,306.095,313.646,307.486,356.601,718.792,2606.688
38,E00023565,157.312,93.142,74.071,95.163,95.358,163.995,277.427,164.26,130.627,167.824,168.168,289.212,1197.519
39,E00023754,139.872,88.88,70.001,85.485,91.971,144.813,246.67,156.744,123.45,150.757,162.195,255.384,1095.2
40,E00023493,171.854,114.824,109.935,102.414,143.283,197.893,303.072,202.497,193.875,180.612,252.686,348.993,1481.735
41,E00023793,69.515,43.187,38.742,46.244,39.412,84.998,122.593,76.162,68.323,81.553,69.505,149.898,568.034
42,E00023766,21.476,13.473,12.491,10.062,15.744,26.384,37.874,23.76,22.028,17.745,27.765,46.529,175.702
43,E00175216,119.996,72.751,70.555,82.233,78.841,135.666,211.618,128.3,124.427,145.022,139.04,239.253,987.659
44,E00023849,108.534,67.52,60.367,62.411,67.1,112.13,191.404,119.074,106.46,110.065,118.334,197.746,843.083
45,E00023514,98.192,66.36,60.473,63.004,65.603,128.57,173.166,117.029,106.647,111.11,115.694,226.739,850.385
46,E00024007,240.501,140.083,134.182,124.16,164.127,283.967,424.134,247.043,236.636,218.962,289.445,500.788,1917.008
47,E00023534,125.751,85.128,69.607,76.861,75.831,156.83,221.767,150.127,122.755,135.548,133.731,276.577,1040.505
48,E00023802,82.508,48.154,42.371,49.54,52.075,87.261,145.506,84.922,74.723,87.366,91.837,153.889,638.242
49,E00023562,67.74,47.824,37.952,38.196,34.826,87.699,119.462,84.34,66.93,67.36,61.417,154.661,554.171
50,E00023826,533.179,456.336,273.585,342.292,303.704,769.405,940.285,804.769,482.479,603.647,535.595,1356.88,4723.655
51,E00024079,34.486,19.5,22.602,18.244,23.243,42.53,60.818,34.389,39.86,32.174,40.99,75.004,283.234
52,E00023845,671.239,418.881,334.233,363.047,400.55,853.723,1183.76,738.715,589.435,640.249,706.388,1505.578,5364.125
53,E00023523,210.325,133.123,130.595,125.495,146.925,244.494,370.917,234.768,230.31,221.316,259.109,431.176,1747.596
54,E00023436,78.119,43.386,36.031,41.779,40.267,88.242,137.766,76.513,63.542,73.679,71.013,155.619,578.132
55,E00023675,59.421,28.64,31.355,33.245,38.56,67.582,104.792,50.508,55.296,58.629,68.002,119.184,456.411
56,E00023672,48.973,30.803,26.907,34.568,37.555,50.438,86.366,54.322,47.452,60.962,66.23,88.95,404.282
57,E00175194,913.05,451.448,474.103,430.022,550.95,1005.705,1610.204,796.148,836.102,758.363,971.625,1773.605,6746.047
58,E00023628,143.717,80.88,85.937,87.373,111.745,173.535,253.451,142.635,151.554,154.086,197.067,306.037,1204.83
59,E00023652,231.132,118.962,136.509,127.272,147.587,247.99,407.611,209.795,240.74,224.45,260.276,437.341,1780.213
60,E00024093,72.168,39.741,33.013,47.834,40.909,85.681,127.271,70.085,58.22,84.357,72.145,151.102,563.181
61,E00023614,119.933,62.859,54.265,75.031,66.657,127.944,211.507,110.855,95.699,132.32,117.553,225.635,893.568
62,E00175211,45.564,27.013,23.84,33.806,31.798,52.489,80.354,47.639,42.043,59.618,56.077,92.567,378.298
63,E00023581,104.408,69.833,46.064,67.695,52.858,123.881,184.128,123.154,81.236,119.383,93.217,218.47,819.588
64,E00023513,83.205,52.313,45.321,46.237,55.431,105.74,146.736,92.256,79.926,81.541,97.755,186.477,684.691
65,E00023727,178.397,107.0,104.332,109.473,123.866,209.96,314.611,188.699,183.994,193.06,218.443,370.274,1469.082
66,E00023480,77.041,47.758,48.66,47.8,52.913,104.348,135.865,84.223,85.814,84.297,93.314,184.022,667.537
67,E00024013,157.632,94.797,88.303,85.268,106.917,179.951,277.991,167.179,155.726,150.374,188.553,317.352,1257.174
68,E00023419,64.085,46.949,38.504,41.26,42.342,86.589,113.017,82.797,67.904,72.764,74.672,152.704,563.856
69,E00023923,13.276,8.994,5.94,8.057,7.089,14.606,23.413,15.861,10.475,14.209,12.502,25.758,102.219
70,E00023698,158.464,95.909,87.455,91.359,117.638,184.705,279.458,169.14,154.231,161.116,207.46,325.735,1297.14
71,E00023890,61.832,45.251,31.752,36.771,36.371,69.916,109.043,79.802,55.996,64.847,64.142,123.3,497.131
72,E00024101,117.617,69.631,56.464,74.471,67.579,136.33,207.423,122.797,99.577,131.333,119.179,240.424,920.732
73,E00175269,127.621,83.615,60.822,76.476,70.953,150.518,225.065,147.459,107.262,134.869,125.129,265.445,1005.229
74,E00023595,113.551,66.059,59.976,65.803,67.298,119.188,200.252,116.498,105.77,116.046,118.683,210.193,867.443
75,E00024037,59.379,39.445,35.495,32.429,44.839,79.011,104.717,69.563,62.597,57.19,79.076,139.339,512.482
76,E00023874,29.987,23.837,17.212,18.764,17.203,38.325,52.883,42.038,30.354,33.091,30.338,67.588,256.292
77,E00023621,111.545,53.666,60.274,57.87,78.79,128.128,196.715,94.642,106.296,102.056,138.95,225.959,864.618
78,E00023948,232.129,130.13,137.017,119.872,169.808,269.28,409.37,229.49,241.636,211.4,299.464,474.887,1866.246
79,E00023715,86.586,52.832,52.336,58.48,68.889,98.079,152.698,93.172,92.297,103.132,121.489,172.967,735.754
80,E00023646,206.181,114.434,125.534,137.21,143.683,254.974,363.609,201.809,221.385,241.976,253.391,449.658,1731.829
81,E00024095,70.226,39.422,32.888,45.652,38.911,85.368,123.847,69.522,57.999,80.509,68.621,150.55,551.049
82,E00024074,74.518,48.299,37.966,40.706,38.449,82.24,131.416,85.177,66.955,71.787,67.807,145.034,568.175
83,E00023487,197.682,128.345,111.607,118.773,143.421,232.132,348.621,226.342,196.824,209.461,252.929,409.375,1643.553
84,E00023566,178.349,108.463,99.522,104.537,132.409,190.751,314.526,191.279,175.511,184.356,233.509,336.398,1435.58
85,E00023986,117.034,69.547,62.625,62.652,77.529,138.282,206.395,122.649,110.442,110.49,136.726,243.866,930.568
86,E00023495,142.816,92.418,82.68,87.584,95.992,189.389,251.862,162.983,145.81,154.458,169.286,333.996,1218.396
87,E00023929,849.961,444.466,502.98,436.365,644.299,872.886,1498.944,783.835,887.027,769.549,1136.25,1539.373,6614.978
88,E00023886,100.783,71.951,52.104,61.288,59.132,132.703,177.735,126.889,91.888,108.084,104.282,234.028,842.905
89,E00175204,46.766,33.165,22.928,31.738,24.023,57.305,82.474,58.488,40.435,55.971,42.366,101.06,380.793
90,E00175251,62.787,36.942,32.932,36.422,38.906,81.177,110.728,65.149,58.077,64.232,68.612,143.159,509.957
91,E00023720,195.25,111.063,107.407,119.196,134.949,218.292,344.332,195.865,189.417,210.207,237.989,384.968,1562.777
92,E00023954,106.896,62.548,59.825,59.367,72.959,130.336,188.516,110.306,105.504,104.696,128.666,229.853,867.542
93,E00023433,26.885,17.495,16.238,12.846,17.978,35.706,47.413,30.853,28.636,22.654,31.705,62.969,224.231
94,E00024094,46.327,27.009,25.638,28.357,28.48,55.668,81.7,47.632,45.214,50.009,50.226,98.173,372.953
95,E00023978,19.474,10.196,8.592,10.244,8.793,26.37,34.343,17.981,15.152,18.066,15.507,46.505,147.554
96,E00023478,124.183,81.965,64.791,69.59,77.318,152.535,219.002,144.549,114.262,122.725,136.354,269.002,1005.894
97,E00175215,202.69,126.583,127.077,151.793,148.434,253.959,357.453,223.235,224.106,267.694,261.77,447.868,1782.125
98,E00023416,55.047,49.748,30.033,51.676,38.291,67.105,97.078,87.733,52.965,91.133,67.528,118.343,514.779
99,E00023788,29.529,15.888,18.62,22.517,17.123,36.461,52.076,28.019,32.837,39.71,30.197,64.301,247.14
100,E00023839,812.747,472.356,434.659,445.239,528.208,987.936,1433.315,833.021,766.54,785.199,931.518,1742.269,6491.862
101,E00023590,86.726,56.319,43.359,52.89,50.401,97.582,152.945,99.321,76.466,93.274,88.884,172.09,682.98
102,E00175212,296.746,155.509,169.181,147.866,219.206,326.78,523.325,274.247,298.358,260.768,386.579,576.291,2319.568
103,E00023893,185.073,132.967,101.534,119.727,118.389,219.899,326.384,234.493,179.06,211.144,208.784,387.802,1547.667
104,E00175278,55.359,36.919,32.576,41.32,45.85,67.379,97.628,65.108,57.449,72.87,80.858,118.826,492.74
105,E00175257,89.302,43.825,43.575,46.38,59.715,98.653,157.488,77.287,76.846,81.793,105.31,173.979,672.704
106,E00023746,136.944,83.91,70.314,82.382,86.266,132.755,241.507,147.979,124.002,145.284,152.134,234.119,1045.025
107,E00023734,126.003,73.047,67.991,74.681,90.877,150.181,222.212,128.822,119.905,131.703,160.266,264.851,1027.758
108,E00175203,37.75,21.489,16.877,18.062,17.644,38.447,66.574,37.897,29.763,31.853,31.116,67.803,265.006
109,E00023447,86.663,53.595,49.261,57.586,52.193,103.332,152.834,94.517,86.874,101.555,92.045,182.231,710.056
110,E00023872,65.462,42.783,33.984,36.555,38.14,70.35,115.445,75.45,59.932,64.466,67.262,124.065,506.62
111,E00175242,76.255,61.462,41.139,66.983,50.915,94.28,134.479,108.391,72.55,118.127,89.791,166.267,689.606
112,E00024019,66.044,39.18,30.561,36.034,40.928,76.417,116.472,69.096,53.896,63.548,72.178,134.765,509.953
113,E00024060,103.332,62.564,54.589,61.371,66.484,131.449,182.231,110.334,96.27,108.23,117.247,231.816,846.129
114,E00023744,62.22,40.471,36.409,34.759,38.152,80.321,109.728,71.372,64.209,61.299,67.283,141.65,515.54
115,E00023803,42.69,26.352,25.22,28.978,25.844,49.099,75.286,46.473,44.477,51.104,45.577,86.588,349.504
116,E00024090,37.463,22.873,19.759,21.737,20.259,49.423,66.068,40.338,34.846,38.334,35.728,87.16,302.473
117,E00024040,63.439,45.666,39.069,49.525,47.305,79.512,111.877,80.534,68.9,87.34,83.424,140.223,572.298
118,E00175233,91.562,56.951,46.462,58.024,54.586,104.131,161.474,100.436,81.938,102.328,96.265,183.64,726.079
119,E00023968,69.117,42.147,38.646,41.16,45.519,97.549,121.891,74.328,68.154,72.587,80.275,172.032,589.267
120,E00023784,48.463,31.491,22.719,35.279,30.345,55.812,85.467,55.536,40.066,62.216,53.515,98.427,395.226
121,E00023741,69.73,47.087,41.901,42.2,50.926,85.699,122.972,83.04,73.894,74.422,89.81,151.134,595.272
122,E00023761,21.522,14.135,10.601,11.643,12.412,27.154,37.955,24.928,18.695,20.533,21.889,47.887,171.887
123,E00023977,23.719,11.863,9.714,8.903,7.453,21.507,41.83,20.921,17.131,15.701,13.144,37.929,146.655
124,E00023636,119.405,70.096,65.37,70.382,84.277,141.821,210.576,123.617,115.283,124.122,148.626,250.108,972.332
125,E00175245,38.14,27.249,20.04,19.513,21.559,44.749,67.262,48.055,35.341,34.412,38.02,78.917,302.007
126,E00024138,632.291,326.65,368.661,320.02,469.189,636.872,1115.073,576.062,650.15,564.369,827.436,1123.152,4856.241
127,E00024020,60.764,29.982,27.681,33.753,34.814,65.267,107.16,52.875,48.817,59.525,61.396,115.101,444.873
128,E00024078,31.082,23.128,19.431,16.71,19.97,36.163,54.814,40.787,34.267,29.469,35.218,63.775,258.331
129,E00023837,375.516,324.123,178.04,233.445,198.011,554.615,662.239,571.605,313.981,411.691,349.201,978.088,3286.805
130,E00175217,45.166,36.025,25.072,34.759,26.832,54.429,79.652,63.532,44.216,61.299,47.319,95.988,392.006
131,E00023967,96.996,58.137,55.143,53.989,65.622,128.218,171.057,102.527,97.247,95.212,115.727,226.118,807.888
132,E00023569,160.665,100.707,80.492,95.676,98.091,191.915,283.34,177.601,141.951,168.729,172.988,338.451,1283.059
133,E00023497,245.954,149.6,141.435,132.182,171.272,276.793,433.751,263.826,249.427,233.109,302.046,488.137,1970.295
134,E00024110,445.047,217.264,217.397,207.058,262.358,531.237,784.86,383.155,383.389,365.156,462.68,936.86,3316.1
135,E00023835,334.207,206.551,192.816,196.261,222.12,402.539,589.389,364.262,340.04,346.115,391.718,709.895,2741.419
136,E00024121,234.58,136.293,128.965,126.06,166.035,293.641,413.692,240.359,227.435,222.312,292.81,517.849,1914.458
137,E00023946,417.378,218.353,239.956,203.971,312.407,474.395,736.065,385.075,423.173,359.712,550.944,836.617,3291.585
138,E00023572,437.819,263.753,226.61,251.127,293.045,485.501,772.113,465.14,399.637,442.874,516.798,856.202,3452.764
139,E00023807,40.454,24.309,18.225,29.634,24.198,46.326,71.342,42.87,32.141,52.261,42.674,81.698,322.986
140,E00023532,109.063,65.282,59.24,58.083,75.108,117.224,192.337,115.128,104.472,102.432,132.456,206.73,853.555
141,E00175237,94.869,56.69,47.349,53.207,59.297,102.982,167.306,99.975,83.502,93.833,104.573,181.613,730.802
142,E00024052,191.923,112.581,105.133,108.813,126.555,229.325,338.465,198.542,185.407,191.897,223.185,404.425,1541.92
143,E00024001,156.997,87.625,73.476,81.467,88.219,183.828,276.871,154.531,129.578,143.671,155.578,324.189,1184.417
144,E00023751,51.384,28.881,34.397,32.752,37.831,55.555,90.618,50.933,60.661,57.76,66.717,97.974,424.661
145,E00023578,149.547,93.232,77.18,85.176,103.878,167.167,263.733,164.419,136.11,150.212,183.193,294.806,1192.473
146,E00023861,134.792,77.261,66.895,71.9,70.955,156.107,237.712,136.253,117.972,126.799,125.132,275.302,1019.17
147,E00023830,233.531,133.506,138.544,129.563,165.526,287.954,411.842,235.444,244.328,228.49,291.912,507.82,1919.836
148,E00023759,97.677,60.896,54.107,51.968,57.974,94.897,172.258,107.393,95.42,91.648,102.24,167.355,736.313
149,E00023785,56.786,34.595,27.086,34.441,35.116,68.933,100.145,61.01,47.767,60.738,61.929,121.566,453.155
150,E00024109,396.35,222.194,208.353,210.918,270.15,476.236,698.981,391.849,367.44,371.963,476.421,839.863,3146.517
151,E00023664,204.953,133.724,110.787,103.657,116.27,248.164,361.444,235.828,195.378,182.804,205.047,437.648,1618.149
152,E00024106,26.986,14.706,12.223,13.602,12.879,28.27,47.591,25.935,21.556,23.988,22.713,49.855,191.637
153,E00024026,64.562,35.813,31.528,39.461,38.017,83.298,113.858,63.158,55.601,69.591,67.045,146.9,516.152
154,E00024089,149.02,81.618,69.528,87.267,82.916,170.59,262.803,143.937,122.616,153.899,146.226,300.843,1130.324
155,E00024085,89.552,59.268,51.035,44.445,51.044,120.088,157.929,104.522,90.002,78.381,90.018,211.78,732.633
156,E00023521,193.205,111.265,113.666,106.382,139.183,203.903,340.726,196.221,200.455,187.609,245.455,359.592,1530.058
157,E00024105,102.566,60.399,64.931,50.054,81.754,106.938,180.88,106.516,114.509,88.272,144.177,188.59,822.944
158,E00023467,97.43,59.099,59.884,54.149,64.03,104.078,171.822,104.224,105.608,95.494,112.92,183.546,773.614
159,E00024137,414.734,227.579,226.73,238.598,286.727,493.218,731.402,401.346,399.848,420.778,505.656,869.812,3328.841
160,E00023796,61.897,36.544,37.444,34.74,38.595,76.148,109.158,64.447,66.034,61.266,68.064,134.29,503.259
161,E00023432,20.616,11.095,10.349,10.292,14.203,28.349,36.357,19.567,18.251,18.15,25.048,49.995,167.367
162,E00023550,25.937,14.577,15.472,14.117,13.574,30.903,45.741,25.707,27.286,24.896,23.938,54.499,202.067
163,E00024124,555.067,405.362,285.31,295.596,345.799,769.467,978.885,714.874,503.157,521.297,609.832,1356.989,4685.033
164,E00023542,58.587,36.888,30.27,34.783,37.092,83.399,103.321,65.054,53.382,61.341,65.413,147.078,495.589
165,E00023696,125.292,73.248,64.415,70.297,82.399,158.797,220.958,129.176,113.599,123.972,145.314,280.046,1013.064
166,E00023903,49.334,36.332,27.816,46.409,28.355,56.586,87.003,64.073,49.055,81.844,50.005,99.792,431.772
167,E00023689,182.099,95.193,96.761,84.392,126.964,224.176,321.14,167.877,170.642,148.829,223.907,395.344,1427.739
168,E00023494,328.434,193.577,201.41,190.495,252.359,365.347,579.208,341.382,355.195,335.946,445.046,644.306,2701.083
169,E00175261,35.298,18.619,16.966,23.083,14.14,40.82,62.25,32.835,29.92,40.708,24.937,71.988,262.638
170,E00175180,231.283,141.415,153.896,137.072,174.379,271.931,407.878,249.392,271.402,241.733,307.525,479.562,1957.492
171,E00024034,102.103,57.211,50.838,55.948,55.946,129.734,180.063,100.894,89.655,98.667,98.663,228.792,796.734
172,E00024009,47.52,26.853,22.119,25.345,27.134,57.738,83.804,47.356,39.008,44.697,47.852,101.824,364.54
173,E00023540,94.776,58.01,54.171,61.72,64.94,126.515,167.142,102.303,95.533,108.846,114.525,223.115,811.463
174,E00023634,89.545,49.271,56.122,53.421,48.082,103.662,157.917,86.892,98.974,94.21,84.795,182.813,705.599
175,E00024084,79.652,59.83,40.284,43.167,48.733,107.369,140.47,105.513,71.043,76.127,85.943,189.35,668.445
176,E00023942,366.335,198.058,206.716,173.001,260.563,420.605,646.048,349.284,364.553,305.095,459.514,741.755,2866.249
177,E00023558,137.301,77.125,86.215,72.548,112.657,153.126,242.136,136.013,152.044,127.942,198.676,270.044,1126.855
178,E00023488,181.713,112.118,104.499,105.347,122.368,231.743,320.459,197.725,184.289,185.784,215.801,408.689,1512.747
179,E00024073,78.012,49.225,37.685,43.371,43.424,86.782,137.578,86.81,66.459,76.487,76.58,153.044,596.958
180,E00024080,130.889,81.733,63.677,83.55,71.512,144.617,230.829,144.14,112.297,147.344,126.115,255.038,1015.763
181,E00023551,57.457,32.323,37.764,37.203,41.253,67.294,101.328,57.003,66.598,65.609,72.751,118.676,481.966
182,E00024122,148.795,86.124,79.268,75.185,95.843,192.64,262.407,151.883,139.793,132.592,169.023,339.729,1195.427
183,E00023920,207.911,126.637,129.366,117.199,160.26,214.02,366.66,223.33,228.143,206.686,282.626,377.434,1684.878
184,E00023547,56.276,31.519,35.029,38.45,37.403,68.652,99.245,55.585,61.775,67.808,65.962,121.071,471.446
185,E00023971,62.034,33.54,34.35,37.903,39.456,75.641,109.4,59.149,60.578,66.844,69.582,133.396,498.949
186,E00024071,60.572,46.982,33.508,48.76,44.599,81.137,106.821,82.855,59.093,85.99,78.652,143.089,556.5
187,E00023726,69.238,40.479,33.189,37.756,40.759,83.686,122.104,71.387,58.53,66.584,71.88,147.584,538.07
188,E00024129,1094.295,675.361,573.913,557.3,692.14,1415.886,1929.838,1191.029,1012.121,982.823,1220.619,2496.977,8833.407
189,E00023721,166.5,104.808,96.609,106.071,115.526,201.72,293.63,184.834,170.374,187.061,203.735,355.742,1395.376
190,E00023758,80.047,57.465,50.555,39.734,54.964,89.853,141.166,101.342,89.156,70.073,96.931,158.46,657.128
191,E00023797,29.775,18.908,15.658,20.286,16.857,35.599,52.51,33.345,27.614,35.775,29.728,62.78,241.752
192,E00024066,65.431,36.585,33.031,34.19,39.225,88.695,115.39,64.519,58.252,60.296,69.175,156.418,524.049
193,E00175208,145.334,75.583,79.744,84.049,100.56,166.293,256.303,133.294,140.632,148.224,177.342,293.265,1149.06
194,E00023650,90.248,51.388,51.327,70.428,61.106,121.589,159.156,90.625,90.517,124.203,107.763,214.428,786.692
195,E00023739,93.113,63.652,53.226,56.015,58.652,124.838,164.209,112.253,93.866,98.785,103.435,220.157,792.706
196,E00023511,56.623,41.182,34.903,34.255,41.71,80.006,99.857,72.626,61.553,60.41,73.557,141.094,509.098
197,E00023765,44.475,29.032,27.371,27.08,33.833,43.668,78.434,51.199,48.27,47.757,59.666,77.01,362.336
198,E00023911,33.929,19.732,21.611,23.028,26.64,32.551,59.835,34.798,38.112,40.611,46.981,57.405,277.742
199,E00023512,92.295,59.743,51.607,54.925,58.204,117.856,162.766,105.359,91.011,96.863,102.645,207.844,766.489
200,E00175206,1728.361,1032.563,987.375,1036.213,1236.837,2002.937,3048.041,1820.97,1741.279,1827.407,2181.217,3532.268,14151.182
201,E00023768,20.156,10.433,10.763,7.944,13.991,25.388,35.546,18.399,18.981,14.01,24.674,44.773,156.382
202,E00175200,81.499,44.693,36.585,52.829,44.196,93.259,143.727,78.818,64.519,93.166,77.942,164.466,622.639
203,E00023662,218.883,133.737,124.258,121.118,153.661,275.442,386.01,235.851,219.134,213.597,270.988,485.754,1811.334
204,E00023637,84.568,46.479,47.908,50.025,61.593,109.006,149.139,81.968,84.488,88.221,108.622,192.237,704.675
205,E00024077,65.751,44.759,33.281,35.99,38.118,81.058,115.955,78.934,58.693,63.47,67.223,142.949,527.224
206,E00023981,44.313,25.51,19.107,20.173,19.207,42.166,78.148,44.988,33.696,35.576,33.872,74.362,300.642
207,E00023533,54.117,41.953,30.555,40.526,34.586,64.979,95.438,73.986,53.885,71.469,60.994,114.593,470.365
208,E00023678,48.059,31.292,24.593,31.725,31.335,56.906,84.754,55.185,43.371,55.948,55.261,100.356,394.875
209,E00175190,1000.515,529.547,522.353,496.973,626.51,1212.487,1764.452,933.88,921.193,876.434,1104.878,2138.274,7739.111
210,E00023906,14.643,9.225,5.654,7.901,7.82,15.17,25.824,16.269,9.971,13.934,13.791,26.753,106.541
211,E00024125,221.903,115.351,122.094,106.922,144.795,266.682,391.336,203.427,215.318,188.562,255.352,470.305,1724.3
212,E00175230,40.343,31.868,22.717,32.631,23.89,50.844,71.147,56.201,40.062,57.546,42.131,89.666,356.753
213,E00023647,198.916,113.93,124.581,139.066,135.788,244.735,350.797,200.921,219.704,245.249,239.468,431.601,1687.74
214,E00024087,42.491,29.622,22.805,24.825,23.273,53.872,74.935,52.24,40.218,43.78,41.043,95.006,347.221
215,E00023451,44.556,24.377,27.632,22.08,28.799,55.68,78.576,42.99,48.73,38.939,50.788,98.194,358.218
216,E00023711,153.642,87.507,86.493,94.599,108.959,173.933,270.954,154.322,152.534,166.83,192.154,306.739,1243.533
217,E00023883,53.199,40.568,33.659,56.776,32.033,60.117,93.819,71.543,59.359,100.127,56.492,106.019,487.359
218,E00023462,49.47,27.677,28.029,29.542,37.393,54.602,87.243,48.81,49.43,52.099,65.944,96.293,399.818
219,E00023544,66.208,37.09,43.191,45.173,46.717,89.979,116.761,65.41,76.169,79.665,82.387,158.682,579.074
220,E00023539,45.605,27.81,23.786,30.463,28.442,54.537,80.426,49.044,41.948,53.723,50.159,96.178,371.478
221,E00023656,150.037,76.971,88.645,81.414,86.386,150.992,264.597,135.742,156.329,143.577,152.346,266.281,1118.872
222,E00023713,70.242,37.164,31.971,34.827,39.072,84.922,123.875,65.54,56.382,61.419,68.905,149.764,525.885
223,E00023461,41.05,25.511,22.195,20.188,25.565,48.19,72.393,44.99,39.142,35.602,45.085,84.985,322.198
224,E00023825,234.734,182.838,118.749,173.738,132.754,307.732,413.964,322.443,209.419,306.395,234.118,542.699,2029.037
225,E00023710,95.595,56.276,56.094,59.798,71.965,111.815,168.586,99.245,98.924,105.456,126.913,197.191,796.316
226,E00023927,309.886,170.934,169.458,159.901,209.409,355.26,546.498,301.45,298.847,281.992,369.302,626.517,2424.605
227,E00023709,42.119,26.182,17.223,27.797,23.314,41.707,74.279,46.173,30.374,49.021,41.115,73.552,314.514
228,E00024055,156.177,93.189,86.947,90.821,107.05,201.249,275.425,164.343,153.335,160.167,188.787,354.911,1296.969
229,E00023602,50.568,32.539,21.997,29.919,26.835,57.437,89.179,57.384,38.793,52.763,47.325,101.293,386.736
230,E00023655,89.646,44.778,40.794,40.729,51.285,103.51,158.095,78.968,71.942,71.827,90.443,182.544,653.82
231,E00024032,240.426,141.584,163.799,133.791,201.628,271.144,424.002,249.69,288.867,235.946,355.58,478.174,2032.259
232,E00023418,167.83,127.372,92.112,129.13,113.208,192.578,295.976,224.626,162.444,227.726,199.647,339.62,1450.039
233,E00175226,272.764,134.88,143.475,133.397,179.118,301.758,481.031,237.867,253.024,235.251,315.882,532.164,2055.22
234,E00023992,92.291,52.187,50.132,46.526,59.856,113.048,162.759,92.034,88.41,82.051,105.559,199.365,730.178
235,E00023974,56.47,30.536,28.387,27.6,30.576,62.258,99.587,53.852,50.062,48.674,53.922,109.795,415.891
236,E00023643,96.848,49.091,53.445,47.345,71.658,113.134,170.796,86.574,94.253,83.495,126.372,199.517,761.006
237,E00023877,150.059,86.908,78.513,76.611,81.649,149.686,264.636,153.266,138.461,135.107,143.992,263.978,1099.439
238,E00023905,47.525,31.415,26.168,29.071,34.507,44.925,83.812,55.402,46.148,51.268,60.855,79.227,376.712
239,E00175254,72.429,34.568,38.435,37.364,46.742,84.111,127.732,60.962,67.782,65.893,82.432,148.333,553.134
240,E00023579,126.726,69.067,70.057,73.096,96.786,127.121,223.487,121.803,123.549,128.908,170.686,224.183,992.616
241,E00023996,82.622,47.893,47.767,46.107,59.327,97.225,145.708,84.461,84.239,81.312,104.626,171.461,671.806
242,E00024059,169.051,101.462,89.64,101.364,108.41,215.975,298.129,178.933,158.084,178.76,191.186,380.881,1385.973
243,E00023848,281.345,256.761,140.181,195.138,153.013,403.402,496.164,452.809,247.215,344.134,269.845,711.417,2521.586
244,E00023438,45.035,29.605,26.277,26.652,30.769,56.525,79.421,52.21,46.341,47.002,54.262,99.684,378.92
245,E00024021,31.649,15.078,11.372,16.014,14.194,40.101,55.814,26.591,20.055,28.241,25.032,70.72,226.453
246,E00024043,74.835,49.039,44.269,48.591,52.64,87.632,131.975,86.482,78.07,85.692,92.833,154.543,629.596
247,E00023442,156.09,107.338,85.599,113.245,103.505,196.46,275.272,189.295,150.958,199.713,182.536,346.466,1344.239
248,E00023912,45.258,25.346,15.957,25.94,20.015,43.055,79.814,44.699,28.141,45.746,35.297,75.929,309.627
249,E00175263,33.942,20.325,16.576,26.289,17.09,35.856,59.858,35.844,29.233,46.362,30.139,63.234,264.669
250,E00175223,45.823,35.147,25.502,35.121,32.666,58.505,80.811,61.983,44.974,61.937,57.608,103.176,410.49
251,E00023694,80.2,46.363,39.98,43.077,49.576,101.186,141.436,81.763,70.506,75.968,87.429,178.446,635.55
252,E00023541,44.92,36.715,25.163,33.441,29.709,55.664,79.218,64.749,44.376,58.975,52.393,98.166,397.877
253,E00023812,148.139,108.802,79.598,101.178,93.373,175.072,261.25,191.877,140.375,178.432,164.667,308.747,1245.348
254,E00023860,61.145,34.672,24.658,28.581,26.388,65.742,107.832,61.146,43.485,50.404,46.536,115.939,425.342
255,E00023723,193.673,114.601,114.061,120.519,142.112,223.694,341.551,202.104,201.152,212.541,250.621,394.494,1602.462
256,E00023998,69.405,43.145,41.573,42.119,52.602,90.262,122.399,76.088,73.316,74.279,92.766,159.181,598.028
257,E00023545,65.861,42.876,37.825,45.655,48.01,81.543,116.149,75.614,66.706,80.515,84.668,143.805,567.456
258,E00023869,75.344,50.959,37.996,51.569,43.315,91.46,132.872,89.868,67.008,90.944,76.388,161.294,618.374
259,E00023519,184.638,114.94,108.556,109.618,129.797,219.709,325.617,202.702,191.443,193.316,228.903,387.467,1529.448
260,E00023600,71.184,41.344,31.291,36.086,37.126,75.897,125.536,72.912,55.183,63.639,65.473,133.848,516.591
261,E00175225,74.02,46.035,35.31,39.066,39.523,89.69,130.538,81.185,62.271,68.895,69.701,158.172,570.76
262,E00023559,183.203,114.218,96.007,100.299,108.256,212.062,323.087,201.428,169.313,176.882,190.914,373.981,1435.604
263,E00023908,19.403,13.063,7.724,11.017,10.466,18.567,34.218,23.037,13.622,19.429,18.457,32.744,141.507
264,E00024054,556.096,298.326,336.285,290.339,426.213,655.502,980.7,526.111,593.053,512.026,751.645,1156.007,4519.542
265,E00023919,825.811,446.315,391.619,404.599,428.622,793.249,1456.354,787.096,690.637,713.528,755.894,1398.93,5802.439
266,E00023836,257.135,149.085,150.858,149.375,180.014,317.761,453.469,262.918,266.045,263.429,317.463,560.386,2123.709
267,E00023916,52.902,35.967,31.928,30.773,39.465,73.91,93.295,63.429,56.306,54.27,69.598,130.344,467.242
268,E00024005,339.909,192.061,191.466,187.668,234.772,389.162,599.445,338.708,337.659,330.961,414.031,686.304,2707.107
269,E00023454,66.128,32.962,30.922,36.179,43.844,75.042,116.62,58.13,54.532,63.803,77.321,132.34,502.746
270,E00175246,42.323,26.867,27.184,25.394,33.413,55.222,74.638,47.381,47.94,44.783,58.925,97.386,371.055
271,E00023991,73.49,40.226,42.016,37.325,51.65,87.239,129.603,70.94,74.097,65.824,91.087,153.85,585.401
272,E00024069,50.088,28.22,24.323,25.948,30.516,63.82,88.332,49.767,42.895,45.76,53.816,112.549,393.12
273,E00023641,65.91,38.439,36.224,37.787,51.759,70.631,116.235,67.789,63.883,66.639,91.279,124.561,530.386
274,E00024099,31.974,19.679,12.611,19.619,16.08,40.771,56.388,34.705,22.24,34.599,28.358,71.901,248.191
275,E00023937,1021.028,522.461,561.004,507.674,704.805,1122.064,1800.628,921.383,989.355,895.306,1242.955,1978.809,7828.436
276,E00024006,202.68,124.39,126.905,114.566,151.447,244.29,357.435,219.367,223.803,202.042,267.083,430.816,1700.547
277,E00023603,75.25,42.485,33.624,38.417,39.242,78.665,132.707,74.924,59.297,67.75,69.205,138.729,542.613
278,E00023820,176.644,110.747,91.308,92.319,113.119,239.002,311.519,195.307,161.026,162.809,199.49,421.491,1451.642
279,E00023813,253.004,162.468,149.389,161.527,175.678,285.48,446.184,286.519,263.454,284.86,309.816,503.457,2094.29
280,E00023794,37.285,21.139,22.996,26.97,28.505,44.457,65.754,37.28,40.554,47.563,50.27,78.402,319.822
281,E00023844,575.277,381.284,289.755,305.012,351.453,753.873,1014.526,672.411,510.996,537.902,619.803,1329.488,4685.127
282,E00023520,190.031,115.416,114.042,104.177,134.001,209.555,335.128,203.541,201.118,183.721,236.317,369.559,1529.384
283,E00023922,281.965,84.974,76.606,54.356,79.337,146.965,497.258,149.855,135.098,95.859,139.914,259.179,1277.164
284,E00024024,172.201,86.399,108.926,83.879,137.712,189.489,303.684,152.368,192.096,147.924,242.861,334.172,1373.106
285,E00175222,78.591,45.841,43.526,43.808,52.756,106.327,138.599,80.843,76.76,77.257,93.038,187.512,654.009
286,E00175277,41.753,20.356,16.373,20.955,19.306,48.809,73.633,35.899,28.875,36.955,34.047,86.077,295.485
287,E00023464,116.779,74.873,70.532,67.23,74.31,137.165,205.945,132.042,124.386,118.563,131.049,241.897,953.882
288,E00175201,71.32,39.303,31.321,51.72,38.514,82.146,125.776,69.313,55.236,91.211,67.921,144.868,554.324
289,E00023806,106.953,61.213,57.415,71.165,62.777,128.497,188.616,107.952,101.254,125.503,110.71,226.61,860.645
290,E00024100,79.961,45.85,41.993,56.13,51.641,95.762,141.015,80.858,74.057,98.988,91.071,168.881,654.869
291,E00023897,24.16,14.547,10.61,12.785,14.016,25.462,42.607,25.654,18.711,22.547,24.718,44.903,179.141
292,E00023635,114.811,63.073,58.26,63.637,73.618,144.437,202.474,111.232,102.744,112.227,129.829,254.721,913.227
293,E00023857,30.363,13.521,15.031,13.574,12.781,35.404,53.546,23.845,26.508,23.938,22.54,62.437,212.814
294,E00023719,101.674,59.14,50.329,56.607,61.368,129.261,179.307,104.296,88.757,99.829,108.225,227.957,808.372
295,E00023515,162.05,96.355,87.114,94.286,106.81,192.542,285.782,169.926,153.629,166.278,188.364,339.556,1303.536
296,E00023815,193.87,112.798,114.262,112.216,140.228,214.012,341.898,198.924,201.506,197.898,247.298,377.42,1564.944
297,E00175275,85.996,46.798,37.254,50.347,43.848,91.968,151.658,82.53,65.699,88.789,77.328,162.19,628.194
298,E00023666,260.769,168.821,136.879,138.218,145.358,316.162,459.878,297.723,241.392,243.754,256.345,557.566,2056.658
299,E00023864,101.615,53.315,54.06,52.111,58.189,119.515,179.203,94.023,95.337,91.9,102.619,210.77,773.852
300,E00175271,80.005,52.079,36.756,50.01,42.072,97.61,141.092,91.844,64.821,88.195,74.196,172.14,632.287
301,E00023914,102.404,67.416,42.177,60.747,52.163,103.161,180.594,118.891,74.381,107.13,91.992,181.929,754.917
302,E00023626,144.329,82.005,81.792,83.445,106.235,169.107,254.531,144.619,144.244,147.159,187.35,298.228,1176.131
303,E00175188,69.853,46.145,40.906,42.805,50.111,82.012,123.189,81.379,72.14,75.489,88.373,144.632,585.2
304,E00024076,81.626,55.007,39.331,45.031,44.741,95.516,143.951,97.007,69.362,79.414,78.903,168.447,637.084
305,E00023808,48.059,29.656,21.69,34.182,26.801,54.653,84.754,52.3,38.251,60.281,47.265,96.383,379.234
306,E00023935,1290.279,657.62,733.192,641.231,934.918,1354.796,2275.464,1159.742,1293.016,1130.839,1648.769,2389.243,9897.073
307,E00023509,242.911,150.08,148.576,142.431,199.815,298.459,428.384,264.673,262.02,251.183,352.383,526.346,2084.989
308,E00023525,299.155,192.588,177.91,178.74,201.826,355.115,527.573,339.637,313.752,315.216,355.929,626.261,2478.369
309,E00023484,48.715,28.016,34.65,22.774,28.133,55.992,85.911,49.407,61.107,40.163,49.614,98.744,384.946
310,E00023706,67.856,39.42,31.771,40.229,40.085,73.1,119.667,69.519,56.03,70.946,70.692,128.915,515.768
311,E00024038,64.96,49.629,37.283,56.768,47.329,79.716,114.56,87.523,65.75,100.113,83.467,140.583,591.995
312,E00023800,72.998,48.347,49.003,52.034,53.582,80.877,128.735,85.262,86.419,91.764,94.494,142.63,629.305
313,E00023748,65.274,46.367,39.623,35.974,40.361,86.75,115.114,81.77,69.877,63.442,71.178,152.987,554.368
314,E00024114,603.669,328.614,321.034,329.692,390.739,727.641,1064.597,579.525,566.158,581.426,689.085,1283.227,4764.019
315,E00023862,46.157,29.021,20.293,27.946,20.731,58.982,81.4,51.18,35.788,49.284,36.56,104.017,358.229
316,E00175260,24.347,14.922,13.233,16.88,10.786,31.179,42.937,26.316,23.337,29.769,19.022,54.986,196.365
317,E00023486,209.24,129.779,123.306,118.335,145.518,239.38,369.004,228.871,217.456,208.689,256.627,422.157,1702.804
318,E00023570,146.504,94.328,73.537,86.292,86.758,177.394,258.366,166.352,129.686,152.18,153.002,312.842,1172.427
319,E00023789,40.75,19.449,19.515,20.919,19.988,52.663,71.864,34.299,34.416,36.892,35.25,92.874,305.594
320,E00023928,647.076,343.677,384.083,327.72,486.961,691.818,1141.147,606.09,677.347,577.949,858.777,1220.052,5081.361
321,E00023527,236.712,136.59,136.838,125.818,160.172,290.244,417.452,240.882,241.32,221.886,282.47,511.858,1915.868
322,E00023990,90.434,48.358,53.236,50.899,63.597,105.759,159.484,85.281,93.884,89.763,112.156,186.511,727.079
323,E00023606,154.375,100.291,88.985,98.433,104.793,156.675,272.247,176.868,156.929,173.591,184.807,276.303,1240.745
324,E00023858,50.981,37.742,20.962,32.831,23.562,69.196,89.907,66.56,36.967,57.899,41.553,122.03,414.916
325,E00023627,289.712,165.535,170.078,167.432,193.713,307.899,510.92,291.928,299.94,295.274,341.621,542.993,2282.677
326,E00023473,173.026,107.98,99.188,109.0,127.723,204.9,305.139,190.427,174.922,192.226,225.245,361.35,1449.311
327,E00023816,172.509,146.091,84.26,123.381,93.47,215.906,304.227,257.638,148.596,217.588,164.838,380.76,1473.647
328,E00023538,93.905,62.175,50.816,60.701,55.964,108.231,165.606,109.648,89.616,107.049,98.695,190.87,761.484
329,E00023975,108.634,58.489,53.129,54.213,61.803,128.992,191.581,103.148,93.695,95.607,108.992,227.483,820.507
330,E00023632,194.088,114.183,117.877,120.085,150.765,228.779,342.283,201.367,207.881,211.775,265.881,403.462,1632.649
331,E00023619,204.645,121.751,118.295,125.783,149.474,229.263,360.9,214.713,208.618,221.824,263.604,404.315,1673.975
332,E00023918,89.577,56.983,45.701,54.702,54.301,85.369,157.973,100.492,80.596,96.469,95.762,150.552,681.844
333,E00175199,129.006,78.654,70.859,81.501,91.072,154.71,227.508,138.71,124.963,143.731,160.609,272.838,1068.359
334,E00023631,124.325,74.044,75.493,79.199,102.207,148.696,219.253,130.58,133.135,139.671,180.247,262.232,1065.117
335,E00023921,182.89,108.411,111.801,103.663,142.894,181.884,322.535,191.188,197.166,182.814,252.0,320.76,1466.463
336,E00023817,418.782,343.285,213.782,257.875,250.407,570.831,738.541,605.398,377.014,454.774,441.604,1006.686,3624.016
337,E00023605,125.131,73.974,55.799,66.12,67.912,142.248,220.674,130.456,98.404,116.606,119.766,250.861,936.766
338,E00175196,1278.455,634.232,653.362,607.034,787.869,1490.86,2254.612,1118.496,1152.233,1070.531,1389.442,2629.197,9614.511
339,E00023833,246.908,173.701,127.183,157.066,142.388,314.279,435.433,306.329,224.293,276.993,251.108,554.245,2048.401
340,E00023852,34.434,16.067,15.448,17.211,12.897,39.21,60.726,28.335,27.243,30.352,22.744,69.149,238.549
341,E00175214,285.808,156.751,176.544,162.125,251.606,309.94,504.035,276.437,311.343,285.915,443.718,546.593,2368.041
342,E00175279,65.083,35.153,28.451,49.784,33.384,75.995,114.777,61.994,50.175,87.796,58.874,134.021,507.636
343,E00175273,151.894,99.661,72.205,91.863,91.081,179.636,267.872,175.757,127.337,162.004,160.625,316.796,1210.391
344,E00023413,64.954,41.385,37.585,37.732,41.268,87.777,114.549,72.984,66.283,66.542,72.778,154.799,547.935
345,E00024126,203.895,111.973,111.719,105.653,133.311,256.672,359.578,197.469,197.021,186.324,235.1,452.652,1628.144
346,E00023805,76.522,44.322,47.411,54.689,57.444,87.951,134.95,78.164,83.611,96.446,101.305,155.105,649.582
347,E00024061,103.818,62.514,66.972,67.733,86.245,125.06,183.088,110.246,118.108,119.45,152.097,220.549,903.538
348,E00023798,52.038,32.025,35.642,35.947,36.374,59.742,91.771,56.478,62.856,63.394,64.147,105.358,444.004
349,E00023474,121.775,78.83,71.5,78.244,90.701,146.315,214.756,139.02,126.093,137.987,159.955,258.033,1035.844
350,E00023898,50.626,29.741,23.319,24.277,35.19,53.445,89.281,52.45,41.124,42.814,62.059,94.253,381.98
351,E00175193,582.398,288.193,324.396,279.624,373.672,658.102,1027.085,508.241,572.087,493.129,658.987,1160.592,4420.121
352,E00175266,97.924,63.992,45.532,60.136,53.906,117.362,172.693,112.853,80.298,106.052,95.066,206.973,773.935
353,E00023625,175.361,91.201,100.105,92.295,100.638,180.378,309.257,160.837,176.54,162.766,177.48,318.105,1304.984
354,E00023507,178.301,104.535,112.46,104.569,141.635,204.195,314.442,184.352,198.328,184.412,249.78,360.107,1491.42
355,E00023660,125.854,72.334,58.572,55.377,65.128,161.107,221.949,127.564,103.294,97.66,114.856,284.119,949.443
356,E00023414,18.332,13.821,12.367,11.382,19.576,25.15,32.329,24.374,21.81,20.073,34.523,44.353,177.462
357,E00023814,200.218,124.705,101.619,108.222,130.711,251.525,353.093,219.923,179.21,190.854,230.515,443.575,1617.17
358,E00023554,58.459,34.668,38.644,40.02,41.388,75.365,103.095,61.139,68.15,70.577,72.99,132.91,508.86
359,E00023452,124.792,74.193,69.588,72.768,89.189,141.525,220.076,130.843,122.722,128.33,157.289,249.586,1008.844
360,E00023955,454.289,257.249,254.348,258.342,293.359,534.66,801.159,453.67,448.554,455.598,517.352,942.897,3619.228
361,E00023731,204.255,122.404,112.847,122.669,147.181,241.236,360.213,215.865,199.011,216.332,259.56,425.43,1676.411
362,E00023589,97.18,64.719,49.492,60.153,57.434,108.759,171.381,114.135,87.281,106.082,101.287,191.801,771.969
363,E00023615,58.475,35.05,29.149,38.01,33.081,68.521,103.123,61.812,51.406,67.032,58.34,120.84,462.553
364,E00023633,137.695,78.137,85.577,98.867,93.798,180.804,242.831,137.798,150.919,174.356,165.417,318.856,1190.177
365,E00023481,146.179,107.056,72.301,79.996,85.907,199.889,257.793,188.798,127.506,141.076,151.501,352.513,1219.187
366,E00024030,189.914,89.133,88.201,89.384,105.702,220.191,334.922,157.19,155.546,157.633,186.41,388.317,1380.017
367,E00023733,94.366,57.513,50.968,52.236,67.84,122.46,166.419,101.427,89.884,92.12,119.639,215.964,785.453
368,E00023755,69.714,39.844,46.489,40.686,46.45,71.58,122.944,70.267,81.985,71.752,81.917,126.234,555.098
369,E00023841,437.362,339.366,218.179,257.929,251.185,611.774,771.307,598.487,384.768,454.869,442.976,1078.89,3731.298
370,E00023717,34.091,19.876,12.827,22.056,14.004,31.934,60.121,35.052,22.621,38.897,24.697,56.317,237.705
371,E00024041,73.802,51.112,41.236,48.557,50.355,86.443,130.153,90.138,72.722,85.632,88.803,152.446,619.895
372,E00023951,123.347,67.638,77.006,68.12,98.012,135.324,217.528,119.283,135.803,120.133,172.848,238.65,1004.245
373,E00023576,167.235,101.101,97.584,100.72,132.274,181.441,294.926,178.296,172.094,177.624,233.271,319.979,1376.19
374,E00175184,172.262,99.709,103.583,111.631,120.849,199.18,303.792,175.841,182.673,196.866,213.123,351.263,1423.558
375,E00023725,131.525,77.134,65.981,74.972,84.87,160.462,231.95,136.029,116.36,132.216,149.672,282.982,1049.21
376,E00023503,208.19,124.996,119.969,112.075,153.69,259.58,367.152,220.436,211.571,197.649,271.039,457.781,1725.628
377,E00175252,72.259,36.255,40.617,37.604,50.301,81.6,127.432,63.937,71.63,66.316,88.708,143.905,561.929
378,E00024016,44.536,22.056,24.441,22.433,31.56,45.598,78.541,38.897,43.103,39.562,55.657,80.414,336.174
379,E00023500,278.333,164.335,157.598,155.375,191.014,300.99,490.853,289.812,277.931,274.011,336.862,530.809,2200.277
380,E00023810,35.571,18.512,19.631,26.296,21.001,38.348,62.731,32.647,34.62,46.374,37.036,67.628,281.037
381,E00023508,212.089,130.019,137.224,125.678,175.854,263.03,374.028,229.294,242.001,221.639,310.126,463.865,1840.953
382,E00023556,22.699,11.303,13.263,13.41,10.995,28.943,40.031,19.933,23.39,23.649,19.39,51.042,177.435
383,E00023674,186.366,116.11,99.512,114.748,125.15,230.036,328.665,204.765,175.494,202.363,220.708,405.679,1537.673
384,E00024039,69.97,47.018,42.596,44.213,52.284,89.004,123.395,82.918,75.12,77.972,92.205,156.962,608.573
385,E00023829,319.536,266.275,166.742,210.608,182.098,464.02,563.516,469.588,294.057,371.417,321.138,818.32,2838.035
386,E00023900,49.615,41.146,28.551,47.028,29.569,53.814,87.498,72.563,50.351,82.936,52.146,94.903,440.398
387,E00023524,192.75,113.608,120.404,107.243,148.038,210.322,339.923,200.353,212.338,189.128,261.072,370.912,1573.725
388,E00023930,1517.19,696.242,735.617,625.511,872.822,1685.037,2675.632,1227.853,1297.293,1103.116,1539.26,2971.637,10814.792
389,E00023941,351.977,191.437,207.234,176.658,266.239,408.353,620.727,337.608,365.466,311.544,469.524,720.149,2825.018
390,E00023608,106.151,59.107,48.074,55.204,58.263,116.195,187.202,104.238,84.781,97.355,102.749,204.915,781.239
391,E00175192,371.832,183.965,193.402,173.091,219.008,408.064,655.742,324.43,341.073,305.254,386.23,719.639,2732.368
392,E00023609,109.958,58.062,49.971,67.615,60.583,117.214,193.916,102.395,88.126,119.242,106.841,206.712,817.232
393,E00023466,115.661,77.807,70.762,68.758,79.194,125.881,203.973,137.216,124.792,121.258,139.662,221.997,948.898
394,E00023925,30.149,21.104,13.246,14.942,15.067,35.485,53.169,37.218,23.36,26.351,26.571,62.579,229.248
395,E00023599,87.025,54.514,46.173,50.534,56.283,100.599,153.472,96.138,81.428,89.119,99.258,177.411,696.826
396,E00023866,108.522,65.045,56.209,54.637,55.112,106.933,191.383,114.71,99.127,96.355,97.192,188.581,787.348
397,E00175182,206.261,117.84,122.493,108.346,156.074,227.239,363.75,207.816,216.022,191.073,275.243,400.746,1654.651
398,E00023426,51.554,39.993,34.47,32.139,34.973,70.928,90.918,70.529,60.789,56.679,61.676,125.085,465.676
399,E00023853,26.999,15.742,10.623,18.65,11.418,34.557,47.614,27.762,18.734,32.89,20.136,60.943,208.079
400,E00024072,49.59,32.439,21.328,23.645,23.526,57.813,87.454,57.208,37.613,41.699,41.489,101.956,367.419
401,E00023640,71.752,35.641,48.325,39.957,45.639,84.623,126.538,62.854,85.223,70.466,80.486,149.236,574.804
402,E00023707,33.288,20.102,14.916,21.808,20.624,33.178,58.705,35.451,26.305,38.459,36.371,58.511,253.802
403,E00023932,691.753,379.084,365.554,366.67,434.083,800.145,1219.937,668.531,644.671,646.639,765.525,1411.091,5356.393
404,E00024014,142.864,84.78,76.563,81.643,93.852,156.298,251.947,149.513,135.022,143.981,165.512,275.638,1121.614
405,E00023792,45.036,24.954,24.14,26.62,26.126,55.495,79.423,44.007,42.572,46.946,46.074,97.868,356.89
406,E00023536,47.78,28.572,29.556,33.741,38.942,61.348,84.262,50.388,52.123,59.504,68.676,108.19,423.143
407,E00023638,119.439,72.256,67.997,69.741,90.8,146.594,210.636,127.427,119.916,122.991,160.13,258.525,999.624
408,E00023620,234.073,132.075,153.238,147.529,188.494,284.63,412.798,232.92,270.242,260.174,332.417,501.958,2010.509
409,E00175213,270.932,148.707,156.757,144.981,212.899,302.698,477.801,262.251,276.448,255.68,375.457,533.821,2181.458
410,E00023429,55.059,39.218,39.31,39.448,38.471,65.618,97.099,69.163,69.325,69.568,67.845,115.72,488.72
411,E00024028,97.26,55.652,54.139,59.537,60.677,130.386,171.522,98.145,95.477,104.996,107.007,229.941,807.088
412,E00023982,19.236,10.761,8.826,8.178,6.772,17.598,33.924,18.977,15.565,14.422,11.943,31.035,125.866
413,E00175235,61.032,42.234,32.194,38.007,37.232,71.595,107.633,74.482,56.776,67.027,65.66,126.261,497.838
414,E00023459,89.576,57.228,49.89,45.796,47.843,96.41,157.971,100.924,87.983,80.763,84.373,170.023,682.038
415,E00023871,58.481,35.44,31.902,35.587,40.788,65.662,103.134,62.5,56.261,62.759,71.931,115.798,472.383
416,E00024047,63.024,40.436,37.249,45.631,43.639,74.364,111.146,71.311,65.69,80.472,76.959,131.144,536.722
417,E00023476,172.828,110.658,101.566,108.819,126.873,205.17,304.79,195.15,179.116,191.907,223.746,361.826,1456.536
418,E00023690,50.33,32.246,33.161,28.2,35.886,65.364,88.759,56.867,58.481,49.732,63.287,115.272,432.398
419,E00023564,62.427,37.454,30.499,38.505,37.963,71.69,110.093,66.052,53.786,67.905,66.949,126.428,491.214
420,E00023670,93.136,56.769,60.892,50.406,78.025,103.376,164.249,100.115,107.386,88.893,137.601,182.308,780.552
421,E00024097,79.677,48.971,43.488,44.463,45.993,95.445,140.514,86.363,76.693,78.412,81.111,168.321,631.414
422,E00023596,121.035,78.527,74.273,81.526,84.42,131.657,213.451,138.486,130.984,143.775,148.878,232.183,1007.756
423,E00023960,410.539,213.784,252.392,206.294,315.095,398.723,724.004,377.018,445.104,363.809,555.684,703.166,3168.784
424,E00023585,133.953,81.765,75.09,85.253,92.702,144.831,236.232,144.196,132.425,150.347,163.484,255.416,1082.1
425,E00023618,254.761,144.459,158.929,155.421,196.128,309.704,449.282,254.76,280.278,274.092,345.88,546.177,2150.469
426,E00023776,50.406,32.552,34.392,33.481,39.885,56.805,88.893,57.407,60.652,59.045,70.339,100.178,436.514
427,E00023772,33.923,22.686,20.142,19.44,21.977,43.371,59.825,40.008,35.521,34.283,38.757,76.487,284.881
428,E00023957,332.019,172.97,174.328,181.404,205.039,399.502,585.53,305.04,307.435,319.914,361.595,704.539,2584.054
429,E00023997,80.195,50.238,46.2,46.37,58.164,108.463,141.427,88.597,81.476,81.776,102.575,191.279,687.13
430,E00023924,14.46,9.149,7.08,8.449,8.337,16.161,25.501,16.135,12.486,14.9,14.703,28.501,112.225
431,E00023560,184.357,118.159,103.723,102.705,112.375,212.803,325.122,208.379,182.92,181.125,198.178,375.287,1471.011
432,E00023705,35.957,18.522,16.929,21.569,21.992,39.905,63.412,32.664,29.855,38.038,38.784,70.374,273.127
433,E00023780,66.822,43.5,34.784,39.898,40.332,76.71,117.844,76.714,61.343,70.362,71.127,135.281,532.671
434,E00023427,32.583,19.937,18.905,18.203,22.86,37.985,57.462,35.16,33.34,32.102,40.315,66.988,265.366
435,E00024075,31.14,16.658,21.945,14.521,23.532,28.814,54.917,29.377,38.701,25.608,41.5,50.815,240.918
436,E00175198,221.828,131.878,130.123,129.747,165.743,250.659,391.203,232.573,229.478,228.815,292.295,442.048,1816.412
437,E00023894,73.596,56.003,37.882,43.989,44.39,100.868,129.79,98.764,66.807,77.577,78.284,177.885,629.106
438,E00023653,61.095,30.076,26.773,28.948,30.411,69.935,107.744,53.04,47.215,51.051,53.631,123.333,436.015
439,E00024010,61.295,35.153,32.146,34.51,43.22,65.312,108.096,61.994,56.691,60.86,76.22,115.181,479.042
440,E00023842,590.952,433.136,302.343,347.972,372.317,833.167,1042.17,763.854,533.195,613.664,656.597,1469.327,5078.808
441,E00024068,64.311,44.619,32.942,37.078,37.597,78.909,113.415,78.688,58.095,65.389,66.304,139.16,521.05
442,E00023976,38.127,18.754,18.477,21.369,19.384,49.202,67.239,33.074,32.585,37.685,34.185,86.77,291.537
443,E00023771,35.06,18.256,21.646,20.91,23.281,43.946,61.83,32.195,38.174,36.876,41.057,77.501,287.632
444,E00023738,51.524,36.495,31.485,32.462,30.826,71.726,90.865,64.361,55.525,57.248,54.363,126.492,448.854
445,E00175209,327.601,204.179,208.195,195.594,253.077,388.284,577.739,360.079,367.161,344.939,446.312,684.756,2780.986
446,E00024063,83.505,56.51,47.085,59.334,60.338,105.877,147.265,99.658,83.036,104.638,106.409,186.719,727.725
447,E00023434,77.596,49.785,43.627,46.33,47.353,91.195,136.844,87.798,76.938,81.705,83.509,160.826,627.621
448,E00023854,38.388,26.913,14.35,18.01,15.848,38.784,67.699,47.462,25.307,31.761,27.949,68.397,268.575
449,E00023490,340.58,215.032,200.725,189.805,237.731,413.056,600.628,379.218,353.987,334.729,419.249,728.442,2816.255
450,E00023896,21.847,10.293,11.336,10.827,14.853,25.184,38.528,18.152,19.992,19.094,26.194,44.413,166.373
451,E00023993,83.541,45.091,44.501,49.487,52.425,99.91,147.328,79.52,78.479,87.273,92.454,176.196,661.25
452,E00024133,697.801,363.164,401.837,351.576,479.877,728.661,1230.603,640.456,708.657,620.02,846.284,1285.026,5331.046
453,E00175228,109.627,57.956,59.083,50.141,76.05,129.681,193.332,102.208,104.195,88.426,134.118,228.698,850.977
454,E00023580,39.529,30.815,20.704,40.419,18.457,43.086,69.711,54.344,36.512,71.281,32.55,75.984,340.382
455,E00023598,82.599,52.504,38.615,49.701,47.65,97.505,145.667,92.593,68.099,87.65,84.033,171.954,649.997
456,E00023917,44.359,27.582,15.247,24.306,20.553,41.718,78.229,48.642,26.889,42.865,36.246,73.572,306.442
457,E00023763,100.937,66.086,52.796,50.03,66.472,113.265,178.007,116.546,93.108,88.23,117.226,199.748,792.865
458,E00175253,135.625,71.165,69.581,72.807,88.1,152.454,239.181,125.503,122.709,128.398,155.368,268.859,1040.018
459,E00024044,83.843,55.682,47.906,50.826,59.559,97.741,147.861,98.198,84.484,89.634,105.035,172.371,697.582
460,E00023891,245.253,183.259,132.488,174.016,164.236,286.334,432.514,323.185,233.648,306.885,289.637,504.963,2090.833
461,E00023537,46.11,29.443,25.073,33.834,29.519,55.088,81.317,51.924,44.217,59.668,52.058,97.15,386.334
462,E00023624,129.644,73.129,79.994,86.146,78.502,155.152,228.633,128.966,141.073,151.922,138.442,273.617,1062.653
463,E00024140,566.28,306.18,287.466,305.558,368.949,658.149,998.66,539.962,506.959,538.865,650.658,1160.675,4395.778
464,E00023873,59.221,39.239,30.561,36.535,35.98,70.964,104.439,69.2,53.896,64.431,63.452,125.148,480.566
465,E00023728,110.927,68.416,60.367,66.109,75.342,145.332,195.625,120.655,106.46,116.586,132.869,256.299,928.494
466,E00023818,338.077,213.095,190.889,188.866,232.896,417.48,596.214,375.802,336.641,333.074,410.722,736.244,2788.698
467,E00023753,60.303,40.68,33.007,33.802,36.708,74.96,106.347,71.741,58.209,59.611,64.736,132.195,492.84
468,E00175258,34.69,18.913,15.782,14.423,15.883,29.65,61.177,33.354,27.832,25.436,28.01,52.289,228.099
469,E00024119,294.278,160.306,167.128,154.952,227.545,342.903,518.972,282.707,294.738,273.265,401.286,604.725,2375.691
470,E00023882,145.325,107.953,75.753,110.173,87.203,151.395,256.287,190.38,133.594,194.295,153.786,266.992,1195.334
471,E00024031,186.633,114.999,113.896,100.721,134.723,222.856,329.136,202.806,200.861,177.626,237.59,393.016,1541.034
472,E00023973,121.946,70.168,65.168,70.974,74.962,154.62,215.057,123.744,114.927,125.166,132.199,272.679,983.772
473,E00023557,224.241,143.636,135.41,120.549,163.062,276.541,395.459,253.308,238.802,212.593,287.567,487.692,1875.422
474,E00023679,66.532,30.113,37.769,34.508,49.327,80.613,117.332,53.106,66.607,60.856,86.99,142.165,527.056
475,E00024116,541.269,290.946,274.333,292.607,347.866,629.019,954.552,513.096,483.798,516.025,613.477,1109.303,4190.251
476,E00023485,48.429,25.774,23.62,27.263,33.171,55.749,85.407,45.454,41.655,48.08,58.499,98.316,377.409
477,E00024113,1026.662,515.085,541.567,504.337,680.583,1161.997,1810.564,908.375,955.077,889.421,1200.238,2049.233,7812.908
478,E00023756,115.228,74.193,53.665,72.986,67.746,118.365,203.21,130.843,94.641,128.714,119.473,208.742,885.622
479,E00024051,200.18,107.026,123.453,107.952,158.393,240.768,353.026,188.745,217.715,190.378,279.333,424.605,1653.802
480,E00023575,233.662,137.443,124.009,132.543,166.557,253.417,412.073,242.387,218.695,233.745,293.731,446.912,1847.543
481,E00175221,29.32,16.086,13.545,20.493,14.438,32.842,51.707,28.368,23.887,36.14,25.462,57.918,223.483
482,E00024135,319.083,177.528,171.768,175.168,213.955,383.414,562.717,313.078,302.92,308.916,377.319,676.168,2541.119
483,E00023471,135.367,94.722,67.226,71.047,75.294,179.17,238.726,167.046,118.556,125.295,132.784,315.974,1098.381
484,E00023622,114.255,63.604,77.946,77.178,70.387,147.341,201.494,112.168,137.461,136.107,124.131,259.842,971.203
485,E00024002,94.714,51.631,46.964,55.0,54.935,123.91,167.032,91.054,82.823,96.995,96.88,218.521,753.305
486,E00175239,242.763,141.777,135.695,136.133,160.679,293.194,428.123,250.03,239.304,240.077,283.365,517.061,1957.959
487,E00024096,123.574,72.325,59.004,77.201,71.741,132.279,217.928,127.548,104.056,136.147,126.518,233.28,945.478
488,E00023649,191.012,115.666,123.123,145.041,137.581,238.82,336.858,203.982,217.133,255.786,242.63,421.17,1677.559
489,E00023588,60.771,38.369,27.248,34.542,29.174,66.376,107.172,67.665,48.053,60.916,51.45,117.057,452.314
490,E00023811,334.048,309.277,163.996,239.236,178.846,459.123,589.108,545.424,289.214,421.903,315.403,809.684,2970.736
491,E00023822,229.506,134.687,142.329,133.216,182.163,250.389,404.744,237.526,251.003,234.932,321.252,441.572,1891.031
492,E00023823,207.448,137.33,115.691,137.209,134.262,256.925,365.844,242.188,204.026,241.974,236.777,453.099,1743.907
493,E00023686,213.63,147.144,124.577,135.677,147.193,234.746,376.746,259.495,219.697,239.272,259.581,413.985,1768.777
494,E00024117,268.673,168.848,142.272,174.797,175.198,313.434,473.817,297.771,250.903,308.262,308.969,552.755,2192.477
495,E00175276,96.54,52.255,47.025,63.864,56.953,107.999,170.253,92.154,82.931,112.627,100.439,190.461,748.864
496,E00023668,183.86,110.247,101.153,105.947,132.605,226.993,324.245,194.425,178.388,186.842,233.855,400.312,1518.068
497,E00023867,98.542,52.52,49.515,46.727,51.928,115.898,173.783,92.621,87.322,82.405,91.577,204.391,732.1
498,E00023840,365.796,214.187,198.377,193.222,234.089,441.559,645.097,377.728,349.847,340.756,412.826,778.709,2904.963
499,E00023439,77.119,49.458,42.242,45.035,46.611,91.581,136.003,87.221,74.496,79.421,82.201,161.507,620.849
500,E00023644,283.91,165.03,174.321,157.906,202.269,313.039,500.688,291.038,307.423,278.474,356.71,552.058,2286.391
501,E00024123,198.404,115.198,107.735,100.958,136.369,253.187,349.894,203.157,189.995,178.044,240.493,446.506,1608.089
502,E00023782,39.478,23.215,18.768,25.68,27.973,45.086,69.621,40.941,33.098,45.288,49.332,79.511,317.791
503,E00023661,218.624,134.512,118.662,112.408,152.058,272.944,385.553,237.218,209.266,198.236,268.161,481.349,1779.783
504,E00023966,84.189,48.752,49.043,51.423,56.069,109.368,148.471,85.976,86.489,90.687,98.88,192.875,703.379
505,E00175250,504.588,298.462,309.241,294.924,376.833,580.517,889.863,526.351,545.36,520.111,664.562,1023.767,4170.015
506,E00023767,46.041,24.953,29.543,31.113,34.945,45.272,81.195,44.006,52.1,54.869,61.627,79.839,373.637
507,E00023987,75.466,49.938,43.801,44.309,54.773,85.812,133.088,88.068,77.245,78.141,96.595,151.333,624.469
508,E00024018,39.721,19.828,17.159,20.691,21.705,43.812,70.05,34.968,30.261,36.489,38.278,77.264,287.31
509,E00023535,59.244,38.326,36.426,50.392,45.041,81.245,104.479,67.59,64.239,88.869,79.432,143.279,547.887
510,E00024092,163.891,94.276,86.225,102.04,105.851,161.493,289.029,166.26,152.062,179.952,186.673,284.8,1258.775
511,E00023988,80.021,45.215,44.245,43.131,53.433,98.094,141.121,79.739,78.028,76.063,94.231,172.993,642.175
512,E00175202,44.201,25.42,19.398,20.055,20.383,43.782,77.95,44.829,34.209,35.368,35.946,77.211,305.515
513,E00023669,511.959,305.061,298.286,306.59,375.901,611.642,902.862,537.989,526.041,540.685,662.918,1078.658,4249.152
514,E00024029,54.338,27.332,29.193,27.664,31.807,67.391,95.827,48.201,51.483,48.787,56.093,118.847,419.239
515,E00023985,167.285,97.846,91.82,92.853,113.151,194.465,295.014,172.556,161.929,163.75,199.547,342.948,1335.744
516,E00023931,586.522,299.758,342.203,279.149,413.715,604.251,1034.357,528.636,603.49,492.292,729.605,1065.623,4454.004
517,E00023760,119.81,77.006,66.24,75.417,90.025,138.552,211.29,135.803,116.817,133.001,158.763,244.343,1000.018
518,E00175229,119.904,66.334,65.73,56.998,86.331,133.348,211.456,116.983,115.918,100.518,152.249,235.165,932.289
519,E00023887,199.313,147.904,114.623,150.128,132.821,233.945,351.497,260.835,202.143,264.757,234.236,412.572,1726.041
520,E00175262,25.916,12.35,14.877,16.717,11.224,34.325,45.704,21.78,26.236,29.481,19.794,60.534,203.529
521,E00023697,179.758,108.542,97.73,100.461,130.805,212.512,317.011,191.419,172.351,177.167,230.68,374.774,1463.403
522,E00023747,46.585,26.552,29.703,30.441,33.355,46.294,82.155,46.826,52.383,53.684,58.823,81.642,375.511
523,E00023729,64.434,36.787,29.819,35.041,37.001,84.994,113.632,64.875,52.587,61.796,65.253,149.891,508.035
524,E00023913,67.33,39.335,37.274,38.865,47.767,64.215,118.739,69.369,65.734,68.54,84.239,113.246,519.868
525,E00023546,41.767,34.682,22.81,31.507,25.732,51.331,73.658,61.163,40.226,55.564,45.38,90.524,366.516
526,E00023875,77.438,49.952,39.272,38.285,45.959,84.955,136.565,88.093,69.258,67.517,81.051,149.822,592.306
527,E00023791,110.665,65.883,66.587,71.691,75.048,131.891,195.163,116.188,117.429,126.43,132.35,232.596,920.156
528,E00023658,275.352,176.629,160.751,147.199,195.91,350.824,485.595,311.493,283.491,259.592,345.496,618.694,2304.361
529,E00023876,37.113,25.992,17.756,21.447,17.396,44.602,65.45,45.838,31.313,37.823,30.679,78.658,289.761
530,E00023496,160.496,99.997,95.093,98.767,102.979,205.219,283.042,176.349,167.701,174.18,181.608,361.913,1344.792
531,E00023980,12.217,4.7,6.09,6.043,5.688,14.112,21.545,8.289,10.74,10.657,10.031,24.887,86.149
532,E00024098,100.149,58.077,49.424,65.607,60.553,123.754,176.617,102.421,87.161,115.701,106.788,218.246,806.934
533,E00023777,44.7,29.352,19.788,28.619,22.58,53.362,78.83,51.764,34.897,50.471,39.821,94.106,349.889
534,E00023757,149.71,95.724,84.422,88.069,109.888,154.627,264.02,168.813,148.882,155.314,193.792,272.692,1203.513
535,E00023688,98.431,59.294,56.117,53.441,72.698,116.539,173.587,104.568,98.965,94.246,128.206,205.522,805.093
536,E00024046,83.691,56.184,49.355,54.844,57.632,108.07,147.593,99.083,87.04,96.72,101.637,190.586,722.658
537,E00023597,35.095,23.351,15.393,19.609,17.891,42.025,61.892,41.181,27.146,34.581,31.552,74.113,270.464
538,E00024136,485.788,245.785,245.29,237.638,289.517,568.733,856.709,433.453,432.58,419.085,510.576,1002.986,3655.388
539,E00023846,231.198,142.865,131.522,124.269,156.576,272.105,407.728,251.949,231.945,219.154,276.129,479.869,1866.773
540,E00023629,84.081,39.896,49.841,41.875,44.648,101.208,148.281,70.358,87.897,73.848,78.739,178.485,637.608
541,E00024057,178.121,101.767,99.518,97.596,118.991,214.899,314.124,179.471,175.504,172.115,209.846,378.984,1430.044
542,E00023530,58.142,38.251,31.513,35.005,43.717,65.741,102.536,67.457,55.575,61.733,77.097,115.937,480.335
543,E00023422,99.64,68.074,62.428,63.453,71.332,126.133,175.72,120.052,110.095,111.902,125.797,222.441,866.006
544,E00023701,135.348,87.13,79.589,74.26,107.729,155.535,238.692,153.658,140.359,130.961,189.985,274.293,1127.947
545,E00023878,35.453,20.596,12.513,20.172,14.356,37.644,62.523,36.322,22.067,35.574,25.317,66.387,248.191
546,E00023856,40.054,26.481,16.485,28.136,18.015,55.342,70.637,46.7,29.072,49.619,31.77,97.598,325.397
547,E00024048,490.541,270.967,294.983,248.019,380.045,586.828,865.091,477.862,520.216,437.392,670.226,1034.897,4005.684
548,E00024012,53.249,28.098,29.513,27.407,39.395,53.208,93.907,49.552,52.047,48.333,69.475,93.835,407.149
549,E00023630,152.635,85.66,88.509,88.655,118.583,184.542,269.179,151.065,156.09,156.347,209.126,325.448,1267.255
550,E00023441,89.317,56.713,51.879,50.93,57.584,105.862,157.514,100.016,91.491,89.817,101.552,186.692,727.083
551,E00024025,117.716,68.493,62.034,63.47,76.385,134.554,207.597,120.79,109.4,111.932,134.708,237.292,921.72
552,E00023769,46.3,23.461,29.837,30.09,33.497,47.409,81.652,41.375,52.619,53.065,59.073,83.608,371.392
553,E00024036,69.055,43.55,38.484,37.724,47.234,95.729,121.782,76.802,67.868,66.528,83.299,168.822,585.102
554,E00175205,77.267,54.247,38.796,47.578,43.008,93.127,136.264,95.667,68.418,83.906,75.847,164.234,624.335
555,E00023979,52.279,32.173,25.874,30.448,31.438,71.933,92.196,56.739,45.63,53.696,55.442,126.857,430.56
556,E00175186,436.437,252.135,260.059,274.484,321.912,513.622,769.676,444.651,458.626,484.065,567.706,905.795,3630.518
557,E00023884,121.779,77.852,71.846,76.825,92.061,128.439,214.763,137.295,126.704,135.484,162.354,226.508,1003.107
558,E00023752,51.4,37.143,28.593,29.78,28.356,63.903,90.646,65.503,50.425,52.518,50.007,112.696,421.796
559,E00023834,580.155,337.094,325.743,323.329,405.818,702.442,1023.129,594.48,574.462,570.205,715.678,1238.787,4716.742
560,E00023999,96.047,56.905,54.296,57.772,65.397,123.442,169.383,100.354,95.753,101.883,115.33,217.695,800.4
561,E00023889,135.203,93.776,68.856,81.431,78.659,173.644,238.436,165.378,121.431,143.607,138.719,306.229,1113.8
562,E00024050,254.773,159.849,155.528,140.749,198.898,305.225,449.303,281.901,274.28,248.217,350.765,538.278,2142.745
563,E00023577,142.451,90.756,91.952,87.02,105.337,160.514,251.219,160.052,162.161,153.464,185.766,283.074,1195.736
564,E00023440,111.985,71.245,64.184,66.397,74.517,140.255,197.49,125.644,113.191,117.094,131.414,247.346,932.179
565,E00023879,43.8,26.015,20.831,25.631,22.8,51.882,77.243,45.879,36.736,45.201,40.209,91.496,336.765
566,E00175185,59.229,35.493,32.279,32.536,40.58,66.489,104.453,62.593,56.925,57.379,71.565,117.256,470.171
567,E00023522,216.629,126.75,126.725,117.019,161.33,231.772,382.035,223.529,223.485,206.368,284.513,408.74,1728.67
568,E00024083,65.214,46.921,37.49,34.945,37.551,90.894,115.008,82.747,66.115,61.627,66.223,160.296,552.016
569,E00023529,227.665,145.18,130.023,133.411,151.989,291.697,401.497,256.031,229.301,235.276,268.039,514.421,1904.566
570,E00023446,48.328,28.735,25.68,28.239,29.373,61.493,85.229,50.675,45.288,49.801,51.801,108.446,391.239
571,E00024004,120.589,70.354,57.6,57.829,67.779,136.723,212.664,124.072,101.58,101.984,119.531,241.117,900.949
572,E00023786,62.248,41.039,34.109,38.88,38.597,77.238,109.777,72.374,60.153,68.567,68.068,136.213,515.151
573,E00023821,277.81,228.433,139.438,204.894,153.87,375.99,489.93,402.852,245.905,361.34,271.357,663.075,2434.458
574,E00023819,517.171,443.36,256.975,320.034,295.921,744.628,912.054,781.885,453.187,564.394,521.87,1313.184,4546.574
575,E00024067,52.349,38.118,27.607,43.111,36.607,67.315,92.32,67.223,48.686,76.028,64.558,118.713,467.528
576,E00023613,115.109,68.818,72.906,72.432,84.209,110.485,203.0,121.364,128.573,127.737,148.506,194.845,924.025
577,E00023994,90.391,51.634,50.221,53.341,59.994,110.738,159.409,91.059,88.567,94.069,105.802,195.291,734.197
578,E00175238,94.087,62.103,50.222,56.399,61.444,110.65,165.927,109.521,88.569,99.462,108.359,195.136,766.974
579,E00024108,407.0,200.954,212.092,193.747,263.138,447.012,717.762,354.391,374.034,341.681,464.055,788.325,3040.25
580,E00023593,94.162,62.465,48.145,54.657,55.964,108.68,166.059,110.16,84.906,96.39,98.695,191.662,747.871
581,E00023902,82.145,53.464,40.09,66.529,44.259,88.294,144.866,94.286,70.7,117.327,78.053,155.71,660.943
582,E00023965,125.401,74.749,68.106,75.349,79.032,161.666,221.15,131.823,120.108,132.881,139.376,285.105,1030.444
583,E00023804,101.045,63.901,51.203,60.215,62.043,112.524,178.197,112.692,90.299,106.192,109.416,198.441,795.237
584,E00023945,979.43,482.615,563.664,488.541,700.801,1017.679,1727.268,851.113,994.046,861.564,1235.893,1794.722,7464.606
585,E00023423,33.161,24.498,18.225,21.063,27.479,43.851,58.481,43.203,32.141,37.146,48.46,77.333,296.764
586,E00023491,217.096,145.034,133.39,122.983,156.895,259.912,382.858,255.774,235.239,216.886,276.691,458.366,1825.815
587,E00024065,73.713,50.044,41.962,53.735,55.036,93.381,129.996,88.255,74.002,94.764,97.058,164.682,648.757
588,E00023528,176.326,109.989,99.199,95.789,119.333,208.88,310.959,193.97,174.942,168.928,210.449,368.369,1427.617
589,E00023714,213.418,130.166,126.824,136.577,160.749,259.466,376.372,229.553,223.66,240.86,283.488,457.58,1811.513
590,E00023801,75.452,50.881,47.672,51.311,63.187,82.402,133.063,89.731,84.072,90.489,111.433,145.32,654.107
591,E00023881,135.38,90.943,75.879,78.362,86.591,177.927,238.749,160.382,133.816,138.195,152.707,313.782,1137.631
592,E00023665,186.887,122.603,113.744,104.516,135.652,228.339,329.583,216.216,200.593,184.319,239.228,402.686,1572.625
593,E00023506,206.528,131.43,131.9,119.681,175.369,261.246,364.221,231.783,232.611,211.063,309.271,460.719,1809.668
594,E00175224,48.558,28.422,22.226,27.989,28.41,67.824,85.634,50.123,39.197,49.36,50.102,119.611,394.027
595,E00023708,69.348,37.638,29.682,38.876,35.5,77.134,122.298,66.376,52.346,68.56,62.606,136.029,508.215
596,E00024107,111.787,65.236,54.918,71.114,65.538,126.406,197.141,115.047,96.85,125.413,115.579,222.923,872.953
597,E00023762,267.155,162.411,148.954,158.486,198.4,297.01,471.14,286.419,262.687,279.497,349.887,523.79,2173.42
598,E00024086,70.051,42.924,39.661,34.386,39.145,91.892,123.538,75.698,69.944,60.641,69.034,162.056,560.911
599,E00023824,458.08,289.136,253.832,241.712,308.022,580.683,807.844,509.904,447.644,426.27,543.21,1024.06,3758.933
600,E00023737,176.808,109.835,101.519,99.48,136.028,211.463,311.809,193.699,179.033,175.437,239.891,372.924,1472.794
601,E00023950,101.599,57.016,63.198,52.226,82.676,106.617,179.174,100.55,111.452,92.103,145.803,188.024,817.106
602,E00023956,159.127,77.074,75.016,77.635,94.171,175.194,280.627,135.923,132.294,136.913,166.075,308.962,1160.795
603,E00023437,61.734,36.4,30.66,36.38,33.552,76.674,108.871,64.193,54.07,64.158,59.17,135.218,485.68
604,E00023936,1048.276,515.929,610.526,522.134,765.352,1099.276,1848.681,909.864,1076.69,920.806,1349.732,1938.622,8044.394
605,E00023477,197.834,123.779,120.702,123.006,142.697,229.666,348.889,218.29,212.863,216.927,251.652,405.026,1653.647
606,E00023623,260.426,159.379,160.564,159.102,209.314,315.213,459.273,281.072,283.162,280.583,369.134,555.892,2229.116
607,E00023479,120.805,75.755,74.329,73.679,91.005,139.41,213.045,133.597,131.082,129.936,160.491,245.856,1014.008
608,E00024070,46.821,31.878,24.944,40.286,34.54,60.395,82.571,56.218,43.99,71.046,60.913,106.509,421.247
609,E00023700,139.951,88.649,76.587,79.725,110.029,159.188,246.81,156.336,135.065,140.599,194.041,280.735,1153.585
610,E00024088,52.582,35.231,29.44,40.309,31.1,69.943,92.731,62.131,51.919,71.087,54.846,123.348,456.061
611,E00175249,501.14,269.096,282.024,247.806,357.904,585.564,883.783,474.563,497.362,437.017,631.179,1032.668,3956.571
612,E00175241,229.777,131.872,129.962,130.094,158.167,288.697,405.222,232.562,229.194,229.427,278.934,509.13,1884.469
613,E00024056,77.127,48.053,45.135,54.165,57.649,99.865,136.017,84.744,79.598,95.522,101.667,176.116,673.663
614,E00023586,111.467,69.712,63.193,73.04,75.76,118.388,196.577,122.94,111.444,128.809,133.606,208.782,902.159
615,E00023939,666.414,340.391,374.366,336.016,465.355,729.994,1175.25,600.295,660.211,592.579,820.674,1287.377,5136.386
616,E00175187,330.749,189.376,199.899,196.804,243.942,374.962,583.29,333.973,352.531,347.073,430.202,661.262,2708.331
617,E00023617,193.037,103.169,112.092,114.317,130.679,203.703,340.429,181.943,197.679,201.603,230.458,359.239,1511.352
618,E00023431,77.083,53.167,49.24,48.584,58.327,85.02,135.939,93.762,86.837,85.68,102.862,149.937,655.017
619,E00023685,93.749,61.979,52.621,58.595,63.666,110.949,165.33,109.303,92.799,103.335,112.278,195.663,778.709
620,E00023933,522.691,281.16,286.287,271.212,347.957,589.833,921.789,495.838,504.88,478.294,613.638,1040.197,4054.635
621,E00175247,49.919,37.374,28.729,29.82,33.585,66.447,88.034,65.911,50.665,52.589,59.229,117.182,433.61
622,E00023859,45.806,35.2,20.066,28.0,21.854,60.568,80.781,62.077,35.387,49.379,38.54,106.814,372.979
623,E00023943,222.781,118.008,121.818,96.197,150.063,260.14,392.884,208.112,214.831,169.648,264.643,458.768,1708.887
624,E00023989,74.608,42.269,39.452,44.527,46.73,84.976,131.575,74.543,69.575,78.525,82.41,149.859,586.488
625,E00175210,49.807,32.953,26.716,35.083,35.337,62.628,87.837,58.114,47.115,61.87,62.318,110.447,427.702
626,E00023964,101.104,58.691,55.291,56.099,61.149,114.285,178.301,103.504,97.508,98.933,107.839,201.547,787.632
627,E00175264,45.255,26.346,25.703,24.559,30.934,47.903,79.809,46.462,45.328,43.311,54.553,84.479,353.943
628,E00023415,106.438,65.58,59.079,74.2,64.601,134.141,187.708,115.653,104.188,130.855,113.927,236.564,888.895
629,E00023702,63.968,39.155,34.713,36.164,45.829,76.09,112.81,69.052,61.218,63.777,80.821,134.188,521.866
630,E00023963,89.14,53.796,52.013,55.635,63.196,112.899,157.202,94.872,91.727,98.115,111.449,199.102,752.467
631,E00023425,110.798,85.164,60.226,87.46,79.595,128.56,195.397,150.19,106.211,154.24,140.369,226.721,973.129
632,E00023449,164.815,125.138,93.48,123.451,116.983,203.964,290.659,220.686,164.856,217.711,206.305,359.7,1459.916
633,E00023781,41.131,25.107,18.083,26.99,24.044,47.254,72.536,44.277,31.89,47.598,42.403,83.335,322.039
634,E00023783,52.991,31.228,22.548,37.02,28.856,59.739,93.452,55.072,39.764,65.286,50.889,105.352,409.816
635,E00023498,233.428,137.297,135.882,132.749,157.258,270.88,411.661,242.129,239.634,234.109,277.331,477.709,1882.573
636,E00175267,111.063,73.248,52.84,67.089,62.473,132.965,195.865,129.176,93.186,118.314,110.174,234.49,881.204
637,E00023548,62.594,37.884,37.637,43.091,40.211,77.362,110.387,66.81,66.375,75.993,70.914,136.431,526.91
638,E00175189,537.882,282.428,274.938,272.079,329.215,643.359,948.579,498.074,484.865,479.823,580.585,1134.592,4126.519
639,E00023510,311.767,176.061,183.052,172.11,238.734,380.253,549.815,310.491,322.82,303.524,421.018,670.593,2578.261
640,E00023995,84.484,51.141,50.805,52.61,60.716,106.338,148.991,90.189,89.597,92.78,107.075,187.532,716.165
641,E00175236,112.71,71.978,62.583,58.319,71.924,112.967,198.769,126.936,110.368,102.848,126.841,199.222,864.985
642,E00023838,332.109,210.588,180.356,193.511,212.281,411.485,585.689,371.381,318.066,341.265,374.367,725.672,2716.44
643,E00023412,94.038,75.806,53.354,76.432,64.289,118.177,165.84,133.687,94.092,134.791,113.376,208.41,850.198
644,E00024033,148.412,86.409,81.065,82.487,99.787,176.81,261.731,152.386,142.962,145.469,175.979,311.812,1190.339
645,E00023934,762.944,405.846,452.286,391.987,549.801,798.591,1345.485,715.727,797.626,691.286,969.598,1408.35,5928.074
646,E00023790,32.764,19.282,18.5,18.494,15.944,42.071,57.781,34.005,32.626,32.615,28.118,74.194,259.338
647,E00023504,281.194,162.667,167.079,166.998,206.168,293.243,495.898,286.87,294.651,294.508,363.586,517.147,2252.661
648,E00175220,180.567,114.073,86.831,112.866,112.401,187.034,318.438,201.173,153.13,199.044,198.224,329.843,1399.852
649,E00023831,310.531,203.21,160.394,186.473,182.626,385.607,547.635,358.37,282.862,328.853,322.069,680.035,2519.824
650,E00024104,52.267,32.014,32.079,25.581,32.255,53.957,92.175,56.458,56.573,45.113,56.883,95.156,402.358
651,E00023549,27.049,14.28,15.172,18.856,12.915,36.468,47.702,25.183,26.756,33.253,22.776,64.313,219.984
652,E00024130,751.522,378.414,396.469,354.498,480.329,881.425,1325.342,667.35,699.191,625.173,847.081,1554.432,5718.569
653,E00175270,191.253,124.431,101.273,114.302,126.617,220.553,337.283,219.44,178.599,201.577,223.295,388.955,1549.148
654,E00023827,504.673,443.496,257.222,346.974,279.194,727.587,890.013,782.125,453.622,611.904,492.371,1283.132,4513.167
655,E00023855,83.883,50.835,43.529,43.812,51.98,86.527,147.931,89.65,76.765,77.264,91.669,152.594,635.874
656,E00023492,140.746,101.612,82.761,78.458,95.939,177.978,248.212,179.197,145.953,138.364,169.193,313.872,1194.791
657,E00024115,658.19,345.503,334.11,318.359,396.368,781.79,1160.747,609.31,589.218,561.44,699.012,1378.721,4998.448
658,E00023455,69.189,47.294,44.686,36.888,42.322,78.291,122.018,83.405,78.806,65.054,74.637,138.07,561.989
659,E00023448,60.58,39.839,36.447,35.515,37.751,79.506,106.836,70.258,64.276,62.632,66.576,140.212,510.789
660,E00023773,58.114,36.037,36.552,42.044,42.081,57.935,102.487,63.553,64.461,74.146,74.212,102.171,481.03
661,E00023592,51.246,39.122,21.693,35.02,23.888,68.124,90.375,68.993,38.257,61.759,42.128,120.14,421.651
662,E00023764,147.97,99.61,83.625,89.876,107.309,168.137,260.952,175.667,147.476,158.5,189.244,296.517,1228.356
663,E00175207,196.139,111.492,99.478,114.546,130.322,231.683,345.9,196.621,175.434,202.007,229.829,408.583,1558.373
664,E00023552,42.613,24.772,20.552,24.94,24.692,49.453,75.15,43.687,36.244,43.983,43.545,87.213,329.822
665,E00023443,38.785,21.549,19.886,21.457,21.134,45.0,68.399,38.003,35.07,37.84,37.271,79.359,295.942
666,E00023574,240.779,153.07,129.148,146.399,165.006,276.228,424.624,269.946,227.758,258.181,290.995,487.14,1958.645
667,E00175259,74.661,42.577,47.64,46.941,60.238,73.838,131.668,75.086,84.015,82.783,106.232,130.217,610.001
668,E00175232,107.233,65.757,57.46,54.732,63.4,117.141,189.11,115.965,101.333,96.522,111.809,206.583,821.323
669,E00023972,48.864,25.23,25.602,24.714,29.211,63.293,86.174,44.494,45.15,43.584,51.515,111.62,382.537
670,E00023475,115.369,86.086,57.379,61.267,61.696,158.179,203.458,151.816,101.19,108.047,108.804,278.956,952.272
671,E00023732,169.868,105.523,95.753,99.042,121.949,202.487,299.57,186.094,168.865,174.665,215.062,357.095,1401.351
672,E00023704,100.024,71.988,57.416,61.563,72.552,123.457,176.397,126.954,101.256,108.569,127.949,217.722,858.846
673,E00024128,449.361,221.16,239.646,212.768,281.533,509.794,792.468,390.025,422.626,375.226,496.496,899.044,3375.886
674,E00023489,166.194,107.225,99.206,94.902,108.532,207.694,293.09,189.096,174.954,167.364,191.401,366.278,1382.183
675,E00023799,49.319,30.128,31.033,34.487,33.237,56.447,86.976,53.132,54.728,60.819,58.615,99.547,413.817
676,E00175265,39.876,22.415,15.368,24.391,16.698,39.192,70.323,39.53,27.102,43.015,29.448,69.117,278.534
677,E00175240,173.428,104.782,103.782,103.409,122.617,220.441,305.848,184.788,183.024,182.366,216.24,388.757,1461.024
678,E00024053,251.352,144.727,148.672,139.503,183.852,304.888,443.27,255.232,262.19,246.02,324.231,537.683,2068.627
679,E00023482,130.232,81.469,80.931,85.088,95.808,153.412,229.67,143.674,142.725,150.056,168.962,270.549,1105.636
680,E00023691,78.601,59.094,42.262,47.503,61.488,95.003,138.616,104.215,74.531,83.774,108.437,167.542,677.115
681,E00023445,42.748,29.712,21.717,25.375,34.437,55.588,75.388,52.398,38.299,44.75,60.731,98.032,369.598
682,E00023724,162.094,89.095,88.652,96.955,113.237,175.305,285.86,157.123,156.342,170.984,199.698,309.158,1279.166
683,E00175227,144.198,74.245,71.673,62.473,88.996,176.304,254.3,130.934,126.398,110.174,156.948,310.92,1089.675
684,E00023421,39.449,32.955,27.899,26.062,30.466,57.022,69.57,58.118,49.201,45.961,53.728,100.561,377.139
685,E00023571,141.631,90.656,70.523,82.637,90.407,171.246,249.773,159.876,124.37,145.734,159.437,302.0,1141.189
686,E00023880,34.065,22.675,16.119,20.167,20.302,42.957,60.075,39.988,28.427,35.565,35.803,75.757,275.615
687,E00023657,156.855,95.911,99.7,90.279,119.547,186.911,276.621,169.143,175.825,159.211,210.826,329.626,1321.253
688,E00023543,78.927,48.35,46.334,50.819,51.034,100.247,139.191,85.267,81.712,89.622,90.001,176.79,662.583
689,E00023499,337.531,196.741,204.674,185.827,245.02,375.799,595.251,346.961,360.952,327.714,432.104,662.738,2725.72
690,E00175274,48.638,28.108,23.462,32.157,30.622,54.261,85.775,49.57,41.376,56.71,54.003,95.692,383.126
691,E00023949,142.473,80.103,89.505,75.329,116.368,152.867,251.257,141.265,157.846,132.846,205.22,269.588,1158.022
692,E00175231,29.443,17.735,15.298,18.489,16.45,34.023,51.924,31.276,26.979,32.606,29.01,60.001,231.797
693,E00023681,334.923,203.441,189.137,213.214,222.523,386.823,590.651,358.777,333.551,376.012,392.429,682.179,2733.601
694,E00175191,659.706,333.194,349.252,323.005,397.382,773.146,1163.421,587.602,615.921,569.634,700.801,1363.477,5000.856
695,E00023680,45.518,29.84,25.754,28.511,35.349,47.166,80.273,52.624,45.418,50.28,62.34,83.179,374.115
696,E00023505,198.233,120.476,114.046,109.394,147.176,250.159,349.593,212.465,201.125,192.921,259.551,441.166,1656.821
697,E00023892,165.677,122.424,91.954,113.897,108.22,199.769,292.179,215.9,162.165,200.862,190.851,352.301,1414.258
698,E00023865,161.622,100.253,82.186,81.581,88.108,182.569,285.028,176.801,144.939,143.872,155.382,321.968,1227.989
699,E00023750,39.767,26.13,22.94,24.081,24.269,49.768,70.131,46.081,40.456,42.468,42.799,87.768,329.703
700,E00023828,342.314,191.169,191.087,188.293,230.739,414.841,603.686,337.135,336.99,332.063,406.918,731.59,2748.383
701,E00023899,156.611,120.806,83.326,122.384,87.886,179.954,276.19,213.047,146.949,215.83,154.991,317.357,1324.363
702,E00023888,83.068,57.242,41.573,46.835,47.083,108.088,146.494,100.949,73.316,82.596,83.033,190.618,677.005
703,E00024023,58.246,32.523,26.249,32.649,29.823,74.187,102.719,57.356,46.291,57.578,52.594,130.832,447.371
704,E00024103,83.491,51.682,43.56,47.538,46.674,98.489,147.24,91.143,76.82,83.835,82.312,173.69,655.04
705,E00175181,173.225,98.73,102.959,85.483,133.607,196.357,305.49,174.115,181.573,150.753,235.622,346.284,1393.836
706,E00023639,88.397,51.005,50.684,52.997,58.592,110.35,155.892,89.95,89.383,93.463,103.33,194.607,726.624
707,E00023953,160.201,88.27,92.124,81.212,119.306,181.156,282.522,155.668,162.465,143.221,210.401,319.477,1273.753
708,E00024011,73.376,39.375,41.667,39.48,49.439,77.032,129.402,69.44,73.482,69.625,87.188,135.849,564.985
709,E00023671,206.31,129.682,122.926,123.218,159.538,240.599,363.837,228.7,216.785,217.3,281.352,424.307,1732.282
710,E00023716,59.737,36.25,27.676,35.361,32.849,73.277,105.349,63.928,48.808,62.361,57.931,129.227,467.604
711,E00023907,25.287,18.635,9.611,15.388,12.763,24.883,44.595,32.864,16.949,27.137,22.508,43.882,187.936
712,E00175268,58.364,36.886,29.327,41.975,35.268,65.466,102.927,65.05,51.719,74.025,62.197,115.452,471.371
713,E00024062,69.238,39.012,35.194,37.696,42.401,90.567,122.104,68.799,62.066,66.479,74.776,159.719,553.943
714,E00023611,130.782,80.538,83.626,77.501,95.679,129.23,230.64,142.032,147.478,136.676,168.734,227.903,1053.464
715,E00023959,326.42,181.693,207.895,181.276,255.418,335.607,575.656,320.424,366.632,319.688,450.441,591.858,2624.699
716,E00023832,298.687,232.314,155.801,211.739,166.546,407.075,526.748,409.696,274.762,373.411,293.711,717.895,2596.223
717,E00024118,365.279,213.041,205.395,223.396,267.283,428.574,644.186,375.707,362.223,393.969,471.365,755.809,3003.259
718,E00023616,89.426,55.272,43.191,57.468,44.957,102.651,157.707,97.475,76.169,101.347,79.284,181.03,693.011
719,E00023695,90.501,54.115,48.291,50.503,59.298,114.738,159.603,95.434,85.163,89.064,104.575,202.346,736.184
720,E00023682,84.909,54.344,57.181,45.441,67.17,103.228,149.741,95.838,100.841,80.137,118.457,182.047,727.062
721,E00023676,98.951,54.282,55.557,61.265,71.486,115.735,174.504,95.729,97.977,108.044,126.069,204.104,806.426
722,E00023809,35.227,17.981,22.458,19.81,23.777,40.208,62.124,31.71,39.606,34.936,41.932,70.909,281.217
723,E00175244,59.795,36.031,38.57,39.895,45.757,59.179,105.451,63.542,68.02,70.357,80.694,104.365,492.429
724,E00023610,97.905,52.473,43.96,53.04,50.637,98.908,172.66,92.538,77.525,93.538,89.301,174.429,699.991
725,E00023469,126.28,82.937,74.469,77.968,95.067,153.495,222.7,146.263,131.329,137.5,167.655,270.695,1076.143
726,E00023722,32.218,18.657,14.231,20.529,16.626,32.992,56.818,32.902,25.097,36.204,29.321,58.183,238.525
727,E00023770,30.278,14.225,19.041,17.578,22.058,29.153,53.397,25.086,33.58,31.0,38.9,51.413,233.375
728,E00024134,479.919,229.027,247.525,219.295,296.123,508.741,846.358,403.899,436.521,386.736,522.226,897.187,3492.928
729,E00023663,103.769,68.5,62.507,55.59,68.243,132.449,183.001,120.803,110.234,98.035,120.35,233.58,866.002
730,E00175219,155.285,94.963,73.331,93.142,103.962,169.413,273.852,167.471,129.322,164.26,183.342,298.767,1217.015
731,E00023651,201.908,118.811,120.639,121.82,132.331,215.074,356.074,209.528,212.752,214.835,233.372,379.292,1605.853
732,E00023740,207.93,132.393,124.773,124.686,161.533,238.204,366.694,233.481,220.043,219.889,284.871,420.083,1745.06
733,E00023947,243.679,130.598,136.392,123.142,174.167,274.439,429.739,230.315,240.533,217.166,307.151,483.985,1908.89
734,E00023468,88.353,55.588,49.383,47.946,58.853,110.287,155.814,98.032,87.089,84.555,103.79,194.496,723.776
735,E00023847,84.476,75.64,38.764,58.526,44.322,112.443,148.977,133.394,68.362,103.213,78.164,198.298,730.409
736,E00023904,35.313,21.883,21.062,31.73,25.128,42.048,62.276,38.592,37.144,55.957,44.314,74.154,312.437
737,E00023910,31.837,19.121,11.01,19.533,14.009,31.154,56.146,33.721,19.417,34.447,24.705,54.941,223.378
738,E00023895,20.891,9.098,11.102,10.167,14.609,22.661,36.842,16.045,19.579,17.93,25.764,39.964,156.123
739,E00024042,99.799,67.991,57.408,61.555,68.888,121.143,176.0,119.905,101.242,108.555,121.487,213.641,840.83
740,E00023458,103.263,68.025,59.459,58.693,61.244,119.866,182.109,119.965,104.859,103.508,108.006,211.389,829.836
741,E00175218,204.979,120.603,115.388,124.99,157.617,236.727,361.49,212.689,203.492,220.425,277.965,417.479,1693.538
742,E00175197,136.003,88.026,82.219,90.691,104.837,165.48,239.847,155.238,144.997,159.938,184.885,291.831,1176.735
743,E00024008,133.441,80.273,66.898,70.634,74.907,164.789,235.329,141.565,117.978,124.566,132.102,290.613,1042.152
744,E00023518,143.43,91.541,91.204,83.785,97.054,169.498,252.945,161.437,160.842,147.759,171.159,298.917,1193.059
745,E00023612,163.306,90.208,85.836,100.286,104.126,160.66,287.997,159.086,151.376,176.859,183.631,283.331,1242.279
746,E00023778,48.76,30.717,31.86,35.064,33.815,54.306,85.99,54.171,56.187,61.837,59.634,95.771,413.59
747,E00023453,133.729,80.129,73.086,78.746,93.201,154.021,235.837,141.311,128.89,138.872,164.364,271.623,1080.897
748,E00023573,147.453,86.881,66.962,78.26,82.371,170.16,260.04,153.218,118.09,138.015,145.265,300.085,1114.713
749,E00023483,139.42,81.437,79.887,80.822,95.057,161.427,245.873,143.618,140.884,142.533,167.637,284.684,1125.229
750,E00023463,75.751,47.032,46.078,47.482,57.433,85.034,133.59,82.943,81.261,83.737,101.286,149.961,632.777
751,E00023604,97.829,54.457,44.35,49.004,48.262,104.239,172.526,96.037,78.213,86.421,85.112,183.83,702.139
752,E00023958,139.218,64.115,69.385,65.926,94.545,157.905,245.517,113.07,122.364,116.263,166.734,278.472,1042.42
753,E00175183,231.926,133.842,137.649,149.133,165.14,263.279,409.012,236.036,242.75,263.003,291.232,464.304,1906.337
754,E00023435,91.911,59.934,52.597,52.418,55.237,113.168,162.089,105.696,92.757,92.441,97.413,199.577,749.974
755,E00175272,115.651,75.183,53.162,69.854,61.665,140.174,203.956,132.589,93.754,123.191,108.749,247.203,909.44
756,E00023561,114.386,77.822,59.298,62.467,58.737,135.995,201.725,137.243,104.575,110.163,103.585,239.833,897.124
757,E00023699,85.805,54.218,48.274,50.975,65.946,107.498,151.321,95.616,85.133,89.897,116.299,189.577,727.843
758,E00023424,45.201,32.467,26.186,29.847,37.277,58.03,79.714,57.257,46.18,52.637,65.74,102.338,403.866
759,E00023774,42.28,24.996,25.16,30.244,21.288,52.81,74.563,44.082,44.371,53.337,37.542,93.133,347.027
760,E00023863,72.684,48.527,27.95,36.53,32.812,75.439,128.181,85.58,49.291,64.422,57.865,133.04,518.38
761,E00024058,237.73,139.423,132.707,130.446,153.868,293.105,419.247,245.879,234.035,230.047,271.353,516.904,1917.464
762,E00024127,336.502,175.651,166.934,159.306,198.09,407.648,593.436,309.768,294.395,280.943,349.34,718.905,2546.789
763,E00175234,135.902,85.531,82.886,84.739,94.042,134.809,239.669,150.838,146.173,149.441,165.847,237.742,1089.71
764,E00023885,53.21,39.721,28.164,29.107,31.461,64.011,93.838,70.05,49.668,51.331,55.483,112.886,433.257
765,E00023567,163.833,100.606,81.303,93.232,101.019,201.67,288.927,177.423,143.381,164.419,178.151,355.654,1307.955
766,E00023659,72.083,41.944,40.366,37.558,45.157,97.186,127.122,73.97,71.187,66.235,79.636,171.392,589.542
767,E00023684,68.125,42.927,33.453,41.827,43.551,77.875,120.141,75.704,58.996,73.764,76.804,137.336,542.745
768,E00023460,43.027,26.362,26.414,21.769,27.203,55.968,75.88,46.491,46.582,38.391,47.974,98.702,354.019
769,E00023456,30.973,20.656,20.164,15.801,13.082,32.339,54.622,36.428,35.56,27.866,23.071,57.031,234.578
770,E00023745,92.078,52.295,45.092,53.844,53.302,89.444,162.384,92.225,79.522,94.956,94.0,157.738,680.825
771,E00023787,60.522,36.541,37.604,40.446,40.379,75.101,106.733,64.442,66.316,71.328,71.21,132.444,512.474
772,E00023555,36.596,21.818,16.3,21.61,19.049,43.732,64.539,38.477,28.746,38.11,33.594,77.123,280.589
773,E00023470,96.196,67.021,52.952,51.49,58.162,125.212,169.646,118.194,93.383,90.805,102.571,220.817,795.417
774,E00024017,51.714,25.598,28.547,28.582,38.107,52.834,91.2,45.143,50.344,50.406,67.203,93.175,397.471
775,E00023501,160.422,101.192,100.283,95.069,130.689,196.258,282.911,178.457,176.853,167.658,230.476,346.11,1382.465
776,E00023587,51.754,39.239,25.417,35.217,26.127,68.509,91.27,69.2,44.824,62.107,46.076,120.819,434.296
777,E00024112,978.991,488.587,523.751,474.098,639.783,1071.288,1726.494,861.645,923.658,836.093,1128.286,1889.264,7365.439
778,E00023648,253.643,135.781,156.973,143.532,182.531,278.961,447.311,239.456,276.829,253.125,321.901,491.96,2030.582
779,E00023428,52.899,40.477,28.519,45.872,34.39,60.642,93.29,71.383,50.295,80.897,60.648,106.945,463.458
780,E00023692,59.052,31.321,32.458,39.397,40.824,67.812,104.141,55.236,57.241,69.478,71.995,119.589,477.681
781,E00023472,92.413,64.598,46.034,50.534,53.827,126.635,162.974,113.921,81.183,89.119,94.926,223.326,765.45
