,OA,Value_band,Banding Description,[mean] - Value,[median] - Value,[total] - Value
0,E00023412,27.0,£3m - £4m,2463181.818,1778727.273,27523363.636
1,E00023413,26.0,£2m - £3m,2316454.545,1662090.909,40881545.455
2,E00023414,16.0,£401K - £450K,424500.0,404500.0,27771500.0
3,E00023415,27.0,£3m - £4m,2361333.333,1748250.0,27556666.667
4,E00023416,21.0,£800K - £900K,1060750.0,876875.0,40544500.0
5,E00023418,20.0,£701k - £800K,1235166.667,1100333.333,37454166.667
6,E00023419,25.0,£1.5m - £2m,1691400.0,1343400.0,43625300.0
7,E00023421,16.0,£401K - £450K,552600.0,509200.0,21347000.0
8,E00023422,26.0,£2m - £3m,2123230.769,1456538.462,43335769.231
9,E00023423,16.0,£1.25m - £1.5m,953285.714,833428.571,24193714.286
10,E00023424,26.0,£2m - £3m,2610100.0,1616900.0,25103600.0
11,E00023425,27.0,£3m - £4m,4441875.0,3312625.0,55992875.0
12,E00023426,26.0,£2m - £3m,2308500.0,1732500.0,79735500.0
13,E00023427,23.0,£1.5m - £2m,4359000.0,3125333.333,64286333.333
14,E00023428,26.0,£2m - £3m,2190800.0,1809600.0,44468400.0
15,E00023429,16.0,£401K - £450K,696000.0,629636.364,9465909.091
16,E00023430,19.0,£601K - £700K,692000.0,646000.0,9688000.0
17,E00023431,25.0,£1.5m - £2m,2192900.0,1666600.0,59254200.0
18,E00023432,28.0,£4m - £5m,3131000.0,2377333.333,47916500.0
19,E00023433,19.0,£1.25m - £1.5m,1503142.857,1108714.286,31580857.143
20,E00023434,17.0,£451K - £500K,467000.0,458200.0,14036200.0
21,E00023435,28.0,£4m - £5m,3968000.0,3318400.0,116328200.0
22,E00023436,29.0,£5m+,11447500.0,7091285.714,114479500.0
23,E00023437,26.0,£2m - £3m,3302111.111,2196555.556,25854888.889
24,E00023438,26.0,£2m - £3m,2125666.667,1720833.333,35604333.333
25,E00023439,19.0,£601K - £700K,815909.091,683909.091,19275818.182
26,E00023440,26.0,£2m - £3m,2248100.0,1904200.0,29281800.0
27,E00023441,26.0,£2m - £3m,3756100.0,2575900.0,63126700.0
28,E00023442,27.0,£3m - £4m,2851444.444,2125777.778,31434333.333
29,E00023443,19.0,£601K - £700K,893000.0,756750.0,19879000.0
30,E00023444,21.0,£1.5m - £2m,1452000.0,1117000.0,36396111.111
31,E00023445,25.0,£1.5m - £2m,2986545.455,2458181.818,36313181.818
32,E00023446,16.0,£401K - £450K,444333.333,425666.667,12009166.667
33,E00023447,27.0,£3m - £4m,2888000.0,1875000.0,50227181.818
34,E00023448,23.0,£1.5m - £2m,1865200.0,1561800.0,42297900.0
35,E00023449,25.0,£1.5m - £2m,1627875.0,1418875.0,33996875.0
36,E00023450,25.0,£1.5m - £2m,1639000.0,988000.0,48482000.0
37,E00023451,22.0,£900K - £1m,903000.0,825000.0,39946333.333
38,E00023452,20.0,£701k - £800K,906222.222,812444.444,18529333.333
39,E00023453,17.0,£451K - £500K,549000.0,513000.0,14888400.0
40,E00023454,23.0,£1m - £1.25m,1119666.667,1014000.0,30072333.333
41,E00023455,23.0,£1m - £1.25m,1803600.0,1175200.0,45283200.0
42,E00023456,23.0,£1m - £1.25m,973666.667,860666.667,49041666.667
43,E00023458,23.0,£1m - £1.25m,1193333.333,1045333.333,49929666.667
44,E00023459,24.0,£1.25m - £1.5m,2301500.0,1310166.667,54244666.667
45,E00023460,18.0,£501K - £600K,682000.0,626333.333,30075000.0
46,E00023461,21.0,£1.25m - £1.5m,1044666.667,865333.333,84429000.0
47,E00023462,18.0,£501K - £600K,585500.0,552500.0,43475000.0
48,E00023463,19.0,£601K - £700K,776000.0,722500.0,51278000.0
49,E00023464,23.0,£1m - £1.25m,1224500.0,1031000.0,92788000.0
50,E00023465,21.0,£1.5m - £2m,1610000.0,1294750.0,41337750.0
51,E00023466,27.0,£3m - £4m,3150000.0,1846250.0,137798250.0
52,E00023467,26.0,£2m - £3m,2136333.333,1433000.0,134188666.667
53,E00023468,25.0,£1.5m - £2m,1511666.667,1293666.667,76194000.0
54,E00023469,20.0,£701k - £800K,740800.0,675800.0,27587600.0
55,E00023470,27.0,£3m - £4m,2845500.0,2266833.333,63808500.0
56,E00023471,24.0,£1.25m - £1.5m,1446000.0,1002500.0,51609000.0
57,E00023472,22.0,£1.25m - £1.5m,1456250.0,996000.0,44829750.0
58,E00023473,23.0,£1m - £1.25m,1318400.0,1053200.0,37411800.0
59,E00023474,18.0,£501K - £600K,514750.0,498750.0,16472000.0
60,E00023475,27.0,£3m - £4m,2849250.0,1886250.0,66317250.0
61,E00023476,25.0,£1.5m - £2m,1566076.923,1222615.385,32829846.154
62,E00023477,26.0,£2m - £3m,1612600.0,1146400.0,43344800.0
63,E00023478,26.0,£2m - £3m,1592000.0,1168666.667,32962111.111
64,E00023479,25.0,£1.5m - £2m,2356333.333,1653666.667,78032333.333
65,E00023480,22.0,£1.25m - £1.5m,1474333.333,1205000.0,64734666.667
66,E00023481,26.0,£2m - £3m,2717909.091,1754636.364,29885545.455
67,E00023482,19.0,£601K - £700K,702500.0,622500.0,40603000.0
68,E00023483,18.0,£501K - £600K,597200.0,546600.0,28579600.0
69,E00023484,22.0,£900K - £1m,1503800.0,1180800.0,38595200.0
70,E00023485,14.0,£351K - £375K,575000.0,491666.667,14680000.0
71,E00023486,25.0,£1.5m - £2m,1278000.0,1146285.714,24461142.857
72,E00023487,19.0,£601K - £700K,768000.0,659142.857,14341571.429
73,E00023488,25.0,£1.5m - £2m,1829285.714,1291142.857,19822523.81
74,E00023489,25.0,£1.5m - £2m,1464090.909,1068681.818,10117545.455
75,E00023490,23.0,£1m - £1.25m,1233578.947,878070.175,6271157.895
76,E00023491,18.0,£501K - £600K,656933.333,561066.667,9152533.333
77,E00023492,18.0,£501K - £600K,764875.0,680833.333,2788416.667
78,E00023493,20.0,£701k - £800K,884928.571,821714.286,7356714.286
79,E00023494,23.0,£1m - £1.25m,1093687.5,1013625.0,10146625.0
80,E00023495,26.0,£2m - £3m,3063545.455,1983090.909,33847454.545
81,E00023496,25.0,£1.5m - £2m,2018142.857,1553357.143,19209714.286
82,E00023497,25.0,£1.5m - £2m,1792250.0,1370200.0,9582800.0
83,E00023498,25.0,£1.5m - £2m,1636800.0,1232266.667,17518800.0
84,E00023499,19.0,£601K - £700K,871250.0,704300.0,5308050.0
85,E00023500,20.0,£701k - £800K,966714.286,781785.714,6427500.0
86,E00023501,24.0,£1.25m - £1.5m,1407727.273,889090.909,17261000.0
87,E00023502,27.0,£3m - £4m,3511333.333,2362666.667,55080333.333
88,E00023503,27.0,£3m - £4m,2965200.0,1624866.667,10782733.333
89,E00023504,14.0,£351K - £375K,490555.556,385222.222,5541888.889
90,E00023505,26.0,£2m - £3m,3053071.429,1651000.0,33551642.857
91,E00023506,26.0,£2m - £3m,2583523.81,1359095.238,15584857.143
92,E00023507,15.0,£376K - £400K,532500.0,449600.0,9026000.0
93,E00023508,24.0,£1.25m - £1.5m,1317133.333,844233.333,5907400.0
94,E00023509,24.0,£1.25m - £1.5m,995588.235,845647.059,6926352.941
95,E00023510,24.0,£1.25m - £1.5m,1094724.138,781620.69,6797965.517
96,E00023511,19.0,£601K - £700K,571166.667,529666.667,14056500.0
97,E00023512,20.0,£701k - £800K,950000.0,804142.857,16742714.286
98,E00023513,20.0,£1.25m - £1.5m,969500.0,781500.0,32875250.0
99,E00023514,22.0,£1.5m - £2m,1320900.0,1125200.0,18534900.0
100,E00023515,19.0,£601K - £700K,677400.0,489600.0,17665000.0
101,E00023516,25.0,£1.5m - £2m,1545000.0,1351571.429,34408428.571
102,E00023517,20.0,£701k - £800K,733384.615,643615.385,12917846.154
103,E00023518,21.0,£1m - £1.25m,984000.0,867857.143,17927714.286
104,E00023519,20.0,£701k - £800K,867400.0,804200.0,28539800.0
105,E00023520,24.0,£1.25m - £1.5m,1223714.286,1148857.143,25178285.714
106,E00023521,21.0,£800K - £900K,919000.0,862142.857,25917714.286
107,E00023522,26.0,£2m - £3m,2008909.091,1705272.727,41276727.273
108,E00023523,14.0,£351K - £375K,580714.286,534714.286,13636000.0
109,E00023524,26.0,£2m - £3m,2767000.0,2033500.0,99735750.0
110,E00023525,25.0,£1.5m - £2m,1577000.0,1197500.0,11533000.0
111,E00023526,25.0,£1.5m - £2m,2266071.429,1577142.857,17600928.571
112,E00023527,23.0,£1m - £1.25m,1692937.5,1196083.333,7726104.167
113,E00023528,23.0,£1m - £1.25m,1376222.222,1088888.889,11580444.444
114,E00023529,26.0,£2m - £3m,1942750.0,1307458.333,14319291.667
115,E00023530,19.0,£601K - £700K,591000.0,526285.714,8363285.714
116,E00023531,13.0,£326K - £350K,408200.0,358200.0,8689600.0
117,E00023532,9.0,£226K - £250K,270000.0,253000.0,9879333.333
118,E00023533,25.0,£1.5m - £2m,1603666.667,1267333.333,67843000.0
119,E00023534,25.0,£1.5m - £2m,1380642.857,1057142.857,36533714.286
120,E00023535,19.0,£601K - £700K,646500.0,604250.0,17518500.0
121,E00023536,18.0,£501K - £600K,539750.0,497750.0,16043250.0
122,E00023537,26.0,£2m - £3m,1920909.091,1629909.091,20504545.455
123,E00023538,17.0,£451K - £500K,507666.667,495666.667,23503666.667
124,E00023539,17.0,£451K - £500K,490666.667,466666.667,27482333.333
125,E00023540,19.0,£601K - £700K,641142.857,611428.571,15874428.571
126,E00023541,14.0,£351K - £375K,418000.0,384000.0,14911000.0
127,E00023542,15.0,£376K - £400K,488666.667,462000.0,22128666.667
128,E00023543,14.0,£351K - £375K,429000.0,411666.667,12172666.667
129,E00023544,18.0,£501K - £600K,534500.0,527500.0,13285000.0
130,E00023545,26.0,£2m - £3m,2267636.364,1862454.545,20862636.364
131,E00023546,25.0,£1.5m - £2m,2034000.0,1416000.0,93222000.0
132,E00023547,12.0,£301K - £325K,395000.0,381000.0,12763750.0
133,E00023548,17.0,£451K - £500K,484750.0,474000.0,18051500.0
134,E00023549,18.0,£501K - £600K,534500.0,525000.0,30138000.0
135,E00023550,17.0,£1m - £1.25m,779500.0,750250.0,20493500.0
136,E00023551,18.0,£501K - £600K,517666.667,507333.333,26397333.333
137,E00023552,15.0,£376K - £400K,389000.0,373500.0,13388000.0
138,E00023554,16.0,£401K - £450K,436333.333,421000.0,20224333.333
139,E00023555,17.0,£451K - £500K,465600.0,458200.0,12591400.0
140,E00023556,18.0,£501K - £600K,666750.0,628750.0,20245750.0
141,E00023557,28.0,£4m - £5m,5650800.0,3531600.0,174230600.0
142,E00023558,19.0,£601K - £700K,632333.333,595333.333,17784000.0
143,E00023559,27.0,£3m - £4m,3005461.538,1743153.846,30425846.154
144,E00023560,28.0,£4m - £5m,3338083.333,2034750.0,29828750.0
145,E00023561,24.0,£1.25m - £1.5m,1150400.0,714200.0,26141600.0
146,E00023562,8.0,£201K - £225K,224250.0,210000.0,5848500.0
147,E00023564,13.0,£326K - £350K,382250.0,373000.0,17010750.0
148,E00023565,16.0,£401K - £450K,501400.0,488400.0,9455000.0
149,E00023566,16.0,£401K - £450K,551000.0,512000.0,16645285.714
150,E00023567,18.0,£501K - £600K,861222.222,781222.222,15701444.444
151,E00023569,16.0,£401K - £450K,430750.0,404375.0,11813625.0
152,E00023570,19.0,£601K - £700K,636428.571,607428.571,18025142.857
153,E00023571,15.0,£376K - £400K,358500.0,343333.333,11803833.333
154,E00023572,15.0,£376K - £400K,457733.333,389200.0,6911933.333
155,E00023573,16.0,£401K - £450K,475166.667,445166.667,15966666.667
156,E00023574,17.0,£451K - £500K,452500.0,437500.0,9403000.0
157,E00023575,18.0,£501K - £600K,668000.0,608222.222,15485444.444
158,E00023576,18.0,£501K - £600K,556250.0,511125.0,14118875.0
159,E00023577,18.0,£501K - £600K,728400.0,662200.0,32602200.0
160,E00023578,18.0,£501K - £600K,547500.0,490100.0,10374200.0
161,E00023579,13.0,£326K - £350K,366888.889,358111.111,10727555.556
162,E00023580,11.0,£276K - £300K,321200.0,306800.0,10691600.0
163,E00023581,10.0,£251K - £275K,365600.0,343600.0,16153000.0
164,E00023585,19.0,£601K - £700K,599571.429,576142.857,11252571.429
165,E00023586,23.0,£1m - £1.25m,895833.333,830833.333,33520500.0
166,E00023587,18.0,£501K - £600K,602000.0,503000.0,44433333.333
167,E00023588,21.0,£1m - £1.25m,957500.0,813500.0,72444000.0
168,E00023589,17.0,£451K - £500K,600000.0,582250.0,25667750.0
169,E00023590,17.0,£451K - £500K,658500.0,616500.0,29716250.0
170,E00023591,18.0,£1m - £1.25m,805600.0,785800.0,28545800.0
171,E00023592,18.0,£501K - £600K,654000.0,624400.0,24260000.0
172,E00023593,18.0,£501K - £600K,714000.0,664333.333,46588000.0
173,E00023595,17.0,£1m - £1.25m,742285.714,673571.429,22176714.286
174,E00023596,20.0,£701k - £800K,735000.0,701000.0,41680000.0
175,E00023597,16.0,£401K - £450K,645800.0,608200.0,19262600.0
176,E00023598,20.0,£1m - £1.25m,851000.0,813333.333,52945666.667
177,E00023599,19.0,£601K - £700K,752666.667,696666.667,34052666.667
178,E00023600,21.0,£800K - £900K,871000.0,837500.0,57097000.0
179,E00023601,23.0,£1m - £1.25m,1025285.714,983285.714,29502857.143
180,E00023602,22.0,£900K - £1m,813333.333,737333.333,36500333.333
181,E00023603,19.0,£601K - £700K,742600.0,689800.0,31421600.0
182,E00023604,17.0,£451K - £500K,458333.333,411333.333,16842333.333
183,E00023605,21.0,£800K - £900K,903500.0,807500.0,26231000.0
184,E00023606,16.0,£401K - £450K,468833.333,428666.667,18660166.667
185,E00023608,20.0,£701k - £800K,872666.667,741000.0,34293333.333
186,E00023609,18.0,£501K - £600K,704000.0,669500.0,24317000.0
187,E00023610,14.0,£1m - £1.25m,610000.0,546000.0,16731500.0
188,E00023611,19.0,£601K - £700K,657500.0,595000.0,41034500.0
189,E00023612,16.0,£401K - £450K,633111.111,592888.889,12416333.333
190,E00023613,16.0,£401K - £450K,500500.0,464000.0,37316500.0
191,E00023614,20.0,£701k - £800K,907857.143,857857.143,20585285.714
192,E00023615,18.0,£501K - £600K,547800.0,517000.0,21284600.0
193,E00023616,18.0,£501K - £600K,625500.0,563500.0,52437000.0
194,E00023617,18.0,£501K - £600K,484692.308,442923.077,14232461.538
195,E00023618,23.0,£1m - £1.25m,779200.0,641900.0,17667900.0
196,E00023619,17.0,£1.25m - £1.5m,972666.667,874111.111,43164333.333
197,E00023620,25.0,£1.5m - £2m,1565800.0,1079200.0,50674600.0
198,E00023621,17.0,£1m - £1.25m,812000.0,744500.0,33862000.0
199,E00023622,29.0,£5m+,4556153.846,2389461.538,36095923.077
200,E00023623,26.0,£2m - £3m,3221250.0,1733833.333,40362000.0
201,E00023624,19.0,£601K - £700K,880142.857,771714.286,12306571.429
202,E00023625,25.0,£1.5m - £2m,2375615.385,1723230.769,22988307.692
203,E00023626,18.0,£1.25m - £1.5m,882250.0,725500.0,31040500.0
204,E00023627,25.0,£1.5m - £2m,1152800.0,856000.0,11828800.0
205,E00023628,23.0,£1m - £1.25m,1037666.667,872333.333,41575333.333
206,E00023629,26.0,£2m - £3m,1502000.0,1192375.0,24472750.0
207,E00023630,20.0,£701k - £800K,757333.333,691666.667,43503333.333
208,E00023631,25.0,£1.5m - £2m,1508250.0,1154500.0,25425750.0
209,E00023632,26.0,£2m - £3m,2423166.667,1762833.333,36722000.0
210,E00023633,26.0,£2m - £3m,2469900.0,1545900.0,25700100.0
211,E00023634,28.0,£4m - £5m,3962000.0,2875333.333,35626666.667
212,E00023635,21.0,£800K - £900K,848666.667,779000.0,42224000.0
213,E00023636,23.0,£1m - £1.25m,1357625.0,1091000.0,30350625.0
214,E00023637,26.0,£2m - £3m,2497153.846,1707692.308,26187230.769
215,E00023638,19.0,£601K - £700K,834000.0,749000.0,42335000.0
216,E00023639,25.0,£1.5m - £2m,1452333.333,1149333.333,40064666.667
217,E00023640,26.0,£2m - £3m,3260714.286,1760571.429,55258714.286
218,E00023641,26.0,£2m - £3m,2432125.0,1821375.0,28404625.0
219,E00023643,21.0,£1.25m - £1.5m,1077333.333,973666.667,46042666.667
220,E00023644,23.0,£1m - £1.25m,746142.857,579285.714,12504000.0
221,E00023646,21.0,£800K - £900K,873500.0,769000.0,18317750.0
222,E00023647,25.0,£1.5m - £2m,2182300.0,1225000.0,28964800.0
223,E00023648,19.0,£601K - £700K,982600.0,833500.0,16669800.0
224,E00023649,21.0,£1.25m - £1.5m,986090.909,737272.727,7668636.364
225,E00023650,20.0,£1.25m - £1.5m,1060750.0,885500.0,21234000.0
226,E00023651,23.0,£1m - £1.25m,2021166.667,1556166.667,53925666.667
227,E00023652,26.0,£2m - £3m,2425250.0,1466000.0,32657750.0
228,E00023653,19.0,£601K - £700K,623000.0,578000.0,98434000.0
229,E00023655,21.0,£1m - £1.25m,1015000.0,883000.0,29627000.0
230,E00023656,19.0,£601K - £700K,1029833.333,879666.667,24592333.333
231,E00023657,29.0,£5m+,4607666.667,2661133.333,40574000.0
232,E00023658,29.0,£5m+,6182750.0,3091416.667,76821583.333
233,E00023659,29.0,£5m+,7686142.857,3843000.0,90727428.571
234,E00023660,29.0,£5m+,9152083.333,4576000.0,67931166.667
235,E00023661,28.0,£4m - £5m,6264571.429,3212071.429,56050000.0
236,E00023662,29.0,£5m+,9106100.0,4553000.0,117281800.0
237,E00023663,29.0,£5m+,5376125.0,2778750.0,59862750.0
238,E00023664,29.0,£5m+,5717388.889,3096333.333,42304777.778
239,E00023665,29.0,£5m+,3577500.0,2061250.0,22464062.5
240,E00023666,29.0,£5m+,7446647.059,4287117.647,54102647.059
241,E00023668,27.0,£3m - £4m,3071076.923,1646846.154,33158307.692
242,E00023669,29.0,£5m+,12002666.667,6357533.333,82962600.0
243,E00023670,29.0,£5m+,5919285.714,3267357.143,60793357.143
244,E00023671,29.0,£5m+,5089857.143,2584285.714,82969428.571
245,E00023672,27.0,£3m - £4m,5131000.0,2964571.429,102497428.571
246,E00023674,26.0,£2m - £3m,3569833.333,1905750.0,48906666.667
247,E00023675,27.0,£3m - £4m,3980333.333,2279333.333,116967333.333
248,E00023676,29.0,£5m+,6220666.667,3139111.111,65823333.333
249,E00023678,29.0,£5m+,6405600.0,3287200.0,127790800.0
250,E00023679,29.0,£5m+,8718600.0,4391200.0,153079000.0
251,E00023680,29.0,£5m+,8151625.0,4075500.0,90643625.0
252,E00023681,29.0,£5m+,8318200.0,4250850.0,76144600.0
253,E00023682,29.0,£5m+,5845666.667,2938333.333,70608416.667
254,E00023684,27.0,£3m - £4m,4076900.0,2363900.0,52456900.0
255,E00023685,26.0,£2m - £3m,2570714.286,1713000.0,48677857.143
256,E00023686,27.0,£3m - £4m,4310300.0,2777550.0,32806250.0
257,E00023687,27.0,£3m - £4m,2902153.846,1581615.385,32146538.462
258,E00023688,29.0,£5m+,7180444.444,3590333.333,67936888.889
259,E00023689,29.0,£5m+,5458647.059,2740352.941,40492764.706
260,E00023690,29.0,£5m+,6513857.143,3487285.714,68310000.0
261,E00023691,26.0,£2m - £3m,2349000.0,1645000.0,72819000.0
262,E00023692,20.0,£701k - £800K,858500.0,799250.0,27655000.0
263,E00023694,23.0,£1m - £1.25m,1169000.0,918000.0,108717000.0
264,E00023695,23.0,£1m - £1.25m,1285800.0,923000.0,51101600.0
265,E00023696,23.0,£1.5m - £2m,1444000.0,1006500.0,133296500.0
266,E00023697,26.0,£2m - £3m,2590375.0,1903625.0,40453500.0
267,E00023698,20.0,£1.25m - £1.5m,1420500.0,1122000.0,25832000.0
268,E00023699,23.0,£1m - £1.25m,2787500.0,1894750.0,125444000.0
269,E00023700,18.0,£1.25m - £1.5m,1266400.0,872600.0,23162400.0
270,E00023701,19.0,£601K - £700K,649000.0,540600.0,25431000.0
271,E00023702,20.0,£701k - £800K,837666.667,706000.0,47739333.333
272,E00023703,23.0,£1m - £1.25m,1430125.0,1062875.0,21333250.0
273,E00023704,22.0,£900K - £1m,1087000.0,974200.0,33487200.0
274,E00023705,21.0,£800K - £900K,811000.0,744000.0,79478000.0
275,E00023706,16.0,£401K - £450K,440250.0,400250.0,13085750.0
276,E00023707,17.0,£451K - £500K,459000.0,424666.667,15387000.0
277,E00023708,23.0,£1.25m - £1.5m,1631333.333,1447000.0,42644000.0
278,E00023709,16.0,£401K - £450K,429750.0,414500.0,12854250.0
279,E00023710,17.0,£451K - £500K,448666.667,430666.667,14912000.0
280,E00023711,16.0,£401K - £450K,414333.333,368000.0,14617666.667
281,E00023712,21.0,£800K - £900K,873000.0,814000.0,126585000.0
282,E00023713,25.0,£1.5m - £2m,1753000.0,1359250.0,52950500.0
283,E00023714,19.0,£1.5m - £2m,1077875.0,891000.0,18520125.0
284,E00023715,12.0,£301K - £325K,395000.0,354750.0,12160250.0
285,E00023716,23.0,£1.5m - £2m,1665000.0,1361666.667,95496333.333
286,E00023717,18.0,£501K - £600K,535000.0,446500.0,36409000.0
287,E00023718,19.0,£1.25m - £1.5m,972333.333,891000.0,39825666.667
288,E00023719,19.0,£601K - £700K,676666.667,626333.333,38396333.333
289,E00023720,26.0,£2m - £3m,2774833.333,1699500.0,53251333.333
290,E00023721,23.0,£1.25m - £1.5m,1338200.0,1059200.0,56367200.0
291,E00023722,,,,,
292,E00023723,21.0,£800K - £900K,772250.0,679750.0,35064000.0
293,E00023724,24.0,£1.25m - £1.5m,1070750.0,878500.0,36717000.0
294,E00023725,17.0,£1.25m - £1.5m,926000.0,775500.0,57316500.0
295,E00023726,21.0,£800K - £900K,877000.0,840000.0,133304000.0
296,E00023727,25.0,£1.5m - £2m,1467285.714,1188142.857,19767428.571
297,E00023728,26.0,£2m - £3m,1960857.143,1329571.429,42007428.571
298,E00023729,24.0,£1.25m - £1.5m,1754666.667,1265333.333,139438000.0
299,E00023730,21.0,£1m - £1.25m,933000.0,677500.0,70416000.0
300,E00023731,15.0,£1.5m - £2m,913000.0,634700.0,13014900.0
301,E00023732,21.0,£1.25m - £1.5m,1125600.0,881800.0,33290200.0
302,E00023733,25.0,£1.5m - £2m,2120666.667,1675333.333,107471666.667
303,E00023734,27.0,£3m - £4m,2614300.0,1867200.0,33770800.0
304,E00023737,17.0,£451K - £500K,478571.429,437428.571,8489142.857
305,E00023738,27.0,£3m - £4m,3003833.333,2006500.0,69110500.0
306,E00023739,26.0,£2m - £3m,2624500.0,1750250.0,77092250.0
307,E00023740,26.0,£2m - £3m,3237916.667,2357833.333,45573916.667
308,E00023741,26.0,£2m - £3m,2647000.0,1528000.0,158820000.0
309,E00023744,25.0,£1.5m - £2m,1532000.0,1357200.0,72234200.0
310,E00023745,26.0,£2m - £3m,2318222.222,2084888.889,29539777.778
311,E00023746,23.0,£1m - £1.25m,1365153.846,1069307.692,28004846.154
312,E00023747,24.0,£1.25m - £1.5m,1798500.0,1453666.667,63025833.333
313,E00023748,23.0,£1m - £1.25m,1079000.0,967666.667,81915000.0
314,E00023749,20.0,£1m - £1.25m,923750.0,847500.0,57042250.0
315,E00023750,26.0,£2m - £3m,2252500.0,1988000.0,173597500.0
316,E00023751,24.0,£1.25m - £1.5m,1700000.0,1359500.0,106279000.0
317,E00023752,21.0,£1.5m - £2m,1240000.0,1104000.0,76695000.0
318,E00023753,20.0,£1.5m - £2m,1136666.667,1044000.0,50794000.0
319,E00023754,13.0,£326K - £350K,415000.0,363000.0,18817000.0
320,E00023755,28.0,£4m - £5m,3804400.0,2846400.0,127152800.0
321,E00023756,16.0,£401K - £450K,413285.714,366428.571,8154571.429
322,E00023757,11.0,£276K - £300K,466600.0,374000.0,10394800.0
323,E00023758,26.0,£2m - £3m,3208400.0,2555600.0,75761200.0
324,E00023759,29.0,£5m+,6002428.571,4510428.571,80007857.143
325,E00023760,15.0,£376K - £400K,422666.667,401666.667,14885666.667
326,E00023761,23.0,£1m - £1.25m,1011750.0,886000.0,39003250.0
327,E00023762,15.0,£376K - £400K,394000.0,362666.667,12125166.667
328,E00023763,17.0,£451K - £500K,420250.0,395500.0,19148250.0
329,E00023764,18.0,£501K - £600K,884900.0,755500.0,15405000.0
330,E00023765,18.0,£501K - £600K,677583.333,634416.667,14975916.667
331,E00023766,24.0,£1.25m - £1.5m,1297000.0,1195000.0,89143000.0
332,E00023767,23.0,£1m - £1.25m,943500.0,892750.0,30287500.0
333,E00023768,23.0,£1m - £1.25m,1238000.0,1004000.0,94088000.0
334,E00023769,26.0,£2m - £3m,2079333.333,1795666.667,97372000.0
335,E00023770,26.0,£2m - £3m,2247000.0,2095000.0,155043000.0
336,E00023771,26.0,£2m - £3m,2368000.0,2190000.0,198912000.0
337,E00023772,26.0,£2m - £3m,2134000.0,1678000.0,249678000.0
338,E00023773,19.0,£1m - £1.25m,977500.0,843500.0,13390500.0
339,E00023774,17.0,£451K - £500K,663800.0,607800.0,18004000.0
340,E00023775,23.0,£1m - £1.25m,1195500.0,1072000.0,55068000.0
341,E00023776,23.0,£1.5m - £2m,1474000.0,1345500.0,66060500.0
342,E00023777,19.0,£601K - £700K,737000.0,727250.0,26669250.0
343,E00023778,22.0,£1.25m - £1.5m,1128000.0,1071500.0,57096000.0
344,E00023779,23.0,£1m - £1.25m,1004166.667,979166.667,25084666.667
345,E00023780,19.0,£601K - £700K,686666.667,650000.0,30497333.333
346,E00023781,22.0,£900K - £1m,953666.667,944333.333,38146666.667
347,E00023782,23.0,£1m - £1.25m,1201333.333,1177333.333,53178000.0
348,E00023783,21.0,£800K - £900K,796750.0,730500.0,32010250.0
349,E00023784,20.0,£701k - £800K,825666.667,816333.333,33258000.0
350,E00023785,20.0,£701k - £800K,855500.0,843000.0,47052500.0
351,E00023786,18.0,£501K - £600K,703500.0,657000.0,48716500.0
352,E00023787,14.0,£351K - £375K,550333.333,519000.0,9521000.0
353,E00023788,16.0,£401K - £450K,429500.0,421500.0,28776500.0
354,E00023789,11.0,£276K - £300K,371000.0,365750.0,16163500.0
355,E00023790,18.0,£501K - £600K,733400.0,636000.0,19361600.0
356,E00023791,15.0,£376K - £400K,377000.0,357000.0,21112000.0
357,E00023792,16.0,£1.25m - £1.5m,857000.0,738000.0,90743000.0
358,E00023793,17.0,£451K - £500K,666125.0,616000.0,11843750.0
359,E00023794,16.0,£401K - £450K,427000.0,407000.0,25445000.0
360,E00023795,14.0,£351K - £375K,478000.0,465333.333,29509333.333
361,E00023796,24.0,£1.25m - £1.5m,1285000.0,1123000.0,54919666.667
362,E00023797,18.0,£501K - £600K,544333.333,508666.667,25826333.333
363,E00023798,18.0,£501K - £600K,745500.0,629000.0,24877500.0
364,E00023799,22.0,£900K - £1m,965000.0,932750.0,26222500.0
365,E00023800,23.0,£1m - £1.25m,1665500.0,1318750.0,50685250.0
366,E00023801,23.0,£1m - £1.25m,1238250.0,1028250.0,44295750.0
367,E00023802,20.0,£1.25m - £1.5m,1147125.0,1109250.0,12965500.0
368,E00023803,23.0,£1m - £1.25m,1109600.0,1080600.0,25953600.0
369,E00023804,18.0,£501K - £600K,492000.0,458500.0,18296750.0
370,E00023805,24.0,£1.25m - £1.5m,2635000.0,2289857.143,38810857.143
371,E00023806,23.0,£1m - £1.25m,1023500.0,998750.0,28878250.0
372,E00023807,23.0,£1m - £1.25m,1093333.333,1081333.333,37665000.0
373,E00023808,21.0,£800K - £900K,862500.0,837250.0,28503750.0
374,E00023809,24.0,£1.25m - £1.5m,1171500.0,1104750.0,43902000.0
375,E00023810,22.0,£900K - £1m,997000.0,922666.667,39135333.333
376,E00023811,27.0,£3m - £4m,3251918.919,2447378.378,14807540.541
377,E00023812,13.0,£326K - £350K,352600.0,294400.0,10393200.0
378,E00023813,25.0,£1.5m - £2m,1996555.556,1316111.111,12897833.333
379,E00023814,18.0,£501K - £600K,528333.333,482666.667,22784000.0
380,E00023815,20.0,£701k - £800K,709000.0,650750.0,16412000.0
381,E00023816,29.0,£5m+,7660900.0,3980300.0,76552900.0
382,E00023817,23.0,£1m - £1.25m,3593263.158,2000368.421,30086894.737
383,E00023818,26.0,£2m - £3m,2608375.0,1836208.333,32606041.667
384,E00023819,26.0,£2m - £3m,2849148.936,1665085.106,10610106.383
385,E00023820,23.0,£1m - £1.25m,1461416.667,1048666.667,16379916.667
386,E00023821,25.0,£1.5m - £2m,1476666.667,1015400.0,11379600.0
387,E00023822,26.0,£2m - £3m,1537928.571,1146500.0,15475785.714
388,E00023823,21.0,£1m - £1.25m,1040947.368,876157.895,9394578.947
389,E00023824,25.0,£1.5m - £2m,1552130.435,1048347.826,14256043.478
390,E00023825,26.0,£2m - £3m,2433333.333,1620666.667,6074285.714
391,E00023826,26.0,£2m - £3m,3195057.692,2142980.769,10963826.923
392,E00023827,27.0,£3m - £4m,3209204.545,2341613.636,10289590.909
393,E00023828,26.0,£2m - £3m,1688414.634,1213756.098,16981609.756
394,E00023829,23.0,£1m - £1.25m,1406047.619,1140190.476,6962619.048
395,E00023830,23.0,£1.5m - £2m,1417235.294,1186235.294,13891529.412
396,E00023831,25.0,£1.5m - £2m,1388931.034,932862.069,5976241.379
397,E00023832,29.0,£5m+,4951241.379,2619862.069,19120724.138
398,E00023833,18.0,£501K - £600K,736200.0,606800.0,5423350.0
399,E00023834,27.0,£3m - £4m,3036000.0,2113692.308,20816538.462
400,E00023835,23.0,£1m - £1.25m,817470.588,645941.176,6799235.294
401,E00023836,19.0,£1.5m - £2m,1426500.0,1210166.667,11927416.667
402,E00023837,25.0,£1.5m - £2m,1479967.742,1107548.387,4929838.71
403,E00023838,18.0,£501K - £600K,790314.286,596857.143,7926485.714
404,E00023839,26.0,£2m - £3m,2866056.604,1754792.453,15011716.981
405,E00023840,23.0,£1m - £1.25m,1186882.353,908705.882,3587264.706
406,E00023841,25.0,£1.5m - £2m,1666771.93,1169964.912,5004561.404
407,E00023842,21.0,£800K - £900K,1475594.203,990710.145,4665275.362
408,E00023843,24.0,£1.25m - £1.5m,1691500.0,1072236.842,5947973.684
409,E00023844,27.0,£3m - £4m,2266596.154,1321153.846,7481423.077
410,E00023845,23.0,£1m - £1.25m,1059533.333,799550.0,5251650.0
411,E00023846,18.0,£501K - £600K,568166.667,525888.889,5036555.556
412,E00023847,29.0,£5m+,4674750.0,3003500.0,73282250.0
413,E00023848,19.0,£601K - £700K,866321.429,696000.0,5261857.143
414,E00023849,18.0,£501K - £600K,660285.714,613857.143,21670000.0
415,E00023851,13.0,£326K - £350K,546500.0,498250.0,18173250.0
416,E00023852,20.0,£701k - £800K,718500.0,706000.0,27158500.0
417,E00023853,16.0,£401K - £450K,572500.0,477750.0,22090500.0
418,E00023854,20.0,£701k - £800K,754142.857,734714.286,16099000.0
419,E00023855,21.0,£800K - £900K,803200.0,790000.0,23994800.0
420,E00023856,18.0,£501K - £600K,660200.0,591200.0,24561400.0
421,E00023857,19.0,£601K - £700K,815333.333,791333.333,37254333.333
422,E00023858,19.0,£601K - £700K,804666.667,766666.667,44613666.667
423,E00023859,19.0,£601K - £700K,771000.0,740000.0,63199000.0
424,E00023860,20.0,£701k - £800K,693000.0,672666.667,18290166.667
425,E00023861,19.0,£601K - £700K,659000.0,640333.333,10959000.0
426,E00023862,18.0,£501K - £600K,588000.0,562333.333,33238000.0
427,E00023863,20.0,£701k - £800K,780666.667,750666.667,23761333.333
428,E00023864,20.0,£701k - £800K,723333.333,715333.333,20236000.0
429,E00023865,16.0,£401K - £450K,640200.0,590400.0,19458800.0
430,E00023866,14.0,£351K - £375K,380833.333,360833.333,9546000.0
431,E00023867,15.0,£376K - £400K,401500.0,392250.0,17197000.0
432,E00023869,18.0,£501K - £600K,694500.0,646250.0,35911250.0
433,E00023870,21.0,£800K - £900K,818333.333,780333.333,77063000.0
434,E00023871,18.0,£1.25m - £1.5m,838333.333,754666.667,38502000.0
435,E00023872,18.0,£501K - £600K,617416.667,600916.667,4661416.667
436,E00023873,21.0,£800K - £900K,627714.286,581714.286,22609000.0
437,E00023874,19.0,£601K - £700K,662857.143,643857.143,14017000.0
438,E00023875,20.0,£701k - £800K,819500.0,809833.333,18218000.0
439,E00023876,20.0,£701k - £800K,756250.0,743625.0,13691500.0
440,E00023877,17.0,£451K - £500K,498857.143,472571.429,17771285.714
441,E00023878,14.0,£351K - £375K,504307.692,484769.231,5447076.923
442,E00023879,20.0,£701k - £800K,637285.714,625285.714,16088428.571
443,E00023880,19.0,£601K - £700K,691200.0,674800.0,16595400.0
444,E00023881,25.0,£1.5m - £2m,1499714.286,1275428.571,32886571.429
445,E00023882,26.0,£2m - £3m,1580500.0,1291750.0,69080750.0
446,E00023883,27.0,£3m - £4m,3011500.0,1686875.0,53127250.0
447,E00023884,24.0,£1.25m - £1.5m,2711750.0,1805500.0,127606500.0
448,E00023885,26.0,£2m - £3m,1548333.333,1175555.556,30577666.667
449,E00023886,18.0,£501K - £600K,604000.0,566000.0,16010400.0
450,E00023887,20.0,£3m - £4m,1649714.286,1261285.714,28937285.714
451,E00023888,19.0,£1.5m - £2m,1063888.889,908666.667,19103666.667
452,E00023889,19.0,£601K - £700K,735555.556,697555.556,10408888.889
453,E00023890,18.0,£501K - £600K,754833.333,678166.667,19583666.667
454,E00023891,29.0,£5m+,7258230.769,4989538.462,66845230.769
455,E00023892,17.0,£451K - £500K,468333.333,431000.0,5882222.222
456,E00023893,18.0,£501K - £600K,652600.0,598500.0,10610200.0
457,E00023894,27.0,£3m - £4m,3941285.714,3104285.714,105715571.429
458,E00023895,19.0,£1m - £1.25m,1178400.0,986400.0,23305000.0
459,E00023896,18.0,£501K - £600K,743000.0,667750.0,23030500.0
460,E00023897,18.0,£501K - £600K,611500.0,560500.0,19072250.0
461,E00023898,27.0,£3m - £4m,3225428.571,2383142.857,53912714.286
462,E00023899,23.0,£1.25m - £1.5m,1405000.0,1191571.429,34581142.857
463,E00023900,,,,,
464,E00023901,17.0,£451K - £500K,498000.0,483000.0,29880000.0
465,E00023902,19.0,£601K - £700K,928833.333,877833.333,14784333.333
466,E00023903,21.0,£800K - £900K,842500.0,785000.0,38331500.0
467,E00023904,26.0,£2m - £3m,2170000.0,1518000.0,85617400.0
468,E00023905,26.0,£2m - £3m,1747250.0,1489250.0,57479250.0
469,E00023906,16.0,£401K - £450K,442000.0,429500.0,27182500.0
470,E00023907,19.0,£601K - £700K,596200.0,568600.0,18808800.0
471,E00023908,16.0,£401K - £450K,495000.0,478500.0,30470500.0
472,E00023909,27.0,£3m - £4m,1864428.571,1449000.0,33839142.857
473,E00023910,23.0,£1.25m - £1.5m,1384000.0,1078000.0,51925600.0
474,E00023911,16.0,£401K - £450K,412500.0,394500.0,23722500.0
475,E00023912,17.0,£451K - £500K,450500.0,429750.0,15765250.0
476,E00023913,25.0,£1.5m - £2m,1861714.286,1571571.429,51458000.0
477,E00023914,23.0,£1m - £1.25m,1161888.889,924000.0,18576555.556
478,E00023916,17.0,£451K - £500K,559666.667,520000.0,27315333.333
479,E00023917,17.0,£451K - £500K,493571.429,484000.0,9530285.714
480,E00023918,20.0,£701k - £800K,842666.667,742000.0,20718833.333
481,E00023919,29.0,£5m+,3552266.667,2120333.333,39048333.333
482,E00023920,21.0,£800K - £900K,1191000.0,1105400.0,60050800.0
483,E00023921,24.0,£1.25m - £1.5m,1267608.696,1185304.348,8780695.652
484,E00023922,26.0,£2m - £3m,2246444.444,1720333.333,34246888.889
485,E00023923,25.0,£1.5m - £2m,1337142.857,1173857.143,22975857.143
486,E00023924,26.0,£2m - £3m,2996200.0,2483800.0,27696200.0
487,E00023925,27.0,£3m - £4m,3265400.0,2278800.0,107805200.0
488,E00023926,21.0,£800K - £900K,880666.667,837333.333,10759333.333
489,E00023927,21.0,£800K - £900K,912222.222,758611.111,17075222.222
490,E00023928,19.0,£601K - £700K,801192.308,693807.692,4284653.846
491,E00023929,15.0,£376K - £400K,580152.542,501457.627,2359576.271
492,E00023930,25.0,£1.5m - £2m,1929980.392,1652176.471,8492294.118
493,E00023931,24.0,£1.25m - £1.5m,1627347.826,1367608.696,9982652.174
494,E00023932,24.0,£1.25m - £1.5m,1479571.429,1227514.286,7092000.0
495,E00023933,23.0,£1.5m - £2m,2633318.182,2006772.727,14201318.182
496,E00023934,23.0,£1m - £1.25m,1299482.759,1100413.793,6204275.862
497,E00023935,29.0,£5m+,4786477.273,2575545.455,15408659.091
498,E00023936,26.0,£2m - £3m,2805173.913,2029391.304,16076869.565
499,E00023937,29.0,£5m+,4040473.684,2104368.421,22743236.842
500,E00023938,26.0,£2m - £3m,3232133.333,1825400.0,16321866.667
501,E00023939,16.0,£401K - £450K,1946971.429,1308971.429,8920942.857
502,E00023941,18.0,£501K - £600K,1688562.5,1420125.0,17276375.0
503,E00023942,26.0,£2m - £3m,2675500.0,2020250.0,7470000.0
504,E00023943,25.0,£1.5m - £2m,1368250.0,922083.333,27971500.0
505,E00023944,18.0,£501K - £600K,546000.0,513000.0,8973571.429
506,E00023945,27.0,£3m - £4m,2718852.941,2392588.235,14347029.412
507,E00023946,26.0,£2m - £3m,2500956.522,1577608.696,20990000.0
508,E00023947,20.0,£701k - £800K,809909.091,741454.545,13667909.091
509,E00023948,21.0,£1.25m - £1.5m,972222.222,856888.889,25945555.556
510,E00023949,18.0,£501K - £600K,583230.769,529692.308,5871692.308
511,E00023950,15.0,£376K - £400K,398428.571,374428.571,6148714.286
512,E00023951,21.0,£800K - £900K,938222.222,784888.889,13773444.444
513,E00023953,20.0,£701k - £800K,732750.0,708000.0,21081500.0
514,E00023954,23.0,£1m - £1.25m,1067000.0,967000.0,28070600.0
515,E00023955,23.0,£1m - £1.25m,2013187.5,1412375.0,7134437.5
516,E00023956,21.0,£800K - £900K,1324000.0,1159888.889,9164000.0
517,E00023957,23.0,£1m - £1.25m,1208454.545,1119272.727,7429090.909
518,E00023958,19.0,£601K - £700K,653000.0,612666.667,5455000.0
519,E00023959,18.0,£501K - £600K,667500.0,619625.0,7591375.0
520,E00023960,17.0,£451K - £500K,573857.143,520285.714,4558500.0
521,E00023963,21.0,£800K - £900K,887000.0,821250.0,17684750.0
522,E00023964,19.0,£1.25m - £1.5m,963666.667,891666.667,57025333.333
523,E00023965,24.0,£1.25m - £1.5m,1362500.0,1251500.0,94968000.0
524,E00023966,18.0,£1.25m - £1.5m,818666.667,770000.0,19040666.667
525,E00023967,19.0,£1.25m - £1.5m,993333.333,910000.0,43738666.667
526,E00023968,23.0,£1m - £1.25m,1254000.0,1069750.0,31664250.0
527,E00023969,22.0,£1.25m - £1.5m,1432666.667,1355000.0,34489000.0
528,E00023971,19.0,£601K - £700K,612000.0,582000.0,15003333.333
529,E00023972,21.0,£1.25m - £1.5m,1194000.0,1081500.0,44220000.0
530,E00023973,26.0,£2m - £3m,1633250.0,1555375.0,25824875.0
531,E00023974,17.0,£451K - £500K,462800.0,439800.0,11813200.0
532,E00023975,19.0,£601K - £700K,872444.444,749777.778,36404777.778
533,E00023976,25.0,£1.5m - £2m,1802000.0,1740000.0,49297000.0
534,E00023977,22.0,£1.5m - £2m,1220000.0,1104500.0,76255500.0
535,E00023978,17.0,£451K - £500K,493666.667,469000.0,12818666.667
536,E00023979,21.0,£800K - £900K,893000.0,804000.0,83942000.0
537,E00023980,16.0,£401K - £450K,422333.333,401333.333,8163666.667
538,E00023981,20.0,£1.5m - £2m,1236333.333,1085666.667,45610666.667
539,E00023982,18.0,£501K - £600K,554750.0,527000.0,17519250.0
540,E00023985,18.0,£501K - £600K,543000.0,530500.0,21608750.0
541,E00023986,19.0,£601K - £700K,609000.0,589000.0,29841000.0
542,E00023987,17.0,£451K - £500K,544333.333,525333.333,20463666.667
543,E00023988,19.0,£601K - £700K,685666.667,673666.667,22387666.667
544,E00023989,16.0,£401K - £450K,429500.0,399000.0,32105000.0
545,E00023990,19.0,£601K - £700K,713250.0,628750.0,30949250.0
546,E00023991,23.0,£1m - £1.25m,1343250.0,1215750.0,29591000.0
547,E00023992,19.0,£1.25m - £1.5m,993750.0,811750.0,24812250.0
548,E00023993,18.0,£501K - £600K,614500.0,533500.0,22581833.333
549,E00023994,19.0,£601K - £700K,640750.0,623750.0,16246250.0
550,E00023995,15.0,£376K - £400K,382000.0,363000.0,25594000.0
551,E00023996,20.0,£701k - £800K,987166.667,861666.667,21168166.667
552,E00023997,25.0,£1.5m - £2m,1206600.0,1036000.0,24056600.0
553,E00023998,21.0,£800K - £900K,841000.0,743000.0,58029000.0
554,E00023999,23.0,£1m - £1.25m,1113000.0,999000.0,73471000.0
555,E00024001,24.0,£1.25m - £1.5m,1078800.0,927400.0,18453466.667
556,E00024002,19.0,£601K - £700K,718583.333,668166.667,19643833.333
557,E00024004,26.0,£2m - £3m,2071500.0,1946500.0,58232750.0
558,E00024005,18.0,£1.25m - £1.5m,1101750.0,939083.333,21807833.333
559,E00024006,26.0,£2m - £3m,1638666.667,1276888.889,30862777.778
560,E00024007,25.0,£1.5m - £2m,1826000.0,1456625.0,33135875.0
561,E00024008,21.0,£1m - £1.25m,978833.333,860833.333,16385666.667
562,E00024009,18.0,£501K - £600K,1171200.0,1034000.0,20064000.0
563,E00024010,7.0,£176K - £200K,456800.0,398600.0,16468200.0
564,E00024011,17.0,£451K - £500K,489750.0,478000.0,27036000.0
565,E00024012,16.0,£401K - £450K,495000.0,478000.0,21544000.0
566,E00024013,18.0,£501K - £600K,572900.0,556800.0,7010800.0
567,E00024014,18.0,£501K - £600K,690166.667,642166.667,14336333.333
568,E00024016,16.0,£401K - £450K,439333.333,427333.333,23857000.0
569,E00024017,16.0,£401K - £450K,436600.0,426000.0,10062400.0
570,E00024018,17.0,£451K - £500K,486666.667,470666.667,20310000.0
571,E00024019,17.0,£451K - £500K,616333.333,580000.0,37962666.667
572,E00024020,19.0,£601K - £700K,529600.0,499800.0,15554600.0
573,E00024021,15.0,£376K - £400K,494333.333,458666.667,31828000.0
574,E00024022,21.0,£1m - £1.25m,1002285.714,892428.571,19254285.714
575,E00024023,20.0,£701k - £800K,774800.0,735200.0,23138200.0
576,E00024024,18.0,£501K - £600K,545571.429,524857.143,13963142.857
577,E00024025,23.0,£1m - £1.25m,1402888.889,1239444.444,25227555.556
578,E00024026,19.0,£601K - £700K,646833.333,628500.0,14667166.667
579,E00024028,18.0,£501K - £600K,646428.571,621571.429,15578857.143
580,E00024029,25.0,£1.5m - £2m,1269833.333,1111166.667,26826333.333
581,E00024030,26.0,£2m - £3m,1569000.0,1269166.667,38529666.667
582,E00024031,26.0,£2m - £3m,1808571.429,1614714.286,29860142.857
583,E00024032,23.0,£1m - £1.25m,1181333.333,1047000.0,34090500.0
584,E00024033,25.0,£1.5m - £2m,1663833.333,1430000.0,24587000.0
585,E00024034,25.0,£1.5m - £2m,1353500.0,1120000.0,34643333.333
586,E00024036,19.0,£601K - £700K,741666.667,703666.667,29453333.333
587,E00024037,21.0,£800K - £900K,811000.0,784000.0,73801000.0
588,E00024038,22.0,£900K - £1m,894428.571,791285.714,14347571.429
589,E00024039,19.0,£601K - £700K,742000.0,667666.667,34138000.0
590,E00024040,23.0,£1m - £1.25m,1035666.667,925666.667,16944666.667
591,E00024041,23.0,£1m - £1.25m,1487000.0,1256600.0,25724200.0
592,E00024042,23.0,£1m - £1.25m,1054857.143,930285.714,14832428.571
593,E00024043,20.0,£701k - £800K,740428.571,699571.429,15766428.571
594,E00024044,20.0,£1m - £1.25m,904250.0,799000.0,28918750.0
595,E00024045,18.0,£501K - £600K,775250.0,734250.0,27362000.0
596,E00024046,19.0,£601K - £700K,874400.0,789600.0,14493500.0
597,E00024047,20.0,£701k - £800K,835000.0,734000.0,31926250.0
598,E00024048,26.0,£2m - £3m,2191500.0,1478416.667,30003500.0
599,E00024050,25.0,£1.5m - £2m,2237571.429,1312571.429,41363857.143
600,E00024051,18.0,£1.5m - £2m,943600.0,861400.0,18914800.0
601,E00024052,23.0,£1m - £1.25m,903125.0,770125.0,20440250.0
602,E00024053,24.0,£1.25m - £1.5m,1698833.333,1528000.0,42995500.0
603,E00024054,23.0,£1.25m - £1.5m,1296142.857,1017142.857,24019714.286
604,E00024055,23.0,£1.5m - £2m,1459000.0,1326000.0,104319500.0
605,E00024056,24.0,£1.25m - £1.5m,1492444.444,1345444.444,24275222.222
606,E00024057,20.0,£1m - £1.25m,1118909.091,961090.909,18601727.273
607,E00024058,25.0,£1.5m - £2m,1608076.923,1351000.0,27092692.308
608,E00024059,22.0,£1.25m - £1.5m,1947400.0,1557600.0,62114200.0
609,E00024060,21.0,£1.5m - £2m,1272333.333,1087000.0,26181222.222
610,E00024061,17.0,£451K - £500K,816857.143,721714.286,8249000.0
611,E00024062,21.0,£800K - £900K,893000.0,839000.0,130378000.0
612,E00024063,23.0,£1m - £1.25m,1316666.667,1158666.667,33114833.333
613,E00024064,23.0,£1m - £1.25m,1295750.0,1161750.0,47124500.0
614,E00024065,23.0,£1m - £1.25m,992250.0,854750.0,40297500.0
615,E00024066,22.0,£1m - £1.25m,1026500.0,958000.0,60815000.0
616,E00024067,24.0,£1.25m - £1.5m,1515000.0,1304571.429,23128857.143
617,E00024068,22.0,£1m - £1.25m,1264250.0,1138125.0,19173750.0
618,E00024069,19.0,£601K - £700K,744000.0,673500.0,35335500.0
619,E00024070,17.0,£451K - £500K,538000.0,526000.0,12328000.0
620,E00024071,23.0,£1.5m - £2m,1622000.0,1158000.0,73792000.0
621,E00024072,14.0,£351K - £375K,423666.667,381000.0,20525000.0
622,E00024073,11.0,£276K - £300K,273000.0,251666.667,14565000.0
623,E00024074,19.0,£601K - £700K,608833.333,539666.667,16846166.667
624,E00024075,18.0,£501K - £600K,684500.0,604000.0,21160500.0
625,E00024076,18.0,£501K - £600K,527166.667,489333.333,11152000.0
626,E00024077,19.0,£1.25m - £1.5m,965750.0,820000.0,50406500.0
627,E00024078,15.0,£376K - £400K,356000.0,331200.0,9014800.0
628,E00024079,11.0,£276K - £300K,333666.667,325333.333,13331333.333
629,E00024080,16.0,£401K - £450K,420333.333,390500.0,8055500.0
630,E00024081,15.0,£376K - £400K,381250.0,360500.0,13720750.0
631,E00024083,20.0,£701k - £800K,814166.667,716500.0,20154666.667
632,E00024084,21.0,£1.5m - £2m,1195333.333,987333.333,68056333.333
633,E00024085,18.0,£501K - £600K,559750.0,500000.0,21218250.0
634,E00024086,18.0,£501K - £600K,529333.333,493666.667,24625333.333
635,E00024087,21.0,£800K - £900K,930000.0,827500.0,28417500.0
636,E00024088,17.0,£451K - £500K,647333.333,591666.667,30981333.333
637,E00024089,18.0,£501K - £600K,522500.0,501000.0,15287250.0
638,E00024090,19.0,£1m - £1.25m,897000.0,850500.0,45274500.0
639,E00024091,18.0,£501K - £600K,553000.0,545000.0,24010333.333
640,E00024092,21.0,£800K - £900K,670909.091,620909.091,16670272.727
641,E00024093,19.0,£1m - £1.25m,869000.0,761500.0,66037000.0
642,E00024094,18.0,£501K - £600K,612666.667,567666.667,35378666.667
643,E00024095,18.0,£1m - £1.25m,789333.333,736000.0,42782666.667
644,E00024096,19.0,£601K - £700K,638000.0,581000.0,15629333.333
645,E00024097,18.0,£501K - £600K,591857.143,548714.286,9952571.429
646,E00024098,18.0,£501K - £600K,544600.0,514400.0,21536800.0
647,E00024099,11.0,£276K - £300K,294000.0,285000.0,18111000.0
648,E00024100,9.0,£226K - £250K,529500.0,497000.0,20214500.0
649,E00024101,11.0,£276K - £300K,431500.0,402250.0,15539750.0
650,E00024103,16.0,£401K - £450K,536000.0,516250.0,12734500.0
651,E00024104,18.0,£501K - £600K,507333.333,490000.0,9870166.667
652,E00024105,18.0,£501K - £600K,768500.0,681000.0,45819500.0
653,E00024106,10.0,£251K - £275K,264500.0,257000.0,16136000.0
654,E00024107,16.0,£401K - £450K,411857.143,395142.857,8031285.714
655,E00024108,20.0,£701k - £800K,581937.5,458437.5,2921093.75
656,E00024109,29.0,£5m+,4879678.571,2680785.714,18144339.286
657,E00024110,12.0,£301K - £325K,371847.826,316760.87,1389956.522
658,E00024112,23.0,£1m - £1.25m,1730168.539,1035853.933,4233629.213
659,E00024113,27.0,£3m - £4m,4635222.222,2342989.899,13973101.01
660,E00024114,20.0,£701k - £800K,1414393.939,937606.061,4299666.667
661,E00024115,29.0,£5m+,6371971.429,3226485.714,19866628.571
662,E00024116,29.0,£5m+,5109125.0,2682640.625,12240640.625
663,E00024117,29.0,£5m+,4481234.375,2333906.25,16336281.25
664,E00024118,29.0,£5m+,8346634.921,4216142.857,36576952.381
665,E00024119,25.0,£1.5m - £2m,2243850.0,1468550.0,6808025.0
666,E00024121,20.0,£701k - £800K,632483.871,579387.097,2726096.774
667,E00024122,16.0,£401K - £450K,524533.333,463400.0,4629133.333
668,E00024123,22.0,£2m - £3m,1385800.0,949866.667,9742733.333
669,E00024124,26.0,£2m - £3m,2504565.217,1465652.174,12654347.826
670,E00024125,21.0,£800K - £900K,911409.091,748227.273,6196090.909
671,E00024126,20.0,£701k - £800K,940366.667,791000.0,4327400.0
672,E00024127,25.0,£1.5m - £2m,1315148.148,1075740.741,16830555.556
673,E00024128,22.0,£900K - £1m,1217694.444,970555.556,9791333.333
674,E00024129,26.0,£2m - £3m,2390375.0,1502400.0,10056925.0
675,E00024130,23.0,£1m - £1.25m,1085964.286,808011.905,3887369.048
676,E00024133,19.0,£601K - £700K,776752.577,576340.206,1580773.196
677,E00024134,26.0,£2m - £3m,2028880.952,1231071.429,8235976.19
678,E00024135,26.0,£2m - £3m,1503272.727,818454.545,19306181.818
679,E00024136,22.0,£900K - £1m,1725117.647,1208352.941,13703617.647
680,E00024137,26.0,£2m - £3m,3467916.667,1746416.667,28307000.0
681,E00024138,17.0,£451K - £500K,491205.882,396647.059,1692676.471
682,E00024140,26.0,£2m - £3m,3740944.444,2045055.556,18687796.296
683,E00175180,15.0,£1m - £1.25m,799500.0,692000.0,39708500.0
684,E00175181,17.0,£451K - £500K,745333.333,633000.0,48143000.0
685,E00175182,17.0,£1.5m - £2m,1001000.0,798000.0,61515000.0
686,E00175183,23.0,£1.25m - £1.5m,1184583.333,1003583.333,58911833.333
687,E00175184,10.0,£251K - £275K,268000.0,251000.0,804000.0
688,E00175185,17.0,£451K - £500K,454000.0,426000.0,68100000.0
689,E00175186,19.0,£1m - £1.25m,875000.0,725500.0,16065000.0
690,E00175187,25.0,£1.5m - £2m,1287647.059,1095764.706,14088764.706
691,E00175188,20.0,£701k - £800K,794000.0,737000.0,96868000.0
692,E00175189,22.0,£900K - £1m,1165734.694,853816.327,2156326.531
693,E00175190,20.0,£701k - £800K,1562977.778,1073155.556,4015155.556
694,E00175191,25.0,£1.5m - £2m,1352256.41,1034589.744,3064051.282
695,E00175192,23.0,£1m - £1.25m,1403465.116,936697.674,2658674.419
696,E00175193,25.0,£1.5m - £2m,1232078.947,881394.737,3505421.053
697,E00175194,26.0,£2m - £3m,2369250.0,1385296.296,4593222.222
698,E00175195,18.0,£501K - £600K,822805.556,588027.778,2982000.0
699,E00175196,29.0,£5m+,3305056.818,1727431.818,8798329.545
700,E00175197,21.0,£1m - £1.25m,1028500.0,785500.0,55909000.0
701,E00175198,21.0,£800K - £900K,1006800.0,849200.0,39522800.0
702,E00175199,24.0,£1.25m - £1.5m,1357000.0,1117750.0,64219750.0
703,E00175200,18.0,£501K - £600K,510200.0,497400.0,10540000.0
704,E00175201,17.0,£451K - £500K,572000.0,546000.0,16434750.0
705,E00175202,19.0,£601K - £700K,661375.0,629000.0,12916500.0
706,E00175203,19.0,£601K - £700K,640142.857,606571.429,12969714.286
707,E00175204,24.0,£1.25m - £1.5m,1902000.0,1204500.0,84145500.0
708,E00175205,27.0,£3m - £4m,3123500.0,1947250.0,49564250.0
709,E00175206,29.0,£5m+,6680210.526,3464736.842,108346052.632
710,E00175207,29.0,£5m+,6071926.829,3070756.098,13574536.585
711,E00175208,26.0,£2m - £3m,1842000.0,921000.0,25625600.0
712,E00175209,23.0,£1m - £1.25m,1039000.0,836000.0,75847000.0
713,E00175210,23.0,£1.25m - £1.5m,1362000.0,1224500.0,117671000.0
714,E00175211,23.0,£1.25m - £1.5m,1517333.333,1279000.0,76359333.333
715,E00175212,26.0,£2m - £3m,2501113.636,1352204.545,5806545.455
716,E00175213,29.0,£5m+,4279192.308,2139576.923,13490692.308
717,E00175214,28.0,£4m - £5m,4065857.143,2392000.0,13752142.857
718,E00175215,17.0,£451K - £500K,658500.0,495166.667,6125333.333
719,E00175216,,,,,
720,E00175217,24.0,£1.25m - £1.5m,1572000.0,1354500.0,80021250.0
721,E00175218,29.0,£5m+,4358315.789,2179157.895,24146157.895
722,E00175219,29.0,£5m+,5281318.182,2640704.545,10856272.727
723,E00175220,18.0,£501K - £600K,669000.0,555285.714,11305857.143
724,E00175221,17.0,£451K - £500K,488500.0,467000.0,19543500.0
725,E00175222,16.0,£401K - £450K,597333.333,521666.667,26100000.0
726,E00175223,,,,,
727,E00175224,19.0,£601K - £700K,632500.0,601500.0,23402500.0
728,E00175225,19.0,£601K - £700K,696666.667,673833.333,39878000.0
729,E00175226,29.0,£5m+,2890000.0,2087909.091,22709181.818
730,E00175227,23.0,£1m - £1.25m,1758333.333,1543777.778,36781000.0
731,E00175228,23.0,£1.25m - £1.5m,1493000.0,1366333.333,71869000.0
732,E00175229,22.0,£1m - £1.25m,969166.667,927000.0,22431166.667
733,E00175230,11.0,£276K - £300K,612500.0,502750.0,43541500.0
734,E00175231,17.0,£451K - £500K,609000.0,548833.333,13198166.667
735,E00175232,16.0,£401K - £450K,419000.0,402000.0,17347666.667
736,E00175233,18.0,£501K - £600K,693800.0,653800.0,14558200.0
737,E00175234,16.0,£401K - £450K,542333.333,488333.333,22008333.333
738,E00175235,16.0,£401K - £450K,465875.0,383250.0,8368250.0
739,E00175236,18.0,£501K - £600K,647000.0,596500.0,26296000.0
740,E00175237,18.0,£501K - £600K,644000.0,622000.0,43691500.0
741,E00175238,18.0,£501K - £600K,508000.0,485000.0,75692000.0
742,E00175239,23.0,£1m - £1.25m,972000.0,857000.0,23268800.0
743,E00175240,22.0,£900K - £1m,909000.0,827000.0,9090000.0
744,E00175241,23.0,£1m - £1.25m,1156230.769,969076.923,9732230.769
745,E00175242,24.0,£1.25m - £1.5m,1445750.0,1268000.0,40173000.0
746,E00175243,20.0,£1.5m - £2m,1270000.0,1199000.0,48813000.0
747,E00175244,22.0,£1.25m - £1.5m,1119333.333,993333.333,57543000.0
748,E00175245,26.0,£2m - £3m,3273500.0,2421500.0,249504500.0
749,E00175246,25.0,£1.5m - £2m,1889500.0,1715000.0,115898500.0
750,E00175247,24.0,£1.25m - £1.5m,1550500.0,1186500.0,79488500.0
751,E00175249,29.0,£5m+,4670733.333,2574866.667,23844333.333
752,E00175250,26.0,£2m - £3m,2797500.0,1450800.0,29255300.0
753,E00175251,18.0,£501K - £600K,574333.333,562333.333,26750333.333
754,E00175252,,,,,
755,E00175253,20.0,£701k - £800K,716666.667,669666.667,26977333.333
756,E00175254,,,,,
757,E00175255,23.0,£1m - £1.25m,1045500.0,998000.0,60664000.0
758,E00175256,12.0,£1m - £1.25m,683250.0,525250.0,12374250.0
759,E00175257,24.0,£1.25m - £1.5m,1029000.0,946200.0,19363066.667
760,E00175258,18.0,£501K - £600K,603333.333,571666.667,25228500.0
761,E00175259,28.0,£4m - £5m,3509500.0,3007500.0,56132750.0
762,E00175260,14.0,£351K - £375K,372000.0,362600.0,7570800.0
763,E00175261,14.0,£351K - £375K,367600.0,358800.0,7641600.0
764,E00175262,18.0,£501K - £600K,511428.571,487428.571,8698571.429
765,E00175263,17.0,£451K - £500K,517500.0,504000.0,31239000.0
766,E00175264,25.0,£1.5m - £2m,1739000.0,1515500.0,130206000.0
767,E00175265,16.0,£401K - £450K,413400.0,399200.0,10139200.0
768,E00175266,15.0,£376K - £400K,477714.286,461428.571,8071714.286
769,E00175267,17.0,£451K - £500K,493000.0,475000.0,17338000.0
770,E00175268,16.0,£401K - £450K,471500.0,452000.0,29976500.0
771,E00175269,16.0,£401K - £450K,463250.0,437500.0,11142500.0
772,E00175270,17.0,£451K - £500K,465800.0,440200.0,12387400.0
773,E00175271,19.0,£601K - £700K,550000.0,530750.0,20174000.0
774,E00175272,14.0,£351K - £375K,404000.0,389500.0,8614500.0
775,E00175273,15.0,£376K - £400K,417000.0,405333.333,15512666.667
776,E00175274,17.0,£451K - £500K,486000.0,465500.0,24067500.0
777,E00175275,16.0,£401K - £450K,513250.0,487750.0,21357000.0
778,E00175276,18.0,£501K - £600K,531166.667,509000.0,10083500.0
779,E00175277,11.0,£276K - £300K,304000.0,292500.0,21563000.0
780,E00175278,18.0,£501K - £600K,532625.0,524000.0,11062125.0
781,E00175279,11.0,£276K - £300K,447000.0,425333.333,8882166.667
