,OA,[per_effective_area_square_meter] - worker_count,[per_effective_area_square_meter] - student_count,[per_effective_area_square_meter] - tourist_count,[per_effective_area_square_meter] - shopper_count,[per_effective_area_square_meter] - leisurer_count,[per_effective_area_square_meter] - chorer_count,[per_effective_area_square_meter] - resident_count,[per_effective_area_square_meter] - visitors_total_count,[per_effective_area_square_meter] - total_count,[shared_scale] - [per_effective_area_square_meter] - worker_count,[shared_scale] - [per_effective_area_square_meter] - student_count,[shared_scale] - [per_effective_area_square_meter] - tourist_count,[shared_scale] - [per_effective_area_square_meter] - shopper_count,[shared_scale] - [per_effective_area_square_meter] - leisurer_count,[shared_scale] - [per_effective_area_square_meter] - chorer_count,[shared_scale] - [per_effective_area_square_meter] - resident_count
0,E00023722,3.041,0.805,1.032,0.256,1.365,0.375,1.573,6.874,8.447,3.041,0.805,1.032,0.256,1.365,0.375,1.573
1,E00023889,4.699,0.981,0.78,1.4,1.064,0.629,3.269,9.553,12.822,4.699,0.981,0.78,1.4,1.064,0.629,3.269
2,E00023808,1.838,0.353,0.229,0.412,0.287,0.296,2.757,3.415,6.172,1.838,0.353,0.229,0.412,0.287,0.296,2.757
3,E00024069,3.602,0.328,1.127,0.734,1.365,0.409,2.888,7.565,10.453,3.602,0.328,1.127,0.734,1.365,0.409,2.888
4,E00024056,3.285,0.687,1.176,0.369,1.094,0.629,2.705,7.24,9.945,3.285,0.687,1.176,0.369,1.094,0.629,2.705
5,E00023555,1.113,0.411,0.2,0.156,0.286,0.158,2.839,2.324,5.163,1.113,0.411,0.2,0.156,0.286,0.158,2.839
6,E00023887,5.401,0.835,1.135,1.305,1.288,0.687,1.918,10.651,12.569,5.401,0.835,1.135,1.305,1.288,0.687,1.918
7,E00024042,4.101,0.688,0.879,0.783,0.931,0.693,1.894,8.075,9.969,4.101,0.688,0.879,0.783,0.931,0.693,1.894
8,E00023706,1.999,0.253,0.343,0.223,0.429,0.264,1.877,3.511,5.388,1.999,0.253,0.343,0.223,0.429,0.264,1.877
9,E00023787,1.74,0.654,0.4,0.465,0.584,0.323,2.072,4.166,6.238,1.74,0.654,0.4,0.465,0.584,0.323,2.072
10,E00024051,6.733,1.038,1.924,1.262,1.741,0.826,1.287,13.524,14.811,6.733,1.038,1.924,1.262,1.741,0.826,1.287
11,E00023714,4.038,0.7,1.021,1.187,1.414,0.557,1.864,8.917,10.781,4.038,0.7,1.021,1.187,1.414,0.557,1.864
12,E00023466,3.472,0.401,0.89,1.163,0.924,0.546,3.278,7.396,10.674,3.472,0.401,0.89,1.163,0.924,0.546,3.278
13,E00175213,8.989,0.906,1.984,0.884,2.123,0.867,1.052,15.753,16.805,8.989,0.906,1.984,0.884,2.123,0.867,1.052
14,E00023564,2.203,0.411,0.343,0.541,0.416,0.404,4.971,4.318,9.289,2.203,0.411,0.343,0.541,0.416,0.404,4.971
15,E00023830,11.207,1.167,1.522,1.583,1.831,1.008,3.081,18.318,21.399,11.207,1.167,1.522,1.583,1.831,1.008,3.081
16,E00023586,2.758,0.481,0.705,0.884,0.855,0.44,4.151,6.123,10.274,2.758,0.481,0.705,0.884,0.855,0.44,4.151
17,E00023507,7.619,1.983,2.034,1.653,2.154,1.234,3.015,16.677,19.692,7.619,1.983,2.034,1.653,2.154,1.234,3.015
18,E00024104,1.31,0.313,0.523,0.271,0.472,0.185,3.073,3.074,6.147,1.31,0.313,0.523,0.271,0.472,0.185,3.073
19,E00024094,1.822,1.355,0.36,0.256,0.413,0.358,4.347,4.564,8.911,1.822,1.355,0.36,0.256,0.413,0.358,4.347
20,E00023936,8.025,0.845,3.514,1.229,2.171,0.595,0.703,16.379,17.082,8.025,0.845,3.514,1.229,2.171,0.595,0.703
21,E00175182,3.458,0.296,0.804,0.59,0.872,0.354,0.859,6.374,7.233,3.458,0.296,0.804,0.59,0.872,0.354,0.859
22,E00023840,10.836,1.342,2.171,2.624,2.128,0.973,1.175,20.074,21.249,10.836,1.342,2.171,2.624,2.128,0.973,1.175
23,E00175255,1.927,0.465,0.312,0.22,0.345,0.251,2.367,3.52,5.887,1.927,0.465,0.312,0.22,0.345,0.251,2.367
24,E00175277,1.152,0.311,0.354,0.322,0.382,0.109,3.607,2.63,6.237,1.152,0.311,0.354,0.322,0.382,0.109,3.607
25,E00023767,2.216,0.229,0.331,0.421,0.474,0.304,3.052,3.975,7.027,2.216,0.229,0.331,0.421,0.474,0.304,3.052
26,E00023908,1.249,0.153,0.116,0.204,0.129,0.272,3.717,2.123,5.84,1.249,0.153,0.116,0.204,0.129,0.272,3.717
27,E00023475,3.448,0.652,1.033,1.959,1.01,0.531,2.415,8.633,11.048,3.448,0.652,1.033,1.959,1.01,0.531,2.415
28,E00023634,1.676,0.243,0.676,0.507,0.626,0.268,1.509,3.996,5.505,1.676,0.243,0.676,0.507,0.626,0.268,1.509
29,E00023727,4.686,0.859,1.466,1.047,1.827,0.676,1.821,10.561,12.382,4.686,0.859,1.466,1.047,1.827,0.676,1.821
30,E00024066,4.16,0.475,1.497,0.99,1.72,0.601,3.909,9.443,13.352,4.16,0.475,1.497,0.99,1.72,0.601,3.909
31,E00023991,3.255,0.522,1.354,0.829,1.559,0.38,2.78,7.899,10.679,3.255,0.522,1.354,0.829,1.559,0.38,2.78
32,E00023910,0.967,0.285,0.226,0.099,0.189,0.217,3.458,1.983,5.441,0.967,0.285,0.226,0.099,0.189,0.217,3.458
33,E00175215,6.028,1.039,1.907,0.921,2.432,0.77,1.017,13.097,14.114,6.028,1.039,1.907,0.921,2.432,0.77,1.017
34,E00023800,2.311,0.384,0.403,0.559,0.462,0.35,1.916,4.469,6.385,2.311,0.384,0.403,0.559,0.462,0.35,1.916
35,E00023920,6.356,1.255,1.859,1.094,1.379,0.688,4.043,12.631,16.674,6.356,1.255,1.859,1.094,1.379,0.688,4.043
36,E00023831,9.908,1.638,2.145,2.617,2.296,0.907,1.756,19.511,21.267,9.908,1.638,2.145,2.617,2.296,0.907,1.756
37,E00023485,4.329,0.432,0.537,0.479,0.523,0.474,3.422,6.774,10.196,4.329,0.432,0.537,0.479,0.523,0.474,3.422
38,E00024021,1.71,0.356,0.265,0.085,0.167,0.223,4.567,2.806,7.373,1.71,0.356,0.265,0.085,0.167,0.223,4.567
39,E00023738,2.226,0.957,0.833,0.171,0.866,0.401,2.834,5.454,8.288,2.226,0.957,0.833,0.171,0.866,0.401,2.834
40,E00023912,1.333,0.614,0.422,0.15,0.276,0.296,2.455,3.091,5.546,1.333,0.614,0.422,0.15,0.276,0.296,2.455
41,E00023423,1.307,0.525,0.221,0.342,0.231,0.289,3.598,2.915,6.513,1.307,0.525,0.221,0.342,0.231,0.289,3.598
42,E00023488,6.539,1.004,1.095,0.88,1.304,0.697,2.861,11.519,14.38,6.539,1.004,1.095,0.88,1.304,0.697,2.861
43,E00023500,9.852,1.64,1.841,1.161,2.205,1.589,2.069,18.288,20.357,9.852,1.64,1.841,1.161,2.205,1.589,2.069
44,E00175275,1.964,0.233,0.509,0.509,0.422,0.215,2.36,3.852,6.212,1.964,0.233,0.509,0.509,0.422,0.215,2.36
45,E00023503,7.059,0.963,1.592,0.999,1.979,0.739,1.663,13.331,14.994,7.059,0.963,1.592,0.999,1.979,0.739,1.663
46,E00175243,1.486,1.047,0.524,0.251,0.464,0.267,2.012,4.039,6.051,1.486,1.047,0.524,0.251,0.464,0.267,2.012
47,E00175246,1.295,0.289,0.368,0.331,0.365,0.27,2.11,2.918,5.028,1.295,0.289,0.368,0.331,0.365,0.27,2.11
48,E00024095,2.395,0.744,0.571,0.517,0.624,0.534,3.776,5.385,9.161,2.395,0.744,0.571,0.517,0.624,0.534,3.776
49,E00023756,2.877,0.513,0.543,0.868,0.659,0.571,2.61,6.031,8.641,2.877,0.513,0.543,0.868,0.659,0.571,2.61
50,E00024014,6.487,0.597,1.467,1.023,1.685,0.74,2.91,11.999,14.909,6.487,0.597,1.467,1.023,1.685,0.74,2.91
51,E00023620,5.809,0.867,2.123,1.29,2.465,0.629,4.166,13.183,17.349,5.809,0.867,2.123,1.29,2.465,0.629,4.166
52,E00023520,8.671,1.408,2.477,1.532,2.118,0.973,3.294,17.179,20.473,8.671,1.408,2.477,1.532,2.118,0.973,3.294
53,E00024125,10.234,1.674,2.557,1.837,1.873,1.025,2.632,19.2,21.832,10.234,1.674,2.557,1.837,1.873,1.025,2.632
54,E00024063,3.75,0.724,1.368,0.409,1.239,0.803,2.744,8.293,11.037,3.75,0.724,1.368,0.409,1.239,0.803,2.744
55,E00024105,1.998,0.152,0.569,0.295,0.586,0.207,1.459,3.807,5.266,1.998,0.152,0.569,0.295,0.586,0.207,1.459
56,E00023932,8.9,1.495,3.099,3.292,2.815,0.727,1.179,20.328,21.507,8.9,1.495,3.099,3.292,2.815,0.727,1.179
57,E00024075,0.625,0.066,0.201,0.153,0.221,0.07,3.071,1.336,4.407,0.625,0.066,0.201,0.153,0.221,0.07,3.071
58,E00175198,5.972,0.818,2.141,1.378,2.68,0.767,3.466,13.756,17.222,5.972,0.818,2.141,1.378,2.68,0.767,3.466
59,E00023728,3.433,0.933,1.208,0.7,1.376,0.514,2.907,8.164,11.071,3.433,0.933,1.208,0.7,1.376,0.514,2.907
60,E00024114,13.285,1.409,3.077,4.474,2.175,1.004,1.018,25.424,26.442,13.285,1.409,3.077,4.474,2.175,1.004,1.018
61,E00023873,1.281,0.278,0.174,0.361,0.195,0.207,2.941,2.496,5.437,1.281,0.278,0.174,0.361,0.195,0.207,2.941
62,E00024059,4.78,0.698,1.38,0.867,1.461,0.604,1.924,9.79,11.714,4.78,0.698,1.38,0.867,1.461,0.604,1.924
63,E00024115,15.234,1.33,4.117,3.14,2.425,1.149,1.016,27.395,28.411,15.234,1.33,4.117,3.14,2.425,1.149,1.016
64,E00024030,1.996,0.47,0.62,0.314,0.499,0.206,1.331,4.105,5.436,1.996,0.47,0.62,0.314,0.499,0.206,1.331
65,E00023567,3.701,0.921,1.165,1.806,0.732,0.513,2.441,8.838,11.279,3.701,0.921,1.165,1.806,0.732,0.513,2.441
66,E00023622,2.533,0.356,1.077,0.356,1.278,0.384,1.754,5.984,7.738,2.533,0.356,1.077,0.356,1.278,0.384,1.754
67,E00023632,5.499,0.996,1.434,1.332,1.478,0.896,1.626,11.635,13.261,5.499,0.996,1.434,1.332,1.478,0.896,1.626
68,E00023858,1.703,1.124,0.173,0.32,0.198,0.397,3.756,3.915,7.671,1.703,1.124,0.173,0.32,0.198,0.397,3.756
69,E00023765,1.551,0.352,0.31,0.356,0.353,0.247,3.753,3.169,6.922,1.551,0.352,0.31,0.356,0.353,0.247,3.753
70,E00023979,3.0,1.598,0.515,0.516,0.799,0.479,2.562,6.907,9.469,3.0,1.598,0.515,0.516,0.799,0.479,2.562
71,E00175230,2.309,0.393,0.345,0.49,0.295,0.323,11.617,4.155,15.772,2.309,0.393,0.345,0.49,0.295,0.323,11.617
72,E00023591,1.779,0.759,0.243,0.421,0.277,0.351,3.13,3.83,6.96,1.779,0.759,0.243,0.421,0.277,0.351,3.13
73,E00023510,7.258,0.936,1.618,1.355,1.644,0.69,1.374,13.501,14.875,7.258,0.936,1.618,1.355,1.644,0.69,1.374
74,E00023581,2.344,0.838,0.74,0.94,0.413,0.413,3.918,5.688,9.606,2.344,0.838,0.74,0.94,0.413,0.413,3.918
75,E00023441,1.489,0.404,0.415,0.309,0.403,0.233,2.262,3.253,5.515,1.489,0.404,0.415,0.309,0.403,0.233,2.262
76,E00024071,4.045,0.751,0.834,0.302,0.838,0.938,3.589,7.708,11.297,4.045,0.751,0.834,0.302,0.838,0.938,3.589
77,E00023867,2.75,1.082,0.568,0.918,0.481,0.334,4.114,6.133,10.247,2.75,1.082,0.568,0.918,0.481,0.334,4.114
78,E00024061,4.403,0.841,1.264,0.738,1.212,0.82,1.635,9.278,10.913,4.403,0.841,1.264,0.738,1.212,0.82,1.635
79,E00024140,11.405,1.057,2.29,2.965,1.764,0.919,1.99,20.4,22.39,11.405,1.057,2.29,2.965,1.764,0.919,1.99
80,E00023726,2.915,0.928,1.266,0.393,1.42,0.427,3.313,7.349,10.662,2.915,0.928,1.266,0.393,1.42,0.427,3.313
81,E00023879,1.072,0.291,0.215,0.368,0.168,0.166,3.527,2.28,5.807,1.072,0.291,0.215,0.368,0.168,0.166,3.527
82,E00023529,11.213,1.555,1.344,1.458,1.715,1.135,2.578,18.42,20.998,11.213,1.555,1.344,1.458,1.715,1.135,2.578
83,E00023443,1.144,0.375,0.112,0.288,0.122,0.174,2.011,2.215,4.226,1.144,0.375,0.112,0.288,0.122,0.174,2.011
84,E00023458,3.576,0.721,0.68,0.694,0.877,0.716,2.088,7.264,9.352,3.576,0.721,0.68,0.694,0.877,0.716,2.088
85,E00024138,11.923,1.493,7.036,3.175,6.929,1.035,1.452,31.591,33.043,11.923,1.493,7.036,3.175,6.929,1.035,1.452
86,E00023922,0.529,0.123,1.317,0.067,1.561,0.068,0.567,3.665,4.232,0.529,0.123,1.317,0.067,1.561,0.068,0.567
87,E00023541,2.204,0.349,0.39,0.499,0.273,0.266,2.734,3.981,6.715,2.204,0.349,0.39,0.499,0.273,0.266,2.734
88,E00024126,10.332,2.605,2.699,2.215,2.203,1.056,3.172,21.11,24.282,10.332,2.605,2.699,2.215,2.203,1.056,3.172
89,E00023993,2.982,0.501,0.924,0.591,0.977,0.418,4.076,6.393,10.469,2.982,0.501,0.924,0.591,0.977,0.418,4.076
90,E00023460,2.134,1.26,0.667,0.624,0.493,0.396,3.179,5.574,8.753,2.134,1.26,0.667,0.624,0.493,0.396,3.179
91,E00023806,1.489,0.306,0.19,0.228,0.251,0.216,0.859,2.68,3.539,1.489,0.306,0.19,0.228,0.251,0.216,0.859
92,E00023438,0.939,0.421,0.109,0.101,0.121,0.149,1.867,1.84,3.707,0.939,0.421,0.109,0.101,0.121,0.149,1.867
93,E00023795,1.92,0.238,0.316,0.454,0.342,0.277,3.583,3.547,7.13,1.92,0.238,0.316,0.454,0.342,0.277,3.583
94,E00023861,2.249,0.701,0.454,0.666,0.415,0.364,1.783,4.849,6.632,2.249,0.701,0.454,0.666,0.415,0.364,1.783
95,E00023570,4.836,1.022,1.205,1.457,0.992,0.519,3.346,10.031,13.377,4.836,1.022,1.205,1.457,0.992,0.519,3.346
96,E00024013,8.342,0.812,1.521,1.447,1.855,0.929,2.743,14.906,17.649,8.342,0.812,1.521,1.447,1.855,0.929,2.743
97,E00024092,3.334,0.473,0.922,0.987,1.04,0.428,4.221,7.184,11.405,3.334,0.473,0.922,0.987,1.04,0.428,4.221
98,E00175235,1.434,0.306,0.288,0.517,0.276,0.238,3.23,3.059,6.289,1.434,0.306,0.288,0.517,0.276,0.238,3.23
99,E00023845,9.82,1.336,1.973,3.477,1.864,0.742,1.65,19.212,20.862,9.82,1.336,1.973,3.477,1.864,0.742,1.65
100,E00023864,2.247,0.771,0.398,0.707,0.481,0.364,3.051,4.968,8.019,2.247,0.771,0.398,0.707,0.481,0.364,3.051
101,E00023989,2.841,0.414,0.948,0.576,0.931,0.409,3.18,6.119,9.299,2.841,0.414,0.948,0.576,0.931,0.409,3.18
102,E00023536,1.643,0.417,0.439,0.597,0.369,0.293,2.883,3.758,6.641,1.643,0.417,0.439,0.597,0.369,0.293,2.883
103,E00023664,4.357,0.984,0.818,1.116,1.161,0.662,1.732,9.098,10.83,4.357,0.984,0.818,1.116,1.161,0.662,1.732
104,E00023433,0.681,0.452,0.089,0.035,0.086,0.095,2.0,1.438,3.438,0.681,0.452,0.089,0.035,0.086,0.095,2.0
105,E00175181,3.129,0.326,0.566,0.419,0.604,0.338,1.645,5.382,7.027,3.129,0.326,0.566,0.419,0.604,0.338,1.645
106,E00024113,12.724,0.888,3.96,2.321,2.214,0.936,0.965,23.043,24.008,12.724,0.888,3.96,2.321,2.214,0.936,0.965
107,E00023672,1.35,0.223,0.488,0.139,0.27,0.368,1.763,2.838,4.601,1.35,0.223,0.488,0.139,0.27,0.368,1.763
108,E00023759,1.404,0.198,0.466,0.352,0.469,0.197,1.297,3.086,4.383,1.404,0.198,0.466,0.352,0.469,0.197,1.297
109,E00023881,4.006,0.889,0.698,1.195,0.82,0.517,2.837,8.125,10.962,4.006,0.889,0.698,1.195,0.82,0.517,2.837
110,E00024096,2.214,0.336,0.767,0.558,0.776,0.295,1.292,4.946,6.238,2.214,0.336,0.767,0.558,0.776,0.295,1.292
111,E00024017,3.37,0.613,0.749,0.797,0.644,0.372,4.282,6.545,10.827,3.37,0.613,0.749,0.797,0.644,0.372,4.282
112,E00023694,2.89,1.068,1.113,0.478,1.319,0.433,2.58,7.301,9.881,2.89,1.068,1.113,0.478,1.319,0.433,2.58
113,E00023884,3.51,0.784,1.033,0.462,0.687,0.368,2.161,6.844,9.005,3.51,0.784,1.033,0.462,0.687,0.368,2.161
114,E00023805,1.912,0.224,0.271,0.43,0.336,0.272,1.759,3.445,5.204,1.912,0.224,0.271,0.43,0.336,0.272,1.759
115,E00023615,1.372,0.815,0.323,0.504,0.416,0.258,3.413,3.688,7.101,1.372,0.815,0.323,0.504,0.416,0.258,3.413
116,E00024008,4.18,1.265,0.846,0.529,0.817,0.625,1.518,8.262,9.78,4.18,1.265,0.846,0.529,0.817,0.625,1.518
117,E00024089,4.239,1.029,1.04,0.968,1.073,0.8,3.603,9.149,12.752,4.239,1.029,1.04,0.968,1.073,0.8,3.603
118,E00023625,3.54,0.553,1.088,0.883,1.226,0.548,1.533,7.838,9.371,3.54,0.553,1.088,0.883,1.226,0.548,1.533
119,E00023502,8.513,1.402,1.7,1.342,2.013,1.184,2.975,16.154,19.129,8.513,1.402,1.7,1.342,2.013,1.184,2.975
120,E00023505,7.391,1.295,1.314,1.174,1.621,1.045,2.104,13.84,15.944,7.391,1.295,1.314,1.174,1.621,1.045,2.104
121,E00024024,2.015,0.436,0.66,0.352,0.547,0.202,1.054,4.212,5.266,2.015,0.436,0.66,0.352,0.547,0.202,1.054
122,E00023954,3.924,1.153,0.764,0.547,0.786,0.534,3.039,7.708,10.747,3.924,1.153,0.764,0.547,0.786,0.534,3.039
123,E00175206,5.255,0.81,1.628,1.235,1.454,0.62,0.633,11.002,11.635,5.255,0.81,1.628,1.235,1.454,0.62,0.633
124,E00023833,10.796,1.648,2.281,2.59,2.221,0.865,2.668,20.401,23.069,10.796,1.648,2.281,2.59,2.221,0.865,2.668
125,E00023801,1.91,0.336,0.328,0.449,0.361,0.319,2.534,3.703,6.237,1.91,0.336,0.328,0.449,0.361,0.319,2.534
126,E00023880,1.541,0.708,0.161,0.33,0.196,0.256,2.962,3.192,6.154,1.541,0.708,0.161,0.33,0.196,0.256,2.962
127,E00023719,4.487,1.283,1.418,0.974,1.621,0.706,4.126,10.489,14.615,4.487,1.283,1.418,0.974,1.621,0.706,4.126
128,E00023798,1.87,0.171,0.271,0.491,0.32,0.247,2.461,3.37,5.831,1.87,0.171,0.271,0.491,0.32,0.247,2.461
129,E00023492,9.737,1.214,1.31,0.715,1.584,1.507,1.908,16.067,17.975,9.737,1.214,1.31,0.715,1.584,1.507,1.908
130,E00175184,8.552,1.812,2.416,1.678,2.614,0.919,0.065,17.991,18.056,8.552,1.812,2.416,1.678,2.614,0.919,0.065
131,E00024020,1.678,0.35,0.513,0.363,0.404,0.219,2.645,3.527,6.172,1.678,0.35,0.513,0.363,0.404,0.219,2.645
132,E00023717,1.739,0.469,0.675,0.156,0.865,0.274,4.606,4.178,8.784,1.739,0.469,0.675,0.156,0.865,0.274,4.606
133,E00175207,6.88,0.87,1.141,1.223,1.066,0.75,1.557,11.93,13.487,6.88,0.87,1.141,1.223,1.066,0.75,1.557
134,E00023741,4.062,1.206,1.046,0.392,1.202,0.73,1.902,8.638,10.54,4.062,1.206,1.046,0.392,1.202,0.73,1.902
135,E00023796,1.813,0.267,0.288,0.363,0.387,0.249,2.175,3.367,5.542,1.813,0.267,0.288,0.363,0.387,0.249,2.175
136,E00023588,1.583,0.734,0.235,0.391,0.267,0.303,2.954,3.513,6.467,1.583,0.734,0.235,0.391,0.267,0.303,2.954
137,E00023473,6.342,1.159,1.19,2.038,1.61,1.105,3.168,13.444,16.612,6.342,1.159,1.19,2.038,1.61,1.105,3.168
138,E00023814,8.494,1.508,1.71,1.398,1.35,0.925,5.538,15.385,20.923,8.494,1.508,1.71,1.398,1.35,0.925,5.538
139,E00023641,1.689,0.304,0.919,0.205,0.786,0.31,1.844,4.213,6.057,1.689,0.304,0.919,0.205,0.786,0.31,1.844
140,E00175240,9.609,1.169,1.933,1.58,2.518,1.049,1.398,17.858,19.256,9.609,1.169,1.933,1.58,2.518,1.049,1.398
141,E00023587,1.518,1.033,0.206,0.349,0.251,0.343,3.592,3.7,7.292,1.518,1.033,0.206,0.349,0.251,0.343,3.592
142,E00023895,1.066,0.093,0.286,0.19,0.272,0.1,3.145,2.007,5.152,1.066,0.093,0.286,0.19,0.272,0.1,3.145
143,E00175203,1.778,0.295,0.64,0.224,0.664,0.278,4.005,3.879,7.884,1.778,0.295,0.64,0.224,0.664,0.278,4.005
144,E00023950,7.508,1.318,1.22,1.121,1.468,0.829,2.849,13.464,16.313,7.508,1.318,1.22,1.121,1.468,0.829,2.849
145,E00023779,1.509,0.318,0.172,0.269,0.235,0.188,2.916,2.691,5.607,1.509,0.318,0.172,0.269,0.235,0.188,2.916
146,E00023721,5.305,1.007,1.224,1.345,1.643,0.827,3.466,11.351,14.817,5.305,1.007,1.224,1.345,1.643,0.827,3.466
147,E00024011,3.518,0.71,0.796,0.61,0.843,0.483,6.292,6.96,13.252,3.518,0.71,0.796,0.61,0.843,0.483,6.292
148,E00023643,2.627,0.359,0.557,0.607,0.576,0.274,2.084,5.0,7.084,2.627,0.359,0.557,0.607,0.576,0.274,2.084
149,E00024012,3.818,0.387,0.754,0.82,0.683,0.361,6.082,6.823,12.905,3.818,0.387,0.754,0.82,0.683,0.361,6.082
150,E00023701,9.25,1.314,3.624,1.954,4.377,1.297,6.411,21.816,28.227,9.25,1.314,3.624,1.954,4.377,1.297,6.411
151,E00023780,2.502,0.747,0.385,0.482,0.423,0.401,2.534,4.94,7.474,2.502,0.747,0.385,0.482,0.423,0.401,2.534
152,E00023427,0.993,0.564,0.191,0.186,0.187,0.18,2.203,2.301,4.504,0.993,0.564,0.191,0.186,0.187,0.18,2.203
153,E00023483,2.493,0.547,0.536,0.531,0.609,0.36,2.129,5.076,7.205,2.493,0.547,0.536,0.531,0.609,0.36,2.129
154,E00023772,1.625,0.131,0.565,0.512,0.534,0.265,2.798,3.632,6.43,1.625,0.131,0.565,0.512,0.534,0.265,2.798
155,E00023578,4.464,1.008,0.725,0.654,0.858,0.542,3.384,8.251,11.635,4.464,1.008,0.725,0.654,0.858,0.542,3.384
156,E00024029,1.17,0.53,0.803,0.302,0.445,0.161,1.875,3.411,5.286,1.17,0.53,0.803,0.302,0.445,0.161,1.875
157,E00023546,1.463,0.234,0.262,0.238,0.171,0.176,2.268,2.544,4.812,1.463,0.234,0.262,0.238,0.171,0.176,2.268
158,E00024097,1.937,1.193,0.494,0.496,0.404,0.3,2.485,4.824,7.309,1.937,1.193,0.494,0.496,0.404,0.3,2.485
159,E00024016,2.82,0.551,0.841,0.656,0.641,0.275,4.756,5.784,10.54,2.82,0.551,0.841,0.656,0.641,0.275,4.756
160,E00175224,3.009,1.368,0.566,0.456,0.903,0.444,1.678,6.746,8.424,3.009,1.368,0.566,0.456,0.903,0.444,1.678
161,E00024005,5.936,0.908,1.045,0.892,1.213,0.584,1.526,10.578,12.104,5.936,0.908,1.045,0.892,1.213,0.584,1.526
162,E00024031,6.629,1.059,1.112,1.303,1.085,0.639,2.307,11.827,14.134,6.629,1.059,1.112,1.303,1.085,0.639,2.307
163,E00024084,2.415,0.307,0.562,1.326,0.464,0.413,3.024,5.487,8.511,2.415,0.307,0.562,1.326,0.464,0.413,3.024
164,E00023599,3.384,0.87,0.711,1.012,0.773,0.564,2.991,7.314,10.305,3.384,0.87,0.711,1.012,0.773,0.564,2.991
165,E00023540,2.748,1.218,0.562,0.627,0.78,0.389,3.307,6.324,9.631,2.748,1.218,0.562,0.627,0.78,0.389,3.307
166,E00023418,5.159,0.681,0.699,0.878,0.77,0.653,2.823,8.84,11.663,5.159,0.681,0.699,0.878,0.77,0.653,2.823
167,E00175204,2.036,0.529,0.704,0.319,0.443,0.491,1.379,4.522,5.901,2.036,0.529,0.704,0.319,0.443,0.491,1.379
168,E00023872,1.566,0.331,0.309,0.539,0.395,0.217,2.827,3.357,6.184,1.566,0.331,0.309,0.539,0.395,0.217,2.827
169,E00023413,1.298,0.519,0.15,0.144,0.211,0.273,1.986,2.595,4.581,1.298,0.519,0.15,0.144,0.211,0.273,1.986
170,E00023974,1.427,0.491,0.775,0.384,0.581,0.244,2.316,3.902,6.218,1.427,0.491,0.775,0.384,0.581,0.244,2.316
171,E00023593,2.438,0.811,0.444,0.729,0.469,0.497,3.424,5.388,8.812,2.438,0.811,0.444,0.729,0.469,0.497,3.424
172,E00175231,0.698,0.111,0.258,0.105,0.212,0.104,1.927,1.488,3.415,0.698,0.111,0.258,0.105,0.212,0.104,1.927
173,E00023512,3.232,0.846,0.437,0.618,0.635,0.527,2.344,6.295,8.639,3.232,0.846,0.437,0.618,0.635,0.527,2.344
174,E00023430,1.078,0.148,0.112,0.091,0.156,0.199,2.14,1.784,3.924,1.078,0.148,0.112,0.091,0.156,0.199,2.14
175,E00175223,2.134,0.488,0.405,0.476,0.301,0.306,0.0,4.11,4.11,2.134,0.488,0.405,0.476,0.301,0.306,0.0
176,E00023580,1.403,0.224,0.154,0.136,0.175,0.187,3.363,2.279,5.642,1.403,0.224,0.154,0.136,0.175,0.187,3.363
177,E00024023,2.223,0.448,0.406,0.431,0.358,0.375,4.353,4.241,8.594,2.223,0.448,0.406,0.431,0.358,0.375,4.353
178,E00024110,10.457,0.941,2.621,3.414,2.258,0.789,1.705,20.48,22.185,10.457,0.941,2.621,3.414,2.258,0.789,1.705
179,E00023501,5.977,1.417,1.284,0.755,1.317,0.987,3.025,11.737,14.762,5.977,1.417,1.284,0.755,1.317,0.987,3.025
180,E00023459,1.343,0.339,0.313,0.189,0.424,0.231,1.303,2.839,4.142,1.343,0.339,0.313,0.189,0.424,0.231,1.303
181,E00175208,2.079,1.113,1.043,0.174,0.637,0.257,4.613,5.303,9.916,2.079,1.113,1.043,0.174,0.637,0.257,4.613
182,E00023600,2.589,0.575,0.411,0.423,0.473,0.455,2.547,4.926,7.473,2.589,0.575,0.411,0.423,0.473,0.455,2.547
183,E00023509,6.425,1.232,1.745,1.134,1.827,0.857,1.581,13.22,14.801,6.425,1.232,1.745,1.134,1.827,0.857,1.581
184,E00023681,6.21,0.594,1.27,2.176,1.483,0.785,2.179,12.518,14.697,6.21,0.594,1.27,2.176,1.483,0.785,2.179
185,E00023471,3.927,0.923,1.401,2.25,1.181,0.607,2.552,10.289,12.841,3.927,0.923,1.401,2.25,1.181,0.607,2.552
186,E00024128,9.238,1.238,2.129,2.359,2.127,0.772,2.272,17.863,20.135,9.238,1.238,2.129,2.359,2.127,0.772,2.272
187,E00023624,4.651,0.656,1.406,1.153,1.402,0.685,1.94,9.953,11.893,4.651,0.656,1.406,1.153,1.402,0.685,1.94
188,E00023964,3.056,0.666,1.05,0.668,1.031,0.41,3.37,6.881,10.251,3.056,0.666,1.05,0.668,1.031,0.41,3.37
189,E00024085,2.011,0.836,0.589,0.815,0.572,0.314,2.51,5.137,7.647,2.011,0.836,0.589,0.815,0.572,0.314,2.51
190,E00024004,5.36,0.788,0.962,0.456,1.142,0.714,3.076,9.422,12.498,5.36,0.788,0.962,0.456,1.142,0.714,3.076
191,E00175270,5.219,0.919,1.632,2.853,1.101,0.652,3.82,12.376,16.196,5.219,0.919,1.632,2.853,1.101,0.652,3.82
192,E00023481,3.449,0.603,1.288,1.899,1.051,0.469,2.096,8.759,10.855,3.449,0.603,1.288,1.899,1.051,0.469,2.096
193,E00023565,3.231,0.776,0.819,1.134,0.76,0.53,3.698,7.25,10.948,3.231,0.776,0.819,1.134,0.76,0.53,3.698
194,E00024135,10.327,1.209,2.311,4.365,2.008,0.779,1.409,20.999,22.408,10.327,1.209,2.311,4.365,2.008,0.779,1.409
195,E00024047,3.205,0.541,0.724,0.56,0.756,0.597,3.327,6.383,9.71,3.205,0.541,0.724,0.56,0.756,0.597,3.327
196,E00023412,1.943,0.551,0.11,0.23,0.16,0.34,1.621,3.334,4.955,1.943,0.551,0.11,0.23,0.16,0.34,1.621
197,E00023662,5.016,0.918,1.067,1.245,1.104,0.651,1.93,10.001,11.931,5.016,0.918,1.067,1.245,1.104,0.651,1.93
198,E00023734,2.382,0.647,1.245,0.495,1.161,0.354,2.07,6.284,8.354,2.382,0.647,1.245,0.495,1.161,0.354,2.07
199,E00023826,13.532,1.8,1.298,1.542,1.439,0.981,2.367,20.592,22.959,13.532,1.8,1.298,1.542,1.439,0.981,2.367
200,E00023975,1.114,0.417,0.354,0.183,0.382,0.157,2.065,2.607,4.672,1.114,0.417,0.354,0.183,0.382,0.157,2.065
201,E00023859,1.402,1.008,0.17,0.352,0.19,0.286,2.961,3.408,6.369,1.402,1.008,0.17,0.352,0.19,0.286,2.961
202,E00175265,1.057,0.568,0.319,0.123,0.227,0.2,3.191,2.494,5.685,1.057,0.568,0.319,0.123,0.227,0.2,3.191
203,E00023948,6.974,1.063,1.159,1.148,1.383,0.608,2.972,12.335,15.307,6.974,1.063,1.159,1.148,1.383,0.608,2.972
204,E00023744,1.602,0.317,0.553,0.416,0.542,0.279,3.43,3.709,7.139,1.602,0.317,0.553,0.416,0.542,0.279,3.43
205,E00023518,5.962,1.307,1.263,1.092,1.252,0.695,2.673,11.571,14.244,5.962,1.307,1.263,1.092,1.252,0.695,2.673
206,E00023666,5.195,1.012,1.466,1.888,1.354,0.807,2.051,11.722,13.773,5.195,1.012,1.466,1.888,1.354,0.807,2.051
207,E00023825,6.835,1.325,1.128,0.814,1.088,0.612,1.32,11.802,13.122,6.835,1.325,1.128,0.814,1.088,0.612,1.32
208,E00023521,9.188,0.987,2.186,1.702,2.013,0.852,4.461,16.928,21.389,9.188,0.987,2.186,1.702,2.013,0.852,4.461
209,E00024076,1.244,0.543,0.284,0.344,0.258,0.199,1.786,2.872,4.658,1.244,0.543,0.284,0.344,0.258,0.199,1.786
210,E00023426,1.386,0.691,0.183,0.244,0.255,0.243,3.259,3.002,6.261,1.386,0.691,0.183,0.244,0.255,0.243,3.259
211,E00023753,1.637,0.331,0.603,0.401,0.504,0.289,2.32,3.765,6.085,1.637,0.331,0.603,0.401,0.504,0.289,2.32
212,E00024103,1.509,0.936,0.345,0.402,0.367,0.227,2.586,3.786,6.372,1.509,0.936,0.345,0.402,0.367,0.227,2.586
213,E00023973,2.463,0.806,0.889,0.617,0.698,0.368,1.571,5.841,7.412,2.463,0.806,0.889,0.617,0.698,0.368,1.571
214,E00023699,2.161,0.524,0.648,0.6,0.777,0.292,2.172,5.002,7.174,2.161,0.524,0.648,0.6,0.777,0.292,2.172
215,E00023618,5.602,0.885,1.717,1.161,1.9,0.642,1.906,11.907,13.813,5.602,0.885,1.717,1.161,1.9,0.642,1.906
216,E00024137,9.489,1.067,1.998,2.909,1.788,0.853,1.56,18.104,19.664,9.489,1.067,1.998,2.909,1.788,0.853,1.56
217,E00024100,2.308,0.802,0.481,0.674,0.584,0.508,3.488,5.357,8.845,2.308,0.802,0.481,0.674,0.584,0.508,3.488
218,E00023469,7.309,1.116,1.351,2.095,1.821,1.182,6.154,14.874,21.028,7.309,1.116,1.351,2.095,1.821,1.182,6.154
219,E00023802,1.814,0.474,0.293,0.326,0.341,0.321,1.709,3.569,5.278,1.814,0.474,0.293,0.326,0.341,0.321,1.709
220,E00023883,1.954,0.253,0.204,0.207,0.241,0.283,2.849,3.142,5.991,1.954,0.253,0.204,0.207,0.241,0.283,2.849
221,E00023499,11.079,1.863,2.058,1.827,2.428,1.702,1.883,20.957,22.84,11.079,1.863,2.058,1.827,2.428,1.702,1.883
222,E00023530,2.125,0.755,0.457,0.569,0.457,0.403,2.129,4.766,6.895,2.125,0.755,0.457,0.569,0.457,0.403,2.129
223,E00024077,1.929,0.275,0.328,0.733,0.299,0.357,2.802,3.921,6.723,1.929,0.275,0.328,0.733,0.299,0.357,2.802
224,E00023579,5.519,0.762,1.587,1.869,1.436,0.85,6.583,12.023,18.606,5.519,0.762,1.587,1.869,1.436,0.85,6.583
225,E00024068,3.125,0.497,1.159,0.218,1.003,0.56,2.847,6.562,9.409,3.125,0.497,1.159,0.218,1.003,0.56,2.847
226,E00023838,11.05,1.352,2.459,2.791,2.478,0.98,3.231,21.11,24.341,11.05,1.352,2.459,2.791,2.478,0.98,3.231
227,E00023882,2.008,0.263,0.486,0.257,0.477,0.278,0.968,3.769,4.737,2.008,0.263,0.486,0.257,0.477,0.278,0.968
228,E00023803,1.576,0.209,0.197,0.242,0.263,0.179,2.669,2.666,5.335,1.576,0.209,0.197,0.242,0.263,0.179,2.669
229,E00023764,2.75,0.464,0.601,0.762,0.733,0.463,2.435,5.773,8.208,2.75,0.464,0.601,0.762,0.733,0.463,2.435
230,E00175259,2.292,0.435,0.453,0.468,0.579,0.402,1.712,4.629,6.341,2.292,0.435,0.453,0.468,0.579,0.402,1.712
231,E00023769,1.735,0.16,0.327,0.316,0.467,0.221,2.972,3.226,6.198,1.735,0.16,0.327,0.316,0.467,0.221,2.972
232,E00175237,3.548,0.827,0.722,0.861,0.766,0.589,2.859,7.313,10.172,3.548,0.827,0.722,0.861,0.766,0.589,2.859
233,E00023930,12.275,1.514,2.348,1.225,1.785,0.577,0.662,19.724,20.386,12.275,1.514,2.348,1.225,1.785,0.577,0.662
234,E00023931,8.078,0.751,2.843,1.717,2.367,0.631,1.178,16.387,17.565,8.078,0.751,2.843,1.717,2.367,0.631,1.178
235,E00023576,5.463,0.865,1.509,1.886,1.247,0.775,4.439,11.745,16.184,5.463,0.865,1.509,1.886,1.247,0.775,4.439
236,E00023827,16.254,1.905,1.184,1.565,1.778,1.192,2.093,23.878,25.971,16.254,1.905,1.184,1.565,1.778,1.192,2.093
237,E00175188,2.303,0.599,0.618,0.667,0.739,0.424,1.918,5.35,7.268,2.303,0.599,0.618,0.667,0.739,0.424,1.918
238,E00023874,0.775,0.121,0.09,0.332,0.115,0.185,2.657,1.618,4.275,0.775,0.121,0.09,0.332,0.115,0.185,2.657
239,E00023506,7.861,1.354,1.756,1.16,1.915,1.047,1.844,15.093,16.937,7.861,1.354,1.756,1.16,1.915,1.047,1.844
240,E00023839,10.221,1.255,2.059,2.961,2.137,0.905,1.405,19.538,20.943,10.221,1.255,2.059,2.961,2.137,0.905,1.405
241,E00024118,7.936,0.803,1.686,0.996,1.589,0.91,2.411,13.92,16.331,7.936,0.803,1.686,0.996,1.589,0.91,2.411
242,E00023639,2.748,0.414,0.964,0.924,0.912,0.334,1.793,6.296,8.089,2.748,0.414,0.964,0.924,0.912,0.334,1.793
243,E00023655,3.488,0.393,0.602,0.315,0.685,0.402,2.346,5.885,8.231,3.488,0.393,0.602,0.315,0.685,0.402,2.346
244,E00023448,1.553,0.66,0.213,0.13,0.27,0.32,3.175,3.146,6.321,1.553,0.66,0.213,0.13,0.27,0.32,3.175
245,E00023995,3.762,0.938,1.114,0.924,1.218,0.555,1.459,8.511,9.97,3.762,0.938,1.114,0.924,1.218,0.555,1.459
246,E00023914,2.578,0.373,0.484,0.673,0.487,0.499,2.07,5.094,7.164,2.578,0.373,0.484,0.673,0.487,0.499,2.07
247,E00023551,1.948,1.003,0.455,0.522,0.551,0.276,3.637,4.755,8.392,1.948,1.003,0.455,0.522,0.551,0.276,3.637
248,E00023945,5.247,0.904,2.645,0.7,1.627,0.557,0.832,11.68,12.512,5.247,0.904,2.645,0.7,1.627,0.557,0.832
249,E00023545,2.671,0.8,0.53,0.399,0.504,0.546,2.998,5.45,8.448,2.671,0.8,0.53,0.399,0.504,0.546,2.998
250,E00023821,9.501,1.203,1.28,1.098,1.325,0.795,1.991,15.202,17.193,9.501,1.203,1.28,1.098,1.325,0.795,1.991
251,E00023863,1.743,0.511,0.375,0.343,0.355,0.311,3.231,3.638,6.869,1.743,0.511,0.375,0.343,0.355,0.311,3.231
252,E00023956,6.922,1.42,1.903,1.674,1.592,0.493,1.711,14.004,15.715,6.922,1.42,1.903,1.674,1.592,0.493,1.711
253,E00024072,1.392,0.244,0.257,0.311,0.293,0.303,3.362,2.8,6.162,1.392,0.244,0.257,0.311,0.293,0.303,3.362
254,E00023969,3.753,1.291,1.145,0.696,1.293,0.511,1.967,8.689,10.656,3.753,1.291,1.145,0.696,1.293,0.511,1.967
255,E00023476,3.635,0.549,1.106,1.103,1.243,0.543,3.804,8.179,11.983,3.635,0.549,1.106,1.103,1.243,0.543,3.804
256,E00023663,3.49,0.586,0.531,0.99,0.616,0.55,1.74,6.763,8.503,3.49,0.586,0.531,0.99,0.616,0.55,1.74
257,E00023572,8.452,1.325,2.104,3.398,1.855,1.199,2.867,18.333,21.2,8.452,1.325,2.104,3.398,1.855,1.199,2.867
258,E00024129,14.455,1.806,2.109,2.865,1.92,1.094,1.074,24.249,25.323,14.455,1.806,2.109,2.865,1.92,1.094,1.074
259,E00023479,3.812,0.865,1.329,1.304,1.336,0.569,3.613,9.215,12.828,3.812,0.865,1.329,1.304,1.336,0.569,3.613
260,E00023815,9.684,1.59,2.111,1.374,2.055,0.892,2.083,17.706,19.789,9.684,1.59,2.111,1.374,2.055,0.892,2.083
261,E00023611,4.87,0.654,1.628,1.718,1.832,0.791,3.73,11.493,15.223,4.87,0.654,1.628,1.718,1.832,0.791,3.73
262,E00023690,2.296,0.349,0.259,0.306,0.317,0.274,1.492,3.801,5.293,2.296,0.349,0.259,0.306,0.317,0.274,1.492
263,E00023894,2.457,0.617,0.51,0.714,0.613,0.376,4.641,5.287,9.928,2.457,0.617,0.51,0.714,0.613,0.376,4.641
264,E00023921,8.764,1.514,3.118,1.571,2.27,0.967,4.458,18.204,22.662,8.764,1.514,3.118,1.571,2.27,0.967,4.458
265,E00024090,1.26,1.074,0.252,0.193,0.273,0.235,1.94,3.287,5.227,1.26,1.074,0.252,0.193,0.273,0.235,1.94
266,E00024093,2.619,0.657,0.593,0.547,0.664,0.609,3.559,5.689,9.248,2.619,0.657,0.593,0.547,0.664,0.609,3.559
267,E00023493,11.273,1.324,1.788,1.446,1.961,1.688,3.387,19.48,22.867,11.273,1.324,1.788,1.446,1.961,1.688,3.387
268,E00024001,2.879,0.495,0.771,0.399,0.773,0.4,2.675,5.717,8.392,2.879,0.495,0.771,0.399,0.773,0.4,2.675
269,E00023990,3.094,0.52,1.279,0.927,1.234,0.418,3.362,7.472,10.834,3.094,0.52,1.279,0.927,1.234,0.418,3.362
270,E00175251,2.51,0.929,1.117,0.552,0.673,0.343,2.956,6.124,9.08,2.51,0.929,1.117,0.552,0.673,0.343,2.956
271,E00023971,3.277,0.68,0.894,0.742,0.816,0.439,1.936,6.848,8.784,3.277,0.68,0.894,0.742,0.816,0.439,1.936
272,E00175229,3.844,0.582,0.777,0.54,0.775,0.537,2.363,7.055,9.418,3.844,0.582,0.777,0.54,0.775,0.537,2.363
273,E00023911,1.694,0.216,0.309,0.399,0.337,0.273,3.443,3.228,6.671,1.694,0.216,0.309,0.399,0.337,0.273,3.443
274,E00023737,8.13,1.089,3.125,1.502,3.78,1.213,2.578,18.839,21.417,8.13,1.089,3.125,1.502,3.78,1.213,2.578
275,E00175276,2.917,0.571,0.662,0.642,0.759,0.52,2.191,6.071,8.262,2.917,0.571,0.662,0.642,0.759,0.52,2.191
276,E00023644,11.647,1.916,2.681,2.037,3.214,1.838,2.012,23.333,25.345,11.647,1.916,2.681,2.037,3.214,1.838,2.012
277,E00023866,2.939,0.539,0.688,0.632,0.646,0.442,2.869,5.886,8.755,2.939,0.539,0.688,0.632,0.646,0.442,2.869
278,E00023981,1.105,0.178,0.51,0.167,0.5,0.143,1.614,2.603,4.217,1.105,0.178,0.51,0.167,0.5,0.143,1.614
279,E00175218,6.177,0.606,1.429,1.247,1.193,0.704,1.519,11.356,12.875,6.177,0.606,1.429,1.247,1.193,0.704,1.519
280,E00175260,1.285,0.556,0.09,0.181,0.08,0.231,4.552,2.423,6.975,1.285,0.556,0.09,0.181,0.08,0.231,4.552
281,E00023917,1.36,0.421,0.402,0.194,0.226,0.299,2.475,2.902,5.377,1.36,0.421,0.402,0.194,0.226,0.299,2.475
282,E00023523,7.577,1.186,1.382,1.352,1.508,0.861,1.707,13.866,15.573,7.577,1.186,1.382,1.352,1.508,0.861,1.707
283,E00175253,3.582,0.57,0.741,0.535,0.846,0.44,1.715,6.714,8.429,3.582,0.57,0.741,0.535,0.846,0.44,1.715
284,E00023766,0.856,0.298,0.243,0.064,0.31,0.192,2.663,1.963,4.626,0.856,0.298,0.243,0.064,0.31,0.192,2.663
285,E00023675,2.382,1.003,0.711,0.19,0.485,0.23,2.127,5.001,7.128,2.382,1.003,0.711,0.19,0.485,0.23,2.127
286,E00024019,3.919,0.843,0.575,0.293,0.721,0.539,4.17,6.89,11.06,3.919,0.843,0.575,0.293,0.721,0.539,4.17
287,E00175183,4.835,0.929,1.166,1.223,1.096,0.651,5.599,9.9,15.499,4.835,0.929,1.166,1.223,1.096,0.651,5.599
288,E00023550,0.665,0.54,0.157,0.067,0.16,0.091,2.643,1.68,4.323,0.665,0.54,0.157,0.067,0.16,0.091,2.643
289,E00023679,1.976,1.17,0.823,0.13,0.61,0.152,1.48,4.861,6.341,1.976,1.17,0.823,0.13,0.61,0.152,1.48
290,E00023790,0.818,0.299,0.168,0.087,0.256,0.161,2.696,1.789,4.485,0.818,0.299,0.168,0.087,0.256,0.161,2.696
291,E00023711,4.157,0.835,1.09,1.247,1.514,0.601,1.79,9.444,11.234,4.157,0.835,1.09,1.247,1.514,0.601,1.79
292,E00023574,5.882,1.133,1.637,2.721,1.316,0.822,4.742,13.511,18.253,5.882,1.133,1.637,2.721,1.316,0.822,4.742
293,E00023552,1.846,0.611,0.36,0.434,0.485,0.269,3.313,4.005,7.318,1.846,0.611,0.36,0.434,0.485,0.269,3.313
294,E00024122,10.157,2.568,2.099,1.781,1.956,0.934,4.548,19.495,24.043,10.157,2.568,2.099,1.781,1.956,0.934,4.548
295,E00023562,3.075,0.902,1.747,2.201,0.843,0.473,2.377,9.241,11.618,3.075,0.902,1.747,2.201,0.843,0.473,2.377
296,E00023771,0.888,0.11,0.307,0.316,0.401,0.123,1.545,2.145,3.69,0.888,0.11,0.307,0.316,0.401,0.123,1.545
297,E00023724,4.41,0.849,1.316,1.153,1.781,0.561,2.321,10.07,12.391,4.41,0.849,1.316,1.153,1.781,0.561,2.321
298,E00023941,8.723,1.03,1.541,1.144,1.53,0.714,1.667,14.682,16.349,8.723,1.03,1.541,1.144,1.53,0.714,1.667
299,E00023482,4.526,0.912,1.571,1.574,1.769,0.61,2.399,10.962,13.361,4.526,0.912,1.571,1.574,1.769,0.61,2.399
300,E00023428,2.2,0.257,0.229,0.255,0.202,0.245,2.697,3.388,6.085,2.2,0.257,0.229,0.255,0.202,0.245,2.697
301,E00023758,1.393,0.247,0.62,0.216,0.451,0.213,1.174,3.14,4.314,1.393,0.247,0.62,0.216,0.451,0.213,1.174
302,E00024078,1.323,0.703,0.228,0.311,0.303,0.32,3.715,3.188,6.903,1.323,0.703,0.228,0.311,0.303,0.32,3.715
303,E00023782,1.161,0.227,0.156,0.178,0.207,0.245,2.597,2.174,4.771,1.161,0.227,0.156,0.178,0.207,0.245,2.597
304,E00023959,10.479,1.016,5.607,3.501,5.701,0.958,1.762,27.262,29.024,10.479,1.016,5.607,3.501,5.701,0.958,1.762
305,E00023703,4.782,0.592,1.928,1.15,2.412,0.643,2.785,11.507,14.292,4.782,0.592,1.928,1.15,2.412,0.643,2.785
306,E00023773,2.643,0.286,0.363,0.618,0.585,0.415,2.251,4.91,7.161,2.643,0.286,0.363,0.618,0.585,0.415,2.251
307,E00175271,2.663,0.942,0.907,1.629,0.563,0.295,3.004,6.999,10.003,2.663,0.942,0.907,1.629,0.563,0.295,3.004
308,E00175200,5.144,0.839,0.993,1.257,1.164,0.842,5.84,10.239,16.079,5.144,0.839,0.993,1.257,1.164,0.842,5.84
309,E00175239,7.908,0.891,1.637,1.235,2.026,0.91,1.937,14.607,16.544,7.908,0.891,1.637,1.235,2.026,0.91,1.937
310,E00023698,6.246,0.715,2.382,1.252,2.931,0.91,2.475,14.436,16.911,6.246,0.715,2.382,1.252,2.931,0.91,2.475
311,E00175226,4.216,0.609,1.38,0.298,0.752,0.474,0.581,7.729,8.31,4.216,0.609,1.38,0.298,0.752,0.474,0.581
312,E00023942,7.006,0.791,1.683,1.225,1.401,0.573,0.367,12.679,13.046,7.006,0.791,1.683,1.225,1.401,0.573,0.367
313,E00023949,7.1,1.375,1.123,1.029,1.455,0.781,2.964,12.863,15.827,7.1,1.375,1.123,1.029,1.455,0.781,2.964
314,E00023977,0.962,0.159,0.728,0.137,0.546,0.171,3.63,2.703,6.333,0.962,0.159,0.728,0.137,0.546,0.171,3.63
315,E00023725,4.377,1.062,1.714,0.897,1.795,0.633,2.773,10.478,13.251,4.377,1.062,1.714,0.897,1.795,0.633,2.773
316,E00023739,2.777,0.887,0.915,0.358,1.034,0.512,2.89,6.483,9.373,2.777,0.887,0.915,0.358,1.034,0.512,2.89
317,E00023918,3.026,0.334,0.58,0.766,0.617,0.53,2.729,5.853,8.582,3.026,0.334,0.58,0.766,0.617,0.53,2.729
318,E00023451,1.247,0.702,0.426,0.389,0.359,0.204,3.893,3.327,7.22,1.247,0.702,0.426,0.389,0.359,0.204,3.893
319,E00023556,0.576,0.59,0.159,0.067,0.132,0.096,2.792,1.62,4.412,0.576,0.59,0.159,0.067,0.132,0.096,2.792
320,E00023999,3.164,1.028,1.059,0.608,1.159,0.469,2.2,7.487,9.687,3.164,1.028,1.059,0.608,1.159,0.469,2.2
321,E00023953,5.361,1.309,1.014,0.827,1.258,0.625,2.146,10.394,12.54,5.361,1.309,1.014,0.827,1.258,0.625,2.146
322,E00023619,3.73,0.596,0.969,0.703,1.068,0.431,3.266,7.497,10.763,3.73,0.596,0.969,0.703,1.068,0.431,3.266
323,E00023925,0.766,0.368,0.143,0.135,0.12,0.13,2.366,1.662,4.028,0.766,0.368,0.143,0.135,0.12,0.13,2.366
324,E00175191,8.911,1.128,2.253,2.798,2.179,0.769,0.586,18.038,18.624,8.911,1.128,2.253,2.798,2.179,0.769,0.586
325,E00023794,2.099,0.28,0.326,0.535,0.425,0.257,4.276,3.922,8.198,2.099,0.28,0.326,0.535,0.425,0.257,4.276
326,E00023627,11.722,2.096,2.449,2.174,2.765,1.834,1.23,23.04,24.27,11.722,2.096,2.449,2.174,2.765,1.834,1.23
327,E00024080,1.884,0.551,0.42,0.47,0.378,0.359,1.593,4.062,5.655,1.884,0.551,0.42,0.47,0.378,0.359,1.593
328,E00024038,4.227,0.741,0.765,0.523,0.758,1.032,2.908,8.046,10.954,4.227,0.741,0.765,0.523,0.758,1.032,2.908
329,E00175264,1.435,0.333,0.342,0.217,0.437,0.266,2.569,3.03,5.599,1.435,0.333,0.342,0.217,0.437,0.266,2.569
330,E00024067,2.841,0.666,0.565,0.309,0.596,0.69,3.381,5.667,9.048,2.841,0.666,0.565,0.309,0.596,0.69,3.381
331,E00024088,2.468,1.163,0.265,0.468,0.365,0.624,2.979,5.353,8.332,2.468,1.163,0.265,0.468,0.365,0.624,2.979
332,E00024009,2.115,0.546,0.328,0.185,0.332,0.237,2.217,3.743,5.96,2.115,0.546,0.328,0.185,0.332,0.237,2.217
333,E00023886,3.007,0.625,0.422,0.837,0.585,0.444,2.386,5.92,8.306,3.007,0.625,0.422,0.837,0.585,0.444,2.386
334,E00023807,1.573,0.255,0.165,0.333,0.2,0.195,2.591,2.721,5.312,1.573,0.255,0.165,0.333,0.2,0.195,2.591
335,E00023569,4.044,0.926,1.282,2.309,0.771,0.54,3.993,9.872,13.865,4.044,0.926,1.282,2.309,0.771,0.54,3.993
336,E00023533,1.425,0.221,0.312,0.321,0.229,0.199,1.361,2.707,4.068,1.425,0.221,0.312,0.321,0.229,0.199,1.361
337,E00023602,1.973,0.636,0.213,0.406,0.263,0.332,2.525,3.823,6.348,1.973,0.636,0.213,0.406,0.263,0.332,2.525
338,E00023791,2.484,0.87,0.555,0.693,0.733,0.474,1.015,5.809,6.824,2.484,0.87,0.555,0.693,0.733,0.474,1.015
339,E00023710,3.749,0.888,0.766,1.337,1.048,0.613,2.687,8.401,11.088,3.749,0.888,0.766,1.337,1.048,0.613,2.687
340,E00175193,8.721,1.22,2.502,2.235,2.351,0.768,1.133,17.797,18.93,8.721,1.22,2.502,2.235,2.351,0.768,1.133
341,E00023696,3.937,1.141,1.495,0.885,1.737,0.563,2.625,9.758,12.383,3.937,1.141,1.495,0.885,1.737,0.563,2.625
342,E00023617,10.383,1.976,2.514,2.252,2.846,1.428,9.068,21.399,30.467,10.383,1.976,2.514,2.252,2.846,1.428,9.068
343,E00023770,1.203,0.099,0.302,0.275,0.361,0.125,1.795,2.365,4.16,1.203,0.099,0.302,0.275,0.361,0.125,1.795
344,E00023649,7.385,1.544,2.326,1.095,2.717,0.822,1.568,15.889,17.457,7.385,1.544,2.326,1.095,2.717,0.822,1.568
345,E00023836,9.977,0.97,1.666,2.011,2.015,0.983,3.294,17.622,20.916,9.977,0.97,1.666,2.011,2.015,0.983,3.294
346,E00023777,1.882,0.682,0.17,0.356,0.202,0.355,3.552,3.647,7.199,1.882,0.682,0.17,0.356,0.202,0.355,3.552
347,E00023776,2.665,0.296,0.334,0.628,0.378,0.431,3.02,4.732,7.752,2.665,0.296,0.334,0.628,0.378,0.431,3.02
348,E00023647,5.187,1.224,1.835,0.881,2.078,0.725,3.532,11.93,15.462,5.187,1.224,1.835,0.881,2.078,0.725,3.532
349,E00023784,1.98,0.496,0.228,0.475,0.292,0.333,2.461,3.804,6.265,1.98,0.496,0.228,0.475,0.292,0.333,2.461
350,E00023705,5.011,0.602,0.528,0.415,0.586,0.447,6.333,7.589,13.922,5.011,0.602,0.528,0.415,0.586,0.447,6.333
351,E00023437,1.478,0.526,0.087,0.107,0.159,0.257,1.128,2.614,3.742,1.478,0.526,0.087,0.107,0.159,0.257,1.128
352,E00023849,2.894,0.64,0.444,1.05,0.5,0.55,3.863,6.078,9.941,2.894,0.64,0.444,1.05,0.5,0.55,3.863
353,E00023761,0.701,0.18,0.261,0.033,0.299,0.132,3.802,1.606,5.408,0.701,0.18,0.261,0.033,0.299,0.132,3.802
354,E00023934,10.511,1.332,4.249,2.739,3.474,0.878,0.901,23.183,24.084,10.511,1.332,4.249,2.739,3.474,0.878,0.901
355,E00023535,1.885,0.45,0.458,0.342,0.467,0.414,1.983,4.016,5.999,1.885,0.45,0.458,0.342,0.467,0.414,1.983
356,E00023875,1.818,0.4,0.353,0.433,0.488,0.333,2.663,3.825,6.488,1.818,0.4,0.353,0.433,0.488,0.333,2.663
357,E00023543,2.78,1.153,0.53,0.645,0.671,0.461,4.024,6.24,10.264,2.78,1.153,0.53,0.645,0.671,0.461,4.024
358,E00023860,1.737,0.417,0.368,0.354,0.307,0.233,2.89,3.416,6.306,1.737,0.417,0.368,0.354,0.307,0.233,2.89
359,E00023542,2.761,1.467,0.597,0.508,0.802,0.384,3.175,6.519,9.694,2.761,1.467,0.597,0.508,0.802,0.384,3.175
360,E00023678,1.842,0.52,0.735,0.24,0.426,0.394,2.201,4.157,6.358,1.842,0.52,0.735,0.24,0.426,0.394,2.201
361,E00175211,1.522,0.376,0.264,0.326,0.387,0.264,3.229,3.139,6.368,1.522,0.376,0.264,0.326,0.387,0.264,3.229
362,E00023674,5.682,0.556,1.326,2.496,1.55,0.705,2.499,12.315,14.814,5.682,0.556,1.326,2.496,1.55,0.705,2.499
363,E00024117,5.327,0.672,1.089,0.731,0.871,0.703,1.829,9.393,11.222,5.327,0.672,1.089,0.731,0.871,0.703,1.829
364,E00024040,3.514,0.759,0.573,0.465,0.597,0.804,2.015,6.712,8.727,3.514,0.759,0.573,0.465,0.597,0.804,2.015
365,E00023939,9.584,0.677,3.77,1.83,1.972,0.578,0.886,18.411,19.297,9.584,0.677,3.77,1.83,1.972,0.578,0.886
366,E00175250,2.377,0.655,1.085,0.414,0.945,0.306,0.639,5.782,6.421,2.377,0.655,1.085,0.414,0.945,0.306,0.639
367,E00023676,1.851,0.681,0.583,0.146,0.368,0.249,1.371,3.878,5.249,1.851,0.681,0.583,0.146,0.368,0.249,1.371
368,E00023730,7.157,1.158,2.56,1.178,3.249,0.869,4.248,16.171,20.419,7.157,1.158,2.56,1.178,3.249,0.869,4.248
369,E00023487,7.097,1.112,1.084,1.229,1.283,1.029,2.087,12.834,14.921,7.097,1.112,1.084,1.229,1.283,1.029,2.087
370,E00024058,6.819,0.9,1.735,1.087,1.978,0.763,3.708,13.282,16.99,6.819,0.9,1.735,1.087,1.978,0.763,3.708
371,E00023968,3.023,1.265,0.937,0.537,1.147,0.392,2.289,7.301,9.59,3.023,1.265,0.937,0.537,1.147,0.392,2.289
372,E00024054,10.415,1.35,2.189,1.886,2.455,0.999,1.086,19.294,20.38,10.415,1.35,2.189,1.886,2.455,0.999,1.086
373,E00023935,10.158,1.018,4.714,1.96,3.462,0.783,0.706,22.095,22.801,10.158,1.018,4.714,1.96,3.462,0.783,0.706
374,E00023597,1.125,0.342,0.1,0.101,0.158,0.233,2.708,2.059,4.767,1.125,0.342,0.1,0.101,0.158,0.233,2.708
375,E00023516,6.139,1.154,2.137,1.276,1.688,0.765,2.394,13.159,15.553,6.139,1.154,2.137,1.276,1.688,0.765,2.394
376,E00023965,2.388,0.886,0.618,0.487,0.737,0.33,1.295,5.446,6.741,2.388,0.886,0.618,0.487,0.737,0.33,1.295
377,E00023494,8.72,1.507,2.102,1.632,2.312,1.311,2.705,17.584,20.289,8.72,1.507,2.102,1.632,2.312,1.311,2.705
378,E00023415,1.667,0.317,0.278,0.401,0.37,0.301,1.514,3.334,4.848,1.667,0.317,0.278,0.401,0.37,0.301,1.514
379,E00023467,2.697,0.407,0.821,0.869,0.785,0.425,2.979,6.004,8.983,2.697,0.407,0.821,0.869,0.785,0.425,2.979
380,E00023670,2.616,0.37,0.498,0.134,0.437,0.224,1.455,4.279,5.734,2.616,0.37,0.498,0.134,0.437,0.224,1.455
381,E00023490,6.944,1.106,0.996,0.833,1.211,0.764,2.504,11.854,14.358,6.944,1.106,0.996,0.833,1.211,0.764,2.504
382,E00175263,1.639,0.286,0.271,0.171,0.216,0.281,5.756,2.864,8.62,1.639,0.286,0.271,0.171,0.216,0.281,5.756
383,E00023748,2.13,1.036,0.675,0.529,0.59,0.392,3.722,5.352,9.074,2.13,1.036,0.675,0.529,0.59,0.392,3.722
384,E00024057,5.548,0.52,1.573,1.382,1.75,0.629,2.575,11.402,13.977,5.548,0.52,1.573,1.382,1.75,0.629,2.575
385,E00023557,6.162,1.205,1.468,2.002,1.357,0.801,1.764,12.995,14.759,6.162,1.205,1.468,2.002,1.357,0.801,1.764
386,E00024043,3.639,0.801,0.85,0.699,0.869,0.656,3.112,7.514,10.626,3.639,0.801,0.85,0.699,0.869,0.656,3.112
387,E00023853,0.961,0.431,0.095,0.136,0.108,0.235,3.539,1.966,5.505,0.961,0.431,0.095,0.136,0.108,0.235,3.539
388,E00023685,4.213,0.515,0.956,0.587,0.934,0.805,2.496,8.01,10.506,4.213,0.515,0.956,0.587,0.934,0.805,2.496
389,E00023604,2.403,0.6,0.562,0.406,0.579,0.373,3.962,4.923,8.885,2.403,0.6,0.562,0.406,0.579,0.373,3.962
390,E00024136,9.902,1.171,3.285,3.625,3.058,0.844,2.333,21.885,24.218,9.902,1.171,3.285,3.625,3.058,0.844,2.333
391,E00023455,2.114,0.495,0.464,0.554,0.561,0.38,2.448,4.568,7.016,2.114,0.495,0.464,0.554,0.561,0.38,2.448
392,E00023916,2.448,1.023,0.332,0.618,0.496,0.427,3.001,5.344,8.345,2.448,1.023,0.332,0.618,0.496,0.427,3.001
393,E00023986,5.365,0.625,1.315,1.246,1.484,0.662,2.403,10.697,13.1,5.365,0.625,1.315,1.246,1.484,0.662,2.403
394,E00023987,4.868,0.599,1.317,0.868,1.593,0.553,3.471,9.798,13.269,4.868,0.599,1.317,0.868,1.593,0.553,3.471
395,E00024098,3.754,0.922,0.967,1.118,0.942,0.761,4.314,8.464,12.778,3.754,0.922,0.967,1.118,0.942,0.761,4.314
396,E00023653,3.059,0.357,0.496,0.245,0.677,0.371,3.321,5.205,8.526,3.059,0.357,0.496,0.245,0.677,0.371,3.321
397,E00175258,1.467,0.136,0.79,0.177,0.745,0.184,5.681,3.499,9.18,1.467,0.136,0.79,0.177,0.745,0.184,5.681
398,E00024039,3.931,0.848,0.791,0.772,0.943,0.646,3.756,7.931,11.687,3.931,0.848,0.791,0.772,0.943,0.646,3.756
399,E00023524,10.223,1.115,1.553,1.869,1.891,0.938,3.578,17.589,21.167,10.223,1.115,1.553,1.869,1.891,0.938,3.578
400,E00024062,4.541,0.436,1.383,0.961,1.615,0.66,4.408,9.596,14.004,4.541,0.436,1.383,0.961,1.615,0.66,4.408
401,E00024028,2.662,0.982,0.962,0.677,0.725,0.386,2.493,6.394,8.887,2.662,0.982,0.962,0.677,0.725,0.386,2.493
402,E00023539,1.07,0.256,0.249,0.194,0.244,0.2,3.168,2.213,5.381,1.07,0.256,0.249,0.194,0.244,0.2,3.168
403,E00023957,7.367,1.426,2.239,2.671,2.082,0.507,1.013,16.292,17.305,7.367,1.426,2.239,2.671,2.082,0.507,1.013
404,E00175225,2.06,0.77,0.677,0.311,0.676,0.338,3.422,4.832,8.254,2.06,0.77,0.677,0.311,0.676,0.338,3.422
405,E00023851,0.942,0.183,0.094,0.155,0.103,0.194,3.119,1.671,4.79,0.942,0.183,0.094,0.155,0.103,0.194,3.119
406,E00023544,2.24,1.453,0.442,0.626,0.564,0.367,3.231,5.692,8.923,2.24,1.453,0.442,0.626,0.564,0.367,3.231
407,E00023723,6.54,1.28,1.531,2.022,2.127,0.939,2.773,14.439,17.212,6.54,1.28,1.531,2.022,2.127,0.939,2.773
408,E00023855,1.968,0.319,0.392,0.467,0.571,0.317,2.98,4.034,7.014,1.968,0.319,0.392,0.467,0.571,0.317,2.98
409,E00023534,2.0,0.705,0.72,0.901,0.432,0.34,3.612,5.098,8.71,2.0,0.705,0.72,0.901,0.432,0.34,3.612
410,E00023928,11.037,1.474,5.539,3.054,5.297,0.9,1.485,27.301,28.786,11.037,1.474,5.539,3.054,5.297,0.9,1.485
411,E00023658,5.435,0.917,0.869,1.047,0.853,0.633,1.269,9.754,11.023,5.435,0.917,0.869,1.047,0.853,0.633,1.269
412,E00175195,7.4,0.781,2.531,2.794,2.528,0.662,1.443,16.696,18.139,7.4,0.781,2.531,2.794,2.528,0.662,1.443
413,E00023484,1.477,0.775,0.418,0.314,0.385,0.263,2.632,3.632,6.264,1.477,0.775,0.418,0.314,0.385,0.263,2.632
414,E00023755,1.217,0.152,0.511,0.304,0.506,0.202,2.097,2.892,4.989,1.217,0.152,0.511,0.304,0.506,0.202,2.097
415,E00024106,1.45,0.651,0.356,0.561,0.368,0.116,6.866,3.502,10.368,1.45,0.651,0.356,0.561,0.368,0.116,6.866
416,E00023422,1.834,0.575,0.268,0.355,0.297,0.342,2.511,3.671,6.182,1.834,0.575,0.268,0.355,0.297,0.342,2.511
417,E00023598,2.294,0.51,0.453,0.717,0.482,0.456,4.025,4.912,8.937,2.294,0.51,0.453,0.717,0.482,0.456,4.025
418,E00023519,4.312,0.7,0.713,0.62,0.952,0.509,1.775,7.806,9.581,4.312,0.7,0.713,0.62,0.952,0.509,1.775
419,E00023760,4.12,0.793,0.902,1.315,0.905,0.681,2.984,8.716,11.7,4.12,0.793,0.902,1.315,0.905,0.681,2.984
420,E00024083,1.988,0.706,0.454,0.961,0.406,0.39,2.789,4.905,7.694,1.988,0.706,0.454,0.961,0.406,0.39,2.789
421,E00024002,3.052,0.577,0.731,0.517,0.643,0.439,4.987,5.959,10.946,3.052,0.577,0.731,0.517,0.643,0.439,4.987
422,E00023732,6.331,1.216,2.679,1.162,3.147,1.045,3.124,15.58,18.704,6.331,1.216,2.679,1.162,3.147,1.045,3.124
423,E00023657,3.486,0.468,0.649,0.656,0.613,0.381,1.303,6.253,7.556,3.486,0.468,0.649,0.656,0.613,0.381,1.303
424,E00023461,1.75,0.515,0.594,0.418,0.487,0.33,4.847,4.094,8.941,1.75,0.515,0.594,0.418,0.487,0.33,4.847
425,E00023453,4.893,1.166,1.022,1.195,1.403,0.849,2.567,10.528,13.095,4.893,1.166,1.022,1.195,1.403,0.849,2.567
426,E00023926,6.324,1.007,1.103,0.93,1.321,0.525,2.781,11.21,13.991,6.324,1.007,1.103,0.93,1.321,0.525,2.781
427,E00023913,1.742,0.2,0.329,0.31,0.35,0.307,3.706,3.238,6.944,1.742,0.2,0.329,0.31,0.35,0.307,3.706
428,E00024073,1.623,0.626,0.421,0.456,0.454,0.255,3.45,3.835,7.285,1.623,0.626,0.421,0.456,0.454,0.255,3.45
429,E00023919,2.356,0.518,1.346,0.471,1.395,0.299,0.58,6.385,6.965,2.356,0.518,1.346,0.471,1.395,0.299,0.58
430,E00023998,5.12,1.38,1.853,0.882,2.062,0.724,2.298,12.021,14.319,5.12,1.38,1.853,0.882,2.062,0.724,2.298
431,E00023751,2.241,0.282,0.503,0.541,0.586,0.323,2.686,4.476,7.162,2.241,0.282,0.503,0.541,0.586,0.323,2.686
432,E00023992,3.803,0.488,1.467,0.747,1.679,0.562,2.13,8.746,10.876,3.803,0.488,1.467,0.747,1.679,0.562,2.13
433,E00175214,5.051,0.529,1.505,0.448,1.412,0.529,0.648,9.474,10.122,5.051,0.529,1.505,0.448,1.412,0.529,0.648
434,E00023720,4.361,0.609,1.437,0.97,1.817,0.553,2.217,9.747,11.964,4.361,0.609,1.437,0.97,1.817,0.553,2.217
435,E00023686,5.723,0.684,1.338,1.244,1.677,0.98,1.787,11.646,13.433,5.723,0.684,1.338,1.244,1.677,0.98,1.787
436,E00023592,1.316,0.475,0.107,0.306,0.107,0.302,2.909,2.613,5.522,1.316,0.475,0.107,0.306,0.107,0.302,2.909
437,E00023996,3.673,0.684,1.527,0.849,1.575,0.503,2.982,8.811,11.793,3.673,0.684,1.527,0.849,1.575,0.503,2.982
438,E00024112,12.47,0.89,4.603,3.358,3.003,0.801,0.962,25.125,26.087,12.47,0.89,4.603,3.358,3.003,0.801,0.962
439,E00024108,10.018,1.152,4.303,2.919,4.128,0.831,2.505,23.351,25.856,10.018,1.152,4.303,2.919,4.128,0.831,2.505
440,E00023513,4.612,1.219,1.004,0.792,0.892,0.661,2.674,9.18,11.854,4.612,1.219,1.004,0.792,0.892,0.661,2.674
441,E00175257,3.428,0.447,0.682,0.602,0.674,0.314,5.461,6.147,11.608,3.428,0.447,0.682,0.602,0.674,0.314,5.461
442,E00175268,2.025,0.48,0.474,0.468,0.306,0.329,3.28,4.082,7.362,2.025,0.48,0.474,0.468,0.306,0.329,3.28
443,E00175217,1.234,0.201,0.227,0.202,0.158,0.176,2.934,2.198,5.132,1.234,0.201,0.227,0.202,0.158,0.176,2.934
444,E00023924,0.547,0.228,0.136,0.098,0.076,0.1,1.495,1.185,2.68,0.547,0.228,0.136,0.098,0.076,0.1,1.495
445,E00023442,4.098,0.689,0.632,0.993,0.723,0.515,1.915,7.65,9.565,4.098,0.689,0.632,0.993,0.723,0.515,1.915
446,E00023626,5.241,0.93,1.571,1.06,1.859,0.775,2.961,11.436,14.397,5.241,0.93,1.571,1.06,1.859,0.775,2.961
447,E00023464,4.989,0.893,0.889,1.002,1.146,0.945,3.256,9.864,13.12,4.989,0.893,0.889,1.002,1.146,0.945,3.256
448,E00175272,3.512,1.09,1.269,2.439,0.725,0.424,5.097,9.459,14.556,3.512,1.09,1.269,2.439,0.725,0.424,5.097
449,E00023885,1.709,0.535,0.295,0.299,0.275,0.308,2.939,3.421,6.36,1.709,0.535,0.295,0.299,0.275,0.308,2.939
450,E00023854,0.718,0.318,0.192,0.147,0.178,0.146,2.895,1.699,4.594,0.718,0.318,0.192,0.147,0.178,0.146,2.895
451,E00023575,4.739,0.882,1.095,1.189,1.099,0.718,2.41,9.722,12.132,4.739,0.882,1.095,1.189,1.099,0.718,2.41
452,E00024060,4.401,0.77,1.85,0.579,1.687,0.607,3.15,9.894,13.044,4.401,0.77,1.85,0.579,1.687,0.607,3.15
453,E00023745,2.124,0.251,0.444,0.493,0.545,0.318,1.827,4.175,6.002,2.124,0.251,0.444,0.493,0.545,0.318,1.827
454,E00024121,7.739,1.662,1.691,1.075,1.625,0.886,3.804,14.678,18.482,7.739,1.662,1.691,1.075,1.625,0.886,3.804
455,E00023754,4.681,0.628,0.877,1.506,0.994,0.847,4.064,9.533,13.597,4.681,0.628,0.877,1.506,0.994,0.847,4.064
456,E00024081,1.121,0.609,0.361,0.659,0.379,0.172,3.055,3.301,6.356,1.121,0.609,0.361,0.659,0.379,0.172,3.055
457,E00024074,1.687,0.385,0.436,0.496,0.318,0.295,2.474,3.617,6.091,1.687,0.385,0.436,0.496,0.318,0.295,2.474
458,E00023731,6.473,0.995,2.161,1.399,2.687,1.027,2.447,14.742,17.189,6.473,0.995,2.161,1.399,2.687,1.027,2.447
459,E00023452,3.604,0.878,0.761,1.032,1.046,0.55,4.166,7.871,12.037,3.604,0.878,0.761,1.032,1.046,0.55,4.166
460,E00024026,1.741,0.702,0.781,0.368,0.442,0.252,2.187,4.286,6.473,1.741,0.702,0.781,0.368,0.442,0.252,2.187
461,E00175202,2.126,0.51,0.892,0.211,0.878,0.284,4.492,4.901,9.393,2.126,0.51,0.892,0.211,0.878,0.284,4.492
462,E00023700,3.801,0.54,1.561,0.686,1.672,0.61,1.435,8.87,10.305,3.801,0.54,1.561,0.686,1.672,0.61,1.435
463,E00023781,1.388,0.337,0.164,0.286,0.204,0.206,2.759,2.585,5.344,1.388,0.337,0.164,0.286,0.204,0.206,2.759
464,E00023842,13.359,1.547,1.2,1.99,1.512,0.954,1.71,20.562,22.272,13.359,1.547,1.2,1.99,1.512,0.954,1.71
465,E00023609,3.866,0.726,0.782,0.67,0.87,0.686,3.162,7.6,10.762,3.866,0.726,0.782,0.67,0.87,0.686,3.162
466,E00024133,10.021,1.135,4.421,3.271,4.398,0.901,1.715,24.147,25.862,10.021,1.135,4.421,3.271,4.398,0.901,1.715
467,E00023789,0.899,0.298,0.188,0.219,0.26,0.145,2.835,2.009,4.844,0.899,0.298,0.188,0.219,0.26,0.145,2.835
468,E00023508,7.828,1.649,1.772,1.21,1.893,1.079,1.716,15.431,17.147,7.828,1.649,1.772,1.21,1.893,1.079,1.716
469,E00023589,2.961,0.911,0.497,0.908,0.509,0.575,3.084,6.361,9.445,2.961,0.911,0.497,0.908,0.509,0.575,3.084
470,E00023820,9.42,1.616,1.186,1.192,0.805,0.809,2.601,15.028,17.629,9.42,1.616,1.186,1.192,0.805,0.809,2.601
471,E00023733,2.593,0.714,0.807,0.569,1.049,0.351,2.813,6.083,8.896,2.593,0.714,0.807,0.569,1.049,0.351,2.813
472,E00023708,2.336,0.77,0.872,0.237,0.993,0.324,1.845,5.532,7.377,2.336,0.77,0.872,0.237,0.993,0.324,1.845
473,E00023414,1.602,0.543,0.158,0.344,0.243,0.393,3.216,3.283,6.499,1.602,0.543,0.158,0.344,0.243,0.393,3.216
474,E00175247,2.665,0.776,0.914,0.714,0.69,0.508,2.898,6.267,9.165,2.665,0.776,0.914,0.714,0.69,0.508,2.898
475,E00023447,1.693,0.297,0.491,0.392,0.498,0.271,2.547,3.642,6.189,1.693,0.297,0.491,0.392,0.498,0.271,2.547
476,E00023495,6.429,1.01,0.999,0.74,1.182,0.759,2.116,11.119,13.235,6.429,1.01,0.999,0.74,1.182,0.759,2.116
477,E00023905,1.041,0.254,0.22,0.24,0.242,0.182,2.087,2.179,4.266,1.041,0.254,0.22,0.24,0.242,0.182,2.087
478,E00024101,2.67,0.575,0.66,0.806,0.727,0.491,2.951,5.929,8.88,2.67,0.575,0.66,0.806,0.727,0.491,2.951
479,E00024033,7.008,1.162,1.159,1.653,1.093,0.805,2.383,12.88,15.263,7.008,1.162,1.159,1.653,1.093,0.805,2.383
480,E00023577,5.517,0.949,0.941,0.848,1.15,0.591,4.296,9.996,14.292,5.517,0.949,0.941,0.848,1.15,0.591,4.296
481,E00023688,2.904,0.698,0.571,0.353,0.422,0.295,1.344,5.243,6.587,2.904,0.698,0.571,0.353,0.422,0.295,1.344
482,E00175199,4.922,0.735,1.016,1.438,1.381,0.733,4.073,10.225,14.298,4.922,0.735,1.016,1.438,1.381,0.733,4.073
483,E00023605,2.871,0.896,0.555,0.617,0.599,0.485,1.772,6.023,7.795,2.871,0.896,0.555,0.617,0.599,0.485,1.772
484,E00023684,2.828,0.364,0.781,0.351,0.461,0.566,2.393,5.351,7.744,2.828,0.364,0.781,0.351,0.461,0.566,2.393
485,E00023749,1.43,0.745,0.264,0.2,0.266,0.238,3.528,3.143,6.671,1.43,0.745,0.264,0.2,0.266,0.238,3.528
486,E00175216,6.676,1.455,1.908,0.832,1.91,0.651,0.0,13.432,13.432,6.676,1.455,1.908,0.832,1.91,0.651,0.0
487,E00023763,2.795,0.29,0.659,0.337,0.666,0.376,3.244,5.123,8.367,2.795,0.29,0.659,0.337,0.666,0.376,3.244
488,E00023890,2.379,0.497,0.308,0.457,0.443,0.431,3.122,4.515,7.637,2.379,0.497,0.308,0.457,0.443,0.431,3.122
489,E00023811,8.4,0.81,0.749,0.613,1.015,0.613,1.862,12.2,14.062,8.4,0.81,0.749,0.613,1.015,0.613,1.862
490,E00024065,4.044,0.902,1.351,0.436,1.101,0.863,3.176,8.697,11.873,4.044,0.902,1.351,0.436,1.101,0.863,3.176
491,E00023424,1.557,0.36,0.231,0.321,0.265,0.249,2.412,2.983,5.395,1.557,0.36,0.231,0.321,0.265,0.249,2.412
492,E00175186,4.889,0.679,1.368,0.979,1.586,0.571,0.302,10.072,10.374,4.889,0.679,1.368,0.979,1.586,0.571,0.302
493,E00023629,2.463,0.399,0.92,0.644,0.923,0.369,2.567,5.718,8.285,2.463,0.399,0.92,0.644,0.923,0.369,2.567
494,E00175187,8.157,1.464,2.05,1.566,2.305,1.012,2.495,16.554,19.049,8.157,1.464,2.05,1.566,2.305,1.012,2.495
495,E00023946,3.982,0.551,1.111,0.532,0.845,0.349,0.947,7.37,8.317,3.982,0.551,1.111,0.532,0.845,0.349,0.947
496,E00023978,1.007,0.577,0.186,0.193,0.209,0.123,1.669,2.295,3.964,1.007,0.577,0.186,0.193,0.209,0.123,1.669
497,E00023526,10.919,1.213,2.07,1.9,2.175,1.066,2.974,19.343,22.317,10.919,1.213,2.07,1.9,2.175,1.066,2.974
498,E00023832,11.14,1.657,1.353,2.125,1.883,0.868,2.3,19.026,21.326,11.14,1.657,1.353,2.125,1.883,0.868,2.3
499,E00023898,0.996,0.119,0.113,0.162,0.134,0.188,1.858,1.712,3.57,0.996,0.119,0.113,0.162,0.134,0.188,1.858
500,E00023819,13.25,1.578,1.082,0.876,1.151,0.955,1.873,18.892,20.765,13.25,1.578,1.082,0.876,1.151,0.955,1.873
501,E00175238,3.665,0.851,0.711,0.992,0.728,0.67,3.235,7.617,10.852,3.665,0.851,0.711,0.992,0.728,0.67,3.235
502,E00175197,6.781,0.977,1.234,2.6,1.701,0.992,2.4,14.285,16.685,6.781,0.977,1.234,2.6,1.701,0.992,2.4
503,E00024037,4.485,0.617,1.069,0.982,1.249,0.724,3.064,9.126,12.19,4.485,0.617,1.069,0.982,1.249,0.724,3.064
504,E00023445,0.943,0.346,0.067,0.129,0.113,0.235,1.648,1.833,3.481,0.943,0.346,0.067,0.129,0.113,0.235,1.648
505,E00024055,7.509,0.828,1.907,1.679,2.233,0.853,2.786,15.009,17.795,7.509,0.828,1.907,1.679,2.233,0.853,2.786
506,E00023877,2.332,0.426,0.49,0.61,0.521,0.367,3.204,4.746,7.95,2.332,0.426,0.49,0.61,0.521,0.367,3.204
507,E00023531,2.236,0.841,0.49,0.892,0.438,0.436,3.193,5.333,8.526,2.236,0.841,0.49,0.892,0.438,0.436,3.193
508,E00023630,5.997,1.045,1.759,1.12,2.072,0.778,2.619,12.771,15.39,5.997,1.045,1.759,1.12,2.072,0.778,2.619
509,E00023635,3.714,1.04,1.231,0.944,1.367,0.498,2.577,8.794,11.371,3.714,1.04,1.231,0.944,1.367,0.498,2.577
510,E00175185,1.78,0.517,0.525,0.4,0.622,0.333,2.543,4.177,6.72,1.78,0.517,0.525,0.4,0.622,0.333,2.543
511,E00023757,6.177,0.935,1.255,2.37,1.201,0.877,2.594,12.815,15.409,6.177,0.935,1.255,2.37,1.201,0.877,2.594
512,E00023648,8.701,1.73,1.798,1.285,2.254,1.285,2.68,17.053,19.733,8.701,1.73,1.798,1.285,2.254,1.285,2.68
513,E00023463,2.736,0.737,0.637,0.992,0.701,0.436,3.302,6.239,9.541,2.736,0.737,0.637,0.992,0.701,0.436,3.302
514,E00175233,2.197,0.763,0.467,0.883,0.543,0.375,2.482,5.228,7.71,2.197,0.763,0.467,0.883,0.543,0.375,2.482
515,E00023446,1.692,0.563,0.203,0.498,0.254,0.239,2.823,3.449,6.272,1.692,0.563,0.203,0.498,0.254,0.239,2.823
516,E00024025,3.694,0.496,0.948,0.757,0.999,0.438,2.998,7.332,10.33,3.694,0.496,0.948,0.757,0.999,0.438,2.998
517,E00023651,6.327,1.387,1.743,1.239,1.973,1.042,3.006,13.711,16.717,6.327,1.387,1.743,1.239,1.973,1.042,3.006
518,E00023429,2.175,0.699,0.34,0.49,0.384,0.326,3.49,4.414,7.904,2.175,0.699,0.34,0.49,0.384,0.326,3.49
519,E00023862,1.245,0.482,0.186,0.391,0.205,0.249,3.468,2.758,6.226,1.245,0.482,0.186,0.391,0.205,0.249,3.468
520,E00175244,2.895,0.521,0.492,0.609,0.665,0.41,3.726,5.592,9.318,2.895,0.521,0.492,0.609,0.665,0.41,3.726
521,E00024107,2.03,0.794,0.48,0.505,0.581,0.405,2.223,4.795,7.018,2.03,0.794,0.48,0.505,0.581,0.405,2.223
522,E00023636,2.65,0.342,1.223,0.44,1.204,0.409,2.54,6.268,8.808,2.65,0.342,1.223,0.44,1.204,0.409,2.54
523,E00023846,10.459,1.426,1.895,1.684,1.411,0.873,2.903,17.748,20.651,10.459,1.426,1.895,1.684,1.411,0.873,2.903
524,E00023637,1.742,0.248,0.801,0.16,0.889,0.279,1.547,4.119,5.666,1.742,0.248,0.801,0.16,0.889,0.279,1.547
525,E00175274,1.543,0.339,0.243,0.318,0.293,0.284,3.469,3.02,6.489,1.543,0.339,0.243,0.318,0.293,0.284,3.469
526,E00023431,1.305,0.561,0.211,0.283,0.218,0.286,2.414,2.864,5.278,1.305,0.561,0.211,0.283,0.218,0.286,2.414
527,E00023740,5.117,0.941,1.654,0.88,1.92,0.792,2.55,11.304,13.854,5.117,0.941,1.654,0.88,1.92,0.792,2.55
528,E00023967,3.854,1.3,1.218,0.822,1.497,0.477,2.336,9.168,11.504,3.854,1.3,1.218,0.822,1.497,0.477,2.336
529,E00023554,2.16,1.103,0.419,0.516,0.51,0.339,3.071,5.047,8.118,2.16,1.103,0.419,0.516,0.51,0.339,3.071
530,E00023923,0.472,0.207,0.123,0.088,0.067,0.085,2.482,1.042,3.524,0.472,0.207,0.123,0.088,0.067,0.085,2.482
531,E00023837,16.918,1.778,1.418,1.276,2.223,1.161,1.906,24.774,26.68,16.918,1.778,1.418,1.276,2.223,1.161,1.906
532,E00023804,3.17,0.745,0.586,0.951,0.646,0.599,2.827,6.697,9.524,3.17,0.745,0.586,0.951,0.646,0.599,2.827
533,E00023816,3.204,0.58,0.743,0.16,0.51,0.268,1.496,5.465,6.961,3.204,0.58,0.743,0.16,0.51,0.268,1.496
534,E00023897,1.213,0.134,0.112,0.168,0.123,0.219,2.95,1.969,4.919,1.213,0.134,0.112,0.168,0.123,0.219,2.95
535,E00023958,7.516,1.936,2.097,1.448,1.821,0.418,1.16,15.236,16.396,7.516,1.936,2.097,1.448,1.821,0.418,1.16
536,E00023750,1.452,0.214,0.657,0.534,0.572,0.282,3.515,3.711,7.226,1.452,0.214,0.657,0.534,0.572,0.282,3.515
537,E00023813,7.136,1.303,1.74,1.111,1.643,0.742,2.13,13.675,15.805,7.136,1.303,1.74,1.111,1.643,0.742,2.13
538,E00023823,7.611,1.698,1.937,1.8,1.882,0.797,2.483,15.725,18.208,7.611,1.698,1.937,1.8,1.882,0.797,2.483
539,E00023892,5.925,1.081,1.573,1.681,1.736,0.758,2.117,12.754,14.871,5.925,1.081,1.573,1.681,1.736,0.758,2.117
540,E00023938,5.139,0.556,1.677,0.434,1.216,0.431,0.622,9.453,10.075,5.139,0.556,1.677,0.434,1.216,0.431,0.622
541,E00023439,1.871,0.281,0.583,0.399,0.587,0.238,3.714,3.959,7.673,1.871,0.281,0.583,0.399,0.587,0.238,3.714
542,E00175256,2.846,1.081,0.707,0.371,0.527,0.468,2.926,6.0,8.926,2.846,1.081,0.707,0.371,0.527,0.468,2.926
543,E00023435,1.303,0.437,0.426,0.193,0.352,0.179,1.796,2.89,4.686,1.303,0.437,0.426,0.193,0.352,0.179,1.796
544,E00023661,6.275,1.109,1.075,0.889,1.102,0.674,1.868,11.124,12.992,6.275,1.109,1.075,0.889,1.102,0.674,1.868
545,E00023960,10.969,0.967,5.794,2.917,5.856,0.877,1.598,27.38,28.978,10.969,0.967,5.794,2.917,5.856,0.877,1.598
546,E00023876,0.808,0.204,0.199,0.262,0.191,0.196,2.694,1.86,4.554,0.808,0.204,0.199,0.262,0.191,0.196,2.694
547,E00023633,3.708,0.56,1.804,0.649,2.196,0.493,1.678,9.41,11.088,3.708,0.56,1.804,0.649,2.196,0.493,1.678
548,E00023640,1.672,0.229,0.58,0.227,0.685,0.269,1.76,3.662,5.422,1.672,0.229,0.58,0.227,0.685,0.269,1.76
549,E00023729,2.255,0.812,1.093,0.276,1.24,0.265,4.314,5.941,10.255,2.255,0.812,1.093,0.276,1.24,0.265,4.314
550,E00023775,2.796,0.283,0.381,0.698,0.477,0.356,2.342,4.991,7.333,2.796,0.283,0.381,0.698,0.477,0.356,2.342
551,E00024034,4.018,1.379,0.696,0.697,0.666,0.584,2.512,8.04,10.552,4.018,1.379,0.696,0.697,0.666,0.584,2.512
552,E00175221,1.342,0.219,0.237,0.152,0.176,0.22,3.905,2.346,6.251,1.342,0.219,0.237,0.152,0.176,0.22,3.905
553,E00023888,2.443,0.667,0.346,0.721,0.422,0.376,2.879,4.975,7.854,2.443,0.667,0.346,0.721,0.422,0.376,2.879
554,E00175266,2.577,0.664,0.769,1.316,0.43,0.396,3.839,6.152,9.991,2.577,0.664,0.769,1.316,0.43,0.396,3.839
555,E00023715,3.072,0.59,0.653,1.222,0.863,0.51,2.597,6.91,9.507,3.072,0.59,0.653,1.222,0.863,0.51,2.597
556,E00023809,1.023,0.176,0.163,0.152,0.224,0.184,2.702,1.922,4.624,1.023,0.176,0.163,0.152,0.224,0.184,2.702
557,E00175252,3.557,0.583,0.676,0.76,0.744,0.329,0.81,6.649,7.459,3.557,0.583,0.676,0.76,0.744,0.329,0.81
558,E00023456,1.438,0.213,0.214,0.063,0.253,0.352,3.228,2.533,5.761,1.438,0.213,0.214,0.063,0.253,0.352,3.228
559,E00023778,2.209,0.18,0.3,0.559,0.347,0.245,2.091,3.84,5.931,2.209,0.18,0.3,0.559,0.347,0.245,2.091
560,E00023994,4.297,0.938,1.208,0.983,1.109,0.655,2.67,9.19,11.86,4.297,0.938,1.208,0.983,1.109,0.655,2.67
561,E00024050,5.656,0.788,1.178,1.404,1.377,0.718,1.394,11.121,12.515,5.656,0.788,1.178,1.404,1.377,0.718,1.394
562,E00023527,9.269,1.057,1.21,1.167,1.384,0.921,3.675,15.008,18.683,9.269,1.057,1.21,1.167,1.384,0.921,3.675
563,E00023659,2.771,0.683,0.447,0.496,0.521,0.398,1.603,5.316,6.919,2.771,0.683,0.447,0.496,0.521,0.398,1.603
564,E00023943,8.136,0.639,1.483,1.002,1.283,0.593,2.62,13.136,15.756,8.136,0.639,1.483,1.002,1.283,0.593,2.62
565,E00023768,1.398,0.175,0.195,0.124,0.24,0.28,2.654,2.412,5.066,1.398,0.175,0.195,0.124,0.24,0.28,2.654
566,E00023436,0.986,0.273,0.136,0.163,0.144,0.184,1.358,1.886,3.244,0.986,0.273,0.136,0.163,0.144,0.184,1.358
567,E00023606,3.297,0.471,0.932,1.153,1.052,0.567,3.228,7.472,10.7,3.297,0.471,0.932,1.153,1.052,0.567,3.228
568,E00023496,7.941,1.064,1.329,1.16,1.466,0.928,2.592,13.888,16.48,7.941,1.064,1.329,1.16,1.466,0.928,2.592
569,E00023687,5.496,0.636,1.03,1.511,1.004,0.61,1.653,10.287,11.94,5.496,0.636,1.03,1.511,1.004,0.61,1.653
570,E00175222,3.428,1.238,1.049,0.914,1.337,0.428,2.877,8.394,11.271,3.428,1.238,1.049,0.914,1.337,0.428,2.877
571,E00175196,15.079,1.123,4.23,3.872,2.606,1.064,0.729,27.974,28.703,15.079,1.123,4.23,3.872,2.606,1.064,0.729
572,E00023824,9.946,1.93,2.028,1.328,1.506,0.956,2.009,17.694,19.703,9.946,1.93,2.028,1.328,1.506,0.956,2.009
573,E00023906,0.968,0.136,0.1,0.176,0.118,0.261,4.745,1.759,6.504,0.968,0.136,0.1,0.176,0.118,0.261,4.745
574,E00023907,1.53,0.25,0.135,0.2,0.148,0.366,4.377,2.629,7.006,1.53,0.25,0.135,0.2,0.148,0.366,4.377
575,E00175220,4.068,0.722,0.894,1.211,0.889,0.697,1.944,8.481,10.425,4.068,0.722,0.894,1.211,0.889,0.697,1.944
576,E00023848,8.612,1.204,0.945,0.407,0.994,0.609,2.137,12.771,14.908,8.612,1.204,0.945,0.407,0.994,0.609,2.137
577,E00024119,9.053,0.781,1.718,0.866,1.845,0.815,1.371,15.078,16.449,9.053,0.781,1.718,0.866,1.845,0.815,1.371
578,E00023628,5.598,0.772,2.196,0.857,2.685,0.666,2.577,12.774,15.351,5.598,0.772,2.196,0.857,2.685,0.666,2.577
579,E00023812,12.199,1.938,2.214,1.305,1.374,0.903,4.219,19.933,24.152,12.199,1.938,2.214,1.305,1.374,0.903,4.219
580,E00023893,5.028,0.809,0.928,1.329,1.022,0.664,2.137,9.78,11.917,5.028,0.809,0.928,1.329,1.022,0.664,2.137
581,E00023465,4.136,0.612,0.695,1.033,0.945,0.746,1.888,8.167,10.055,4.136,0.612,0.695,1.033,0.945,0.746,1.888
582,E00023522,7.709,1.208,1.983,1.236,1.781,0.742,4.607,14.659,19.266,7.709,1.208,1.983,1.236,1.781,0.742,4.607
583,E00175232,4.937,1.112,0.961,1.534,1.067,0.901,5.173,10.512,15.685,4.937,1.112,0.961,1.534,1.067,0.901,5.173
584,E00024130,12.118,1.676,2.504,2.52,2.184,1.031,2.459,22.033,24.492,12.118,1.676,2.504,2.52,2.184,1.031,2.459
585,E00023470,2.348,0.801,0.896,0.997,0.795,0.385,2.482,6.222,8.704,2.348,0.801,0.896,0.997,0.795,0.385,2.482
586,E00023596,3.709,0.704,0.898,1.244,1.034,0.701,3.555,8.29,11.845,3.709,0.704,0.898,1.244,1.034,0.701,3.555
587,E00023517,4.72,0.876,0.989,1.397,0.925,0.588,2.138,9.495,11.633,4.72,0.876,0.989,1.397,0.925,0.588,2.138
588,E00023878,1.034,0.316,0.117,0.185,0.127,0.125,4.603,1.904,6.507,1.034,0.316,0.117,0.185,0.127,0.125,4.603
589,E00023669,4.536,0.436,1.372,1.495,1.303,0.482,0.61,9.624,10.234,4.536,0.436,1.372,1.495,1.303,0.482,0.61
590,E00023480,2.132,0.747,0.825,0.363,1.041,0.321,1.844,5.429,7.273,2.132,0.747,0.825,0.363,1.041,0.321,1.844
591,E00023454,2.817,0.322,0.368,0.385,0.358,0.317,2.169,4.567,6.736,2.817,0.322,0.368,0.385,0.358,0.317,2.169
592,E00023785,1.559,0.425,0.203,0.29,0.3,0.246,1.641,3.023,4.664,1.559,0.425,0.203,0.29,0.3,0.246,1.641
593,E00023560,3.238,0.833,1.184,1.576,0.927,0.536,1.536,8.294,9.83,3.238,0.833,1.184,1.576,0.927,0.536,1.536
594,E00023566,4.19,0.911,1.152,1.664,0.932,0.649,3.832,9.498,13.33,4.19,0.911,1.152,1.664,0.932,0.649,3.832
595,E00024022,4.18,0.825,0.882,0.647,0.95,0.587,2.991,8.071,11.062,4.18,0.825,0.882,0.647,0.95,0.587,2.991
596,E00023425,2.617,0.449,0.329,0.415,0.319,0.38,1.341,4.509,5.85,2.617,0.449,0.329,0.415,0.319,0.38,1.341
597,E00023704,4.515,1.183,1.221,0.574,1.232,0.826,2.972,9.551,12.523,4.515,1.183,1.221,0.574,1.232,0.826,2.972
598,E00023671,5.525,0.503,1.012,1.032,1.242,0.591,1.298,9.905,11.203,5.525,0.503,1.012,1.032,1.242,0.591,1.298
599,E00024053,6.469,0.876,1.627,0.975,1.765,0.783,1.844,12.495,14.339,6.469,0.876,1.627,0.975,1.765,0.783,1.844
600,E00023904,0.899,0.305,0.15,0.213,0.217,0.192,3.062,1.976,5.038,0.899,0.305,0.15,0.213,0.217,0.192,3.062
601,E00023847,6.718,0.582,1.124,0.331,0.68,0.504,3.425,9.939,13.364,6.718,0.582,1.124,0.331,0.68,0.504,3.425
602,E00023985,6.426,0.576,1.863,1.468,2.092,0.695,3.507,13.12,16.627,6.426,0.576,1.863,1.468,2.092,0.695,3.507
603,E00023835,10.514,1.364,2.305,2.676,2.408,0.883,1.549,20.15,21.699,10.514,1.364,2.305,2.676,2.408,0.883,1.549
604,E00175227,5.602,1.473,0.847,0.632,1.074,0.851,4.788,10.479,15.267,5.602,1.473,0.847,0.632,1.074,0.851,4.788
605,E00023955,10.296,1.397,3.525,4.168,3.192,0.881,1.129,23.459,24.588,10.296,1.397,3.525,4.168,3.192,0.881,1.129
606,E00023528,10.484,1.122,1.513,1.394,1.766,0.995,3.471,17.274,20.745,10.484,1.122,1.513,1.394,1.766,0.995,3.471
607,E00175249,5.543,0.701,1.14,0.82,0.96,0.488,0.688,9.652,10.34,5.543,0.701,1.14,0.82,0.96,0.488,0.688
608,E00023933,8.427,0.98,2.974,2.504,2.535,0.689,1.198,18.109,19.307,8.427,0.98,2.974,2.504,2.535,0.689,1.198
609,E00175254,2.675,0.561,0.706,0.575,0.776,0.279,0.879,5.572,6.451,2.675,0.561,0.706,0.575,0.776,0.279,0.879
610,E00023828,9.221,1.228,1.779,2.127,1.943,0.79,2.593,17.088,19.681,9.221,1.228,1.779,2.127,1.943,0.79,2.593
611,E00023608,3.562,0.809,0.781,0.711,0.86,0.603,2.361,7.326,9.687,3.562,0.809,0.781,0.711,0.86,0.603,2.361
612,E00175192,8.515,1.112,3.031,2.457,2.991,0.791,1.04,18.897,19.937,8.515,1.112,3.031,2.457,2.991,0.791,1.04
613,E00023689,3.695,0.643,0.64,0.496,0.593,0.331,1.178,6.398,7.576,3.695,0.643,0.64,0.496,0.593,0.331,1.178
614,E00023538,0.925,0.307,0.234,0.099,0.273,0.122,0.957,1.96,2.917,0.925,0.307,0.234,0.099,0.273,0.122,0.957
615,E00023571,4.589,1.125,1.399,2.352,1.028,0.646,4.565,11.139,15.704,4.589,1.125,1.399,2.352,1.028,0.646,4.565
616,E00023902,1.31,0.368,0.264,0.108,0.249,0.174,0.829,2.473,3.302,1.31,0.368,0.264,0.108,0.249,0.174,0.829
617,E00024006,8.078,1.149,1.435,1.269,1.684,0.854,4.253,14.469,18.722,8.078,1.149,1.435,1.269,1.684,0.854,4.253
618,E00023449,3.846,0.776,0.523,0.729,0.604,0.549,2.51,7.027,9.537,3.846,0.776,0.523,0.729,0.604,0.549,2.51
619,E00023929,10.548,1.119,4.879,2.282,4.333,0.895,1.48,24.056,25.536,10.548,1.119,4.879,2.282,4.333,0.895,1.48
620,E00023421,2.547,1.411,0.294,0.365,0.408,0.523,4.786,5.548,10.334,2.547,1.411,0.294,0.365,0.408,0.523,4.786
621,E00023843,12.755,1.698,2.242,2.265,2.448,1.113,1.536,22.521,24.057,12.755,1.698,2.242,2.265,2.448,1.113,1.536
622,E00023561,2.977,1.028,1.365,1.569,0.781,0.535,1.704,8.255,9.959,2.977,1.028,1.365,1.569,0.781,0.535,1.704
623,E00175205,3.741,1.233,1.268,0.376,0.7,0.777,1.193,8.095,9.288,3.741,1.233,1.268,0.376,0.7,0.777,1.193
624,E00023537,1.663,0.383,0.326,0.209,0.311,0.412,2.841,3.304,6.145,1.663,0.383,0.326,0.209,0.311,0.412,2.841
625,E00023951,6.677,1.114,1.156,0.955,1.462,0.65,3.757,12.014,15.771,6.677,1.114,1.156,0.955,1.462,0.65,3.757
626,E00024116,9.404,0.893,2.048,1.277,1.489,0.88,0.965,15.991,16.956,9.404,0.893,2.048,1.277,1.489,0.88,0.965
627,E00023660,3.287,0.724,0.567,0.666,0.624,0.534,1.418,6.402,7.82,3.287,0.724,0.567,0.666,0.624,0.534,1.418
628,E00175228,4.849,0.797,0.96,0.892,1.063,0.616,3.15,9.177,12.327,4.849,0.797,0.96,0.892,1.063,0.616,3.15
629,E00023450,1.914,0.468,0.496,0.502,0.43,0.333,1.453,4.143,5.596,1.914,0.468,0.496,0.502,0.43,0.333,1.453
630,E00023638,6.201,1.106,1.913,1.325,2.248,0.895,3.413,13.688,17.101,6.201,1.106,1.913,1.325,2.248,0.895,3.413
631,E00023966,2.931,0.706,0.811,0.66,0.775,0.448,1.738,6.331,8.069,2.931,0.706,0.811,0.66,0.775,0.448,1.738
632,E00024018,2.27,0.338,0.439,0.398,0.361,0.284,3.442,4.09,7.532,2.27,0.338,0.439,0.398,0.361,0.284,3.442
633,E00023585,2.747,0.634,0.718,1.03,0.901,0.456,2.675,6.486,9.161,2.747,0.634,0.718,1.03,0.901,0.456,2.675
634,E00175234,4.598,0.658,1.404,1.757,1.649,0.761,3.183,10.827,14.01,4.598,0.658,1.404,1.757,1.649,0.761,3.183
635,E00023477,6.207,0.942,1.176,2.131,1.579,0.992,2.654,13.027,15.681,6.207,0.942,1.176,2.131,1.579,0.992,2.654
636,E00023702,1.978,0.383,0.842,0.506,1.004,0.242,3.028,4.955,7.983,1.978,0.383,0.842,0.506,1.004,0.242,3.028
637,E00023783,2.004,0.731,0.213,0.445,0.254,0.325,2.855,3.972,6.827,2.004,0.731,0.213,0.445,0.254,0.325,2.855
638,E00024087,1.535,0.893,0.144,0.305,0.255,0.287,2.837,3.419,6.256,1.535,0.893,0.144,0.305,0.255,0.287,2.837
639,E00023980,0.639,0.168,0.315,0.114,0.267,0.068,1.942,1.571,3.513,0.639,0.168,0.315,0.114,0.267,0.068,1.942
640,E00175261,1.152,0.527,0.149,0.155,0.162,0.205,2.812,2.35,5.162,1.152,0.527,0.149,0.155,0.162,0.205,2.812
641,E00023774,1.216,0.425,0.297,0.367,0.37,0.272,3.328,2.947,6.275,1.216,0.425,0.297,0.367,0.37,0.272,3.328
642,E00023870,1.329,0.494,0.298,0.552,0.365,0.261,4.57,3.299,7.869,1.329,0.494,0.298,0.552,0.365,0.261,4.57
643,E00175189,11.819,1.102,3.128,3.576,1.715,0.819,0.63,22.159,22.789,11.819,1.102,3.128,3.576,1.715,0.819,0.63
644,E00023498,8.536,1.623,1.683,1.3,1.898,1.243,2.334,16.283,18.617,8.536,1.623,1.683,1.3,1.898,1.243,2.334
645,E00023558,4.378,0.869,1.158,1.283,1.136,0.57,1.685,9.394,11.079,4.378,0.869,1.158,1.283,1.136,0.57,1.685
646,E00024032,6.784,0.965,1.303,1.212,1.427,0.674,1.913,12.365,14.278,6.784,0.965,1.303,1.212,1.427,0.674,1.913
647,E00023486,6.823,1.229,1.704,1.352,1.462,0.764,2.321,13.334,15.655,6.823,1.229,1.704,1.352,1.462,0.764,2.321
648,E00023419,1.678,0.749,0.21,0.283,0.31,0.372,3.223,3.602,6.825,1.678,0.749,0.21,0.283,0.31,0.372,3.223
649,E00023997,4.091,1.331,1.359,0.723,1.573,0.589,2.746,9.666,12.412,4.091,1.331,1.359,0.723,1.573,0.589,2.746
650,E00023900,3.086,0.335,0.911,0.223,1.106,0.36,0.0,6.021,6.021,3.086,0.335,0.911,0.223,1.106,0.36,0.0
651,E00023891,3.28,0.518,0.742,0.771,0.749,0.424,1.373,6.484,7.857,3.28,0.518,0.742,0.771,0.749,0.424,1.373
652,E00023810,1.263,0.254,0.128,0.266,0.159,0.142,2.512,2.212,4.724,1.263,0.254,0.128,0.266,0.159,0.142,2.512
653,E00023432,0.689,0.296,0.095,0.04,0.102,0.095,2.047,1.317,3.364,0.689,0.296,0.095,0.04,0.102,0.095,2.047
654,E00023844,14.495,1.732,2.403,2.806,2.485,1.178,1.505,25.099,26.604,14.495,1.732,2.403,2.806,2.485,1.178,1.505
655,E00023613,3.994,0.533,1.374,1.395,1.587,0.655,3.291,9.538,12.829,3.994,0.533,1.374,1.395,1.587,0.655,3.291
656,E00023692,2.512,0.31,0.633,0.181,0.817,0.263,2.538,4.716,7.254,2.512,0.31,0.633,0.181,0.817,0.263,2.538
657,E00023903,1.435,0.236,0.173,0.107,0.228,0.151,1.273,2.33,3.603,1.435,0.236,0.173,0.107,0.228,0.151,1.273
658,E00175236,3.481,0.642,0.69,1.508,0.781,0.6,1.595,7.702,9.297,3.481,0.642,0.69,1.508,0.781,0.6,1.595
659,E00023665,5.11,0.989,0.979,1.238,1.233,0.726,1.731,10.275,12.006,5.11,0.989,0.979,1.238,1.233,0.726,1.731
660,E00023869,1.779,0.954,0.343,0.658,0.397,0.388,2.974,4.519,7.493,1.779,0.954,0.343,0.658,0.397,0.388,2.974
661,E00023650,3.291,0.627,1.447,0.558,1.837,0.516,1.849,8.276,10.125,3.291,0.627,1.447,0.558,1.837,0.516,1.849
662,E00023614,3.044,0.613,0.682,0.559,0.754,0.552,2.872,6.204,9.076,3.044,0.613,0.682,0.559,0.754,0.552,2.872
663,E00023695,3.324,0.899,1.156,0.731,1.243,0.497,3.879,7.85,11.729,3.324,0.899,1.156,0.731,1.243,0.497,3.879
664,E00175219,4.297,0.402,0.785,0.44,0.633,0.624,1.105,7.181,8.286,4.297,0.402,0.785,0.44,0.633,0.624,1.105
665,E00023709,1.217,0.491,0.285,0.121,0.347,0.221,2.244,2.682,4.926,1.217,0.491,0.285,0.121,0.347,0.221,2.244
666,E00023788,1.301,0.414,0.31,0.534,0.361,0.25,3.884,3.17,7.054,1.301,0.414,0.31,0.534,0.361,0.25,3.884
667,E00024123,10.742,2.128,2.215,2.06,1.858,1.313,2.779,20.316,23.095,10.742,2.128,2.215,2.06,1.858,1.313,2.779
668,E00023623,6.665,1.044,1.834,1.289,1.753,0.918,1.593,13.503,15.096,6.665,1.044,1.834,1.289,1.753,0.918,1.593
669,E00023590,2.519,0.769,0.45,0.809,0.466,0.483,3.345,5.496,8.841,2.519,0.769,0.45,0.809,0.466,0.483,3.345
670,E00023511,6.043,2.218,0.836,1.43,1.27,1.11,7.03,12.907,19.937,6.043,2.218,0.836,1.43,1.27,1.11,7.03
671,E00024099,1.559,1.381,0.334,0.284,0.306,0.3,4.487,4.164,8.651,1.559,1.381,0.334,0.284,0.306,0.3,4.487
672,E00024041,3.833,0.55,0.902,0.581,0.92,0.684,2.772,7.47,10.242,3.833,0.55,0.902,0.581,0.92,0.684,2.772
673,E00023504,10.54,2.074,2.339,1.869,2.422,1.775,1.539,21.019,22.558,10.54,2.074,2.339,1.869,2.422,1.775,1.539
674,E00023972,0.901,0.27,0.399,0.194,0.35,0.083,1.492,2.197,3.689,0.901,0.27,0.399,0.194,0.35,0.083,1.492
675,E00023668,4.752,0.423,1.027,1.475,1.089,0.516,1.13,9.282,10.412,4.752,0.423,1.027,1.475,1.089,0.516,1.13
676,E00023573,5.446,1.198,1.429,1.936,1.149,0.783,3.853,11.941,15.794,5.446,1.198,1.429,1.936,1.149,0.783,3.853
677,E00175212,10.938,0.952,1.961,1.234,1.94,0.966,1.134,17.991,19.125,10.938,0.952,1.961,1.234,1.94,0.966,1.134
678,E00024091,1.582,1.056,0.472,0.246,0.336,0.271,3.084,3.963,7.047,1.582,1.056,0.472,0.246,0.336,0.271,3.084
679,E00024010,3.576,0.446,0.63,0.48,0.714,0.488,5.109,6.334,11.443,3.576,0.446,0.63,0.48,0.714,0.488,5.109
680,E00023901,0.853,0.102,0.065,0.131,0.08,0.232,4.262,1.463,5.725,0.853,0.102,0.065,0.131,0.08,0.232,4.262
681,E00023762,4.31,0.72,0.973,1.398,1.028,0.689,2.329,9.118,11.447,4.31,0.72,0.973,1.398,1.028,0.689,2.329
682,E00023852,0.747,0.336,0.203,0.107,0.166,0.081,3.08,1.64,4.72,0.747,0.336,0.203,0.107,0.166,0.081,3.08
683,E00024109,8.048,0.77,1.746,1.125,1.505,0.79,1.989,13.984,15.973,8.048,0.77,1.746,1.125,1.505,0.79,1.989
684,E00023682,2.409,0.332,0.292,0.16,0.27,0.234,1.373,3.697,5.07,2.409,0.332,0.292,0.16,0.27,0.234,1.373
685,E00023497,11.349,1.779,1.835,1.685,2.105,1.8,2.267,20.553,22.82,11.349,1.779,1.835,1.685,2.105,1.8,2.267
686,E00023416,4.609,0.687,0.387,0.682,0.384,0.612,8.332,7.361,15.693,4.609,0.687,0.387,0.682,0.384,0.612,8.332
687,E00023474,11.333,1.739,2.04,3.428,2.684,1.765,4.923,22.989,27.912,11.333,1.739,2.04,3.428,2.684,1.765,4.923
688,E00023515,6.842,1.44,2.219,1.368,1.831,0.905,2.159,14.605,16.764,6.842,1.44,2.219,1.368,1.831,0.905,2.159
689,E00023491,10.046,1.446,1.729,1.119,2.102,1.408,2.807,17.85,20.657,10.046,1.446,1.729,1.119,2.102,1.408,2.807
690,E00023707,1.158,0.452,0.265,0.186,0.332,0.231,2.611,2.624,5.235,1.158,0.452,0.265,0.186,0.332,0.231,2.611
691,E00023786,2.251,0.981,0.301,0.498,0.422,0.404,2.477,4.857,7.334,2.251,0.981,0.301,0.498,0.422,0.404,2.477
692,E00175210,2.013,0.427,0.271,0.482,0.403,0.352,3.64,3.948,7.588,2.013,0.427,0.271,0.482,0.403,0.352,3.64
693,E00023857,0.78,0.387,0.24,0.12,0.19,0.073,2.771,1.79,4.561,0.78,0.387,0.24,0.12,0.19,0.073,2.771
694,E00175241,6.739,0.752,1.65,1.308,2.01,0.716,1.682,13.175,14.857,6.739,0.752,1.65,1.308,2.01,0.716,1.682
695,E00023818,8.014,1.423,1.241,0.934,1.007,0.664,4.325,13.283,17.608,8.014,1.423,1.241,0.934,1.007,0.664,4.325
696,E00023899,2.093,0.338,0.515,0.337,0.533,0.282,1.218,4.098,5.316,2.093,0.338,0.515,0.337,0.533,0.282,1.218
697,E00023595,2.456,0.477,0.476,0.609,0.506,0.398,3.282,4.922,8.204,2.456,0.477,0.476,0.609,0.506,0.398,3.282
698,E00023514,3.751,1.029,0.692,0.913,0.869,0.605,2.987,7.859,10.846,3.751,1.029,0.692,0.913,0.869,0.605,2.987
699,E00023472,2.762,0.554,1.085,1.526,0.866,0.447,2.215,7.24,9.455,2.762,0.554,1.085,1.526,0.866,0.447,2.215
700,E00023865,4.08,1.225,0.97,1.326,0.841,0.678,2.787,9.12,11.907,4.08,1.225,0.97,1.326,0.841,0.678,2.787
701,E00023697,3.772,0.702,1.356,0.707,1.761,0.438,2.139,8.736,10.875,3.772,0.702,1.356,0.707,1.761,0.438,2.139
702,E00024134,9.438,0.852,3.933,2.796,3.964,0.802,2.397,21.785,24.182,9.438,0.852,3.933,2.796,3.964,0.802,2.397
703,E00023616,2.885,1.525,0.469,0.643,0.558,0.599,3.427,6.679,10.106,2.885,1.525,0.469,0.643,0.558,0.599,3.427
704,E00024036,3.679,1.032,1.228,0.703,1.371,0.532,2.961,8.545,11.506,3.679,1.032,1.228,0.703,1.371,0.532,2.961
705,E00024052,6.7,0.629,1.849,1.605,2.093,0.756,3.145,13.632,16.777,6.7,0.629,1.849,1.605,2.093,0.756,3.145
706,E00175194,9.629,1.456,3.211,2.988,3.128,0.94,1.14,21.352,22.492,9.629,1.456,3.211,2.988,3.128,0.94,1.14
707,E00023856,1.346,0.879,0.124,0.261,0.137,0.327,3.901,3.074,6.975,1.346,0.879,0.124,0.261,0.137,0.327,3.901
708,E00023947,5.698,1.159,1.368,0.658,1.09,0.71,2.45,10.683,13.133,5.698,1.159,1.368,0.658,1.09,0.71,2.45
709,E00024048,7.441,0.998,1.602,1.48,1.636,0.685,1.363,13.842,15.205,7.441,0.998,1.602,1.48,1.636,0.685,1.363
710,E00175209,6.22,1.06,1.632,1.637,1.624,0.928,0.607,13.101,13.708,6.22,1.06,1.632,1.637,1.624,0.928,0.607
711,E00023489,8.984,1.28,1.437,1.199,1.82,1.13,3.738,15.85,19.588,8.984,1.28,1.437,1.199,1.82,1.13,3.738
712,E00023603,2.067,0.597,0.36,0.403,0.385,0.316,3.906,4.128,8.034,2.067,0.597,0.36,0.403,0.385,0.316,3.906
713,E00023656,7.519,0.884,1.753,1.382,1.78,1.087,3.325,14.405,17.73,7.519,0.884,1.753,1.382,1.78,1.087,3.325
714,E00024046,3.569,1.163,0.803,0.781,0.877,0.608,3.259,7.801,11.06,3.569,1.163,0.803,0.781,0.877,0.608,3.259
715,E00023468,2.639,0.668,1.069,1.012,0.961,0.372,2.72,6.721,9.441,2.639,0.668,1.069,1.012,0.961,0.372,2.72
716,E00023718,3.491,1.086,1.117,0.693,1.329,0.486,2.954,8.202,11.156,3.491,1.086,1.117,0.693,1.329,0.486,2.954
717,E00023799,2.197,0.215,0.306,0.527,0.384,0.254,2.719,3.883,6.602,2.197,0.215,0.306,0.527,0.384,0.254,2.719
718,E00023822,7.739,1.217,1.739,1.348,1.712,0.901,2.148,14.656,16.804,7.739,1.217,1.739,1.348,1.712,0.901,2.148
719,E00023610,3.029,0.488,0.683,0.558,0.685,0.388,2.427,5.831,8.258,3.029,0.488,0.683,0.558,0.685,0.388,2.427
720,E00023691,3.52,0.692,0.849,0.357,0.833,0.667,0.995,6.918,7.913,3.52,0.692,0.849,0.357,0.833,0.667,0.995
721,E00024045,3.105,1.279,0.861,0.822,1.059,0.442,2.671,7.568,10.239,3.105,1.279,0.861,0.822,1.059,0.442,2.671
722,E00023834,9.337,0.891,1.998,2.468,2.14,0.92,1.853,17.754,19.607,9.337,0.891,1.998,2.468,2.14,0.92,1.853
723,E00023612,3.548,0.563,1.008,1.009,1.093,0.468,2.681,7.689,10.37,3.548,0.563,1.008,1.009,1.093,0.468,2.681
724,E00023817,8.142,1.175,1.049,0.731,1.051,0.688,1.522,12.836,14.358,8.142,1.175,1.049,0.731,1.051,0.688,1.522
725,E00023896,1.097,0.094,0.125,0.172,0.145,0.114,2.575,1.747,4.322,1.097,0.094,0.125,0.172,0.145,0.114,2.575
726,E00023434,2.164,0.404,0.799,0.431,0.67,0.273,3.021,4.741,7.762,2.164,0.404,0.799,0.431,0.67,0.273,3.021
727,E00175201,3.711,0.536,0.738,0.981,0.743,0.658,3.623,7.367,10.99,3.711,0.536,0.738,0.981,0.743,0.658,3.623
728,E00023944,6.245,1.199,0.777,0.614,0.76,0.592,2.799,10.187,12.986,6.245,1.199,0.777,0.614,0.76,0.592,2.799
729,E00024064,3.311,0.469,1.173,0.851,1.482,0.433,3.069,7.719,10.788,3.311,0.469,1.173,0.851,1.482,0.433,3.069
730,E00175278,2.658,0.546,0.718,0.321,0.657,0.603,2.545,5.503,8.048,2.658,0.546,0.718,0.321,0.657,0.603,2.545
731,E00023601,4.351,0.771,1.167,1.378,1.312,0.68,3.646,9.659,13.305,4.351,0.771,1.167,1.378,1.312,0.68,3.646
732,E00023680,1.966,0.261,0.56,0.167,0.336,0.498,1.748,3.788,5.536,1.966,0.261,0.56,0.167,0.336,0.498,1.748
733,E00023937,11.206,0.848,3.621,1.705,2.301,0.822,1.049,20.503,21.552,11.206,0.848,3.621,1.705,2.301,0.822,1.049
734,E00023478,3.123,0.567,1.101,1.408,1.009,0.512,3.229,7.72,10.949,3.123,0.567,1.101,1.408,1.009,0.512,3.229
735,E00175267,3.427,0.625,1.064,1.816,0.659,0.479,5.497,8.07,13.567,3.427,0.625,1.064,1.816,0.659,0.479,5.497
736,E00023793,1.009,0.347,0.201,0.195,0.274,0.2,1.839,2.226,4.065,1.009,0.347,0.201,0.195,0.274,0.2,1.839
737,E00023712,2.901,0.397,0.748,0.256,0.812,0.402,3.475,5.516,8.991,2.901,0.397,0.748,0.256,0.812,0.402,3.475
738,E00023976,1.206,0.472,0.4,0.396,0.301,0.159,1.305,2.934,4.239,1.206,0.472,0.4,0.396,0.301,0.159,1.305
739,E00023646,8.419,1.63,2.194,1.703,2.492,1.193,1.87,17.631,19.501,8.419,1.63,2.194,1.703,2.492,1.193,1.87
740,E00023621,4.126,0.568,1.226,1.109,1.215,0.428,3.39,8.672,12.062,4.126,0.568,1.226,1.109,1.215,0.428,3.39
741,E00024079,1.349,0.936,0.426,0.437,0.367,0.267,3.093,3.782,6.875,1.349,0.936,0.426,0.437,0.367,0.267,3.093
742,E00023652,9.087,1.734,2.336,1.984,2.628,1.24,1.11,19.009,20.119,9.087,1.734,2.336,1.984,2.628,1.24,1.11
743,E00023559,2.533,0.657,1.117,1.003,0.723,0.448,1.074,6.481,7.555,2.533,0.657,1.117,1.003,0.723,0.448,1.074
744,E00024070,2.521,0.605,0.665,0.259,0.574,0.581,2.17,5.205,7.375,2.521,0.605,0.665,0.259,0.574,0.581,2.17
745,E00023746,2.641,0.348,0.716,0.596,0.707,0.447,3.54,5.455,8.995,2.641,0.348,0.716,0.596,0.707,0.447,3.54
746,E00023532,3.122,0.888,0.942,0.884,0.901,0.523,2.638,7.26,9.898,3.122,0.888,0.942,0.884,0.901,0.523,2.638
747,E00023927,6.796,1.647,1.219,1.168,1.381,0.887,3.681,13.098,16.779,6.796,1.647,1.219,1.168,1.381,0.887,3.681
748,E00023747,1.723,0.214,0.354,0.281,0.43,0.251,3.485,3.253,6.738,1.723,0.214,0.354,0.281,0.43,0.251,3.485
749,E00023716,2.055,0.726,0.731,0.272,0.915,0.308,3.911,5.007,8.918,2.055,0.726,0.731,0.272,0.915,0.308,3.911
750,E00023797,1.186,0.232,0.096,0.078,0.104,0.267,2.918,1.963,4.881,1.186,0.232,0.096,0.078,0.104,0.267,2.918
751,E00175262,1.016,0.711,0.157,0.124,0.18,0.171,3.086,2.359,5.445,1.016,0.711,0.157,0.124,0.18,0.171,3.086
752,E00023548,3.076,1.272,0.625,0.486,0.746,0.589,5.117,6.794,11.911,3.076,1.272,0.625,0.486,0.746,0.589,5.117
753,E00024007,7.388,0.839,1.072,1.35,1.17,0.735,2.81,12.554,15.364,7.388,0.839,1.072,1.35,1.17,0.735,2.81
754,E00024086,1.814,0.738,0.55,0.918,0.541,0.23,3.325,4.791,8.116,1.814,0.738,0.55,0.918,0.541,0.23,3.325
755,E00023549,1.669,1.47,0.196,0.182,0.275,0.304,6.002,4.096,10.098,1.669,1.47,0.196,0.182,0.275,0.304,6.002
756,E00023829,14.818,2.028,1.751,2.257,2.047,1.094,2.081,23.995,26.076,14.818,2.028,1.751,2.257,2.047,1.094,2.081
757,E00024124,12.683,1.645,1.273,1.294,1.359,0.991,1.975,19.245,21.22,12.683,1.645,1.273,1.294,1.359,0.991,1.975
758,E00175245,1.312,0.356,0.438,0.135,0.372,0.283,2.633,2.896,5.529,1.312,0.356,0.438,0.135,0.372,0.283,2.633
759,E00023631,4.413,0.613,1.717,0.586,2.082,0.599,2.423,10.01,12.433,4.413,0.613,1.717,0.586,2.082,0.599,2.423
760,E00023440,2.206,0.498,0.445,0.659,0.482,0.309,1.577,4.599,6.176,2.206,0.498,0.445,0.659,0.482,0.309,1.577
761,E00175190,13.672,1.329,3.385,3.734,2.279,0.966,0.499,25.365,25.864,13.672,1.329,3.385,3.734,2.279,0.966,0.499
762,E00023909,1.48,0.232,0.276,0.23,0.254,0.298,2.355,2.77,5.125,1.48,0.232,0.276,0.23,0.254,0.298,2.355
763,E00023988,3.733,0.469,1.278,0.942,1.572,0.499,3.488,8.493,11.981,3.733,0.469,1.278,0.942,1.572,0.499,3.488
764,E00024044,4.802,0.616,1.001,0.896,1.02,0.771,3.003,9.106,12.109,4.802,0.616,1.001,0.896,1.02,0.771,3.003
765,E00175269,3.586,0.833,1.279,2.222,0.763,0.488,2.81,9.171,11.981,3.586,0.833,1.279,2.222,0.763,0.488,2.81
766,E00023982,0.602,0.167,0.515,0.107,0.361,0.106,3.719,1.858,5.577,0.602,0.167,0.515,0.107,0.361,0.106,3.719
767,E00023444,2.037,0.701,0.154,0.261,0.212,0.424,3.073,3.789,6.862,2.037,0.701,0.154,0.261,0.212,0.424,3.073
768,E00024127,7.701,1.614,1.984,1.621,1.877,0.724,3.4,15.521,18.921,7.701,1.614,1.984,1.621,1.877,0.724,3.4
769,E00023547,1.814,0.837,0.423,0.348,0.501,0.286,2.382,4.209,6.591,1.814,0.837,0.423,0.348,0.501,0.286,2.382
770,E00023462,1.953,0.447,0.481,0.683,0.545,0.291,2.887,4.4,7.287,1.953,0.447,0.481,0.683,0.545,0.291,2.887
771,E00023752,1.821,0.802,0.546,0.302,0.404,0.339,2.828,4.214,7.042,1.821,0.802,0.546,0.302,0.404,0.339,2.828
772,E00023871,1.504,0.522,0.346,0.59,0.374,0.255,3.623,3.591,7.214,1.504,0.522,0.346,0.59,0.374,0.255,3.623
773,E00023841,13.793,1.843,1.753,1.986,2.097,1.019,1.901,22.491,24.392,13.793,1.843,1.753,1.986,2.097,1.019,1.901
774,E00175279,1.998,0.358,0.377,0.472,0.437,0.385,3.374,4.027,7.401,1.998,0.358,0.377,0.472,0.437,0.385,3.374
775,E00023792,1.659,0.281,0.326,0.246,0.485,0.231,2.738,3.228,5.966,1.659,0.281,0.326,0.246,0.485,0.231,2.738
776,E00023713,2.681,0.745,0.827,0.35,0.954,0.342,2.958,5.899,8.857,2.681,0.745,0.827,0.35,0.954,0.342,2.958
777,E00023963,4.344,1.191,1.426,1.018,1.521,0.654,2.04,10.154,12.194,4.344,1.191,1.426,1.018,1.521,0.654,2.04
778,E00175242,2.525,0.566,0.23,0.417,0.24,0.409,2.124,4.387,6.511,2.525,0.566,0.23,0.417,0.24,0.409,2.124
779,E00175273,4.959,1.329,1.601,2.778,1.048,0.731,3.365,12.446,15.811,4.959,1.329,1.601,2.778,1.048,0.731,3.365
780,E00175180,7.505,0.837,1.611,1.65,1.902,0.789,3.205,14.294,17.499,7.505,0.837,1.611,1.65,1.902,0.789,3.205
781,E00023525,10.611,1.596,1.769,1.995,1.986,1.221,2.012,19.178,21.19,10.611,1.596,1.769,1.995,1.986,1.221,2.012
