OA,energy,vehicle,recycle,none
E00023412,0.7708333333333334,0.625,0.625,0.14583333333333334
E00023418,0.7708333333333334,0.625,0.625,0.14583333333333334
E00023432,0.7708333333333334,0.625,0.625,0.14583333333333334
E00023433,0.7708333333333334,0.625,0.625,0.14583333333333334
E00023436,0.7708333333333334,0.625,0.625,0.14583333333333334
E00023437,0.7708333333333334,0.625,0.625,0.14583333333333334
E00023440,0.7708333333333334,0.625,0.625,0.14583333333333334
E00023442,0.7708333333333334,0.625,0.625,0.14583333333333334
E00023443,0.7708333333333334,0.625,0.625,0.14583333333333334
E00023444,0.7708333333333334,0.625,0.625,0.14583333333333334
E00023446,0.7708333333333334,0.625,0.625,0.14583333333333334
E00023449,0.7708333333333334,0.625,0.625,0.14583333333333334
E00023880,0.6595744680851063,0.7446808510638298,0.6170212765957447,0.06382978723404255
E00023881,0.6595744680851063,0.7446808510638298,0.6170212765957447,0.06382978723404255
E00023885,0.6595744680851063,0.7446808510638298,0.6170212765957447,0.06382978723404255
E00023886,0.6595744680851063,0.7446808510638298,0.6170212765957447,0.06382978723404255
E00023888,0.6595744680851063,0.7446808510638298,0.6170212765957447,0.06382978723404255
E00023889,0.6595744680851063,0.7446808510638298,0.6170212765957447,0.06382978723404255
E00023890,0.6595744680851063,0.7446808510638298,0.6170212765957447,0.06382978723404255
E00023893,0.6595744680851063,0.7446808510638298,0.6170212765957447,0.06382978723404255
E00023894,0.6595744680851063,0.7446808510638298,0.6170212765957447,0.06382978723404255
E00023922,0.6595744680851063,0.7446808510638298,0.6170212765957447,0.06382978723404255
E00023923,0.6595744680851063,0.7446808510638298,0.6170212765957447,0.06382978723404255
E00023924,0.6595744680851063,0.7446808510638298,0.6170212765957447,0.06382978723404255
E00023925,0.6595744680851063,0.7446808510638298,0.6170212765957447,0.06382978723404255
E00023413,0.7708333333333334,0.625,0.625,0.14583333333333334
E00023415,0.7708333333333334,0.625,0.625,0.14583333333333334
E00023419,0.7708333333333334,0.625,0.625,0.14583333333333334
E00023422,0.7708333333333334,0.625,0.625,0.14583333333333334
E00023426,0.7708333333333334,0.625,0.625,0.14583333333333334
E00023427,0.7708333333333334,0.625,0.625,0.14583333333333334
E00023429,0.7708333333333334,0.625,0.625,0.14583333333333334
E00023430,0.7708333333333334,0.625,0.625,0.14583333333333334
E00023431,0.7708333333333334,0.625,0.625,0.14583333333333334
E00023434,0.7708333333333334,0.625,0.625,0.14583333333333334
E00023435,0.7708333333333334,0.625,0.625,0.14583333333333334
E00023438,0.7708333333333334,0.625,0.625,0.14583333333333334
E00023439,0.7708333333333334,0.625,0.625,0.14583333333333334
E00023441,0.7708333333333334,0.625,0.625,0.14583333333333334
E00023445,0.7708333333333334,0.625,0.625,0.14583333333333334
E00023447,0.7708333333333334,0.625,0.625,0.14583333333333334
E00023448,0.7708333333333334,0.625,0.625,0.14583333333333334
E00023774,0.7380952380952381,0.8095238095238095,0.8333333333333334,0.0
E00023787,0.7380952380952381,0.8095238095238095,0.8333333333333334,0.0
E00023788,0.7380952380952381,0.8095238095238095,0.8333333333333334,0.0
E00023789,0.7380952380952381,0.8095238095238095,0.8333333333333334,0.0
E00023790,0.7380952380952381,0.8095238095238095,0.8333333333333334,0.0
E00023791,0.7380952380952381,0.8095238095238095,0.8333333333333334,0.0
E00023792,0.7380952380952381,0.8095238095238095,0.8333333333333334,0.0
E00023793,0.7380952380952381,0.8095238095238095,0.8333333333333334,0.0
E00023794,0.7380952380952381,0.8095238095238095,0.8333333333333334,0.0
E00023795,0.7380952380952381,0.8095238095238095,0.8333333333333334,0.0
E00023796,0.7380952380952381,0.8095238095238095,0.8333333333333334,0.0
E00023414,0.7708333333333334,0.625,0.625,0.14583333333333334
E00023416,0.7708333333333334,0.625,0.625,0.14583333333333334
E00023421,0.7708333333333334,0.625,0.625,0.14583333333333334
E00023423,0.7708333333333334,0.625,0.625,0.14583333333333334
E00023424,0.7708333333333334,0.625,0.625,0.14583333333333334
E00023425,0.7708333333333334,0.625,0.625,0.14583333333333334
E00023428,0.7708333333333334,0.625,0.625,0.14583333333333334
E00023882,0.6595744680851063,0.7446808510638298,0.6170212765957447,0.06382978723404255
E00023883,0.6595744680851063,0.7446808510638298,0.6170212765957447,0.06382978723404255
E00023887,0.6595744680851063,0.7446808510638298,0.6170212765957447,0.06382978723404255
E00023891,0.6595744680851063,0.7446808510638298,0.6170212765957447,0.06382978723404255
E00023892,0.6595744680851063,0.7446808510638298,0.6170212765957447,0.06382978723404255
E00023895,0.6595744680851063,0.7446808510638298,0.6170212765957447,0.06382978723404255
E00023896,0.6595744680851063,0.7446808510638298,0.6170212765957447,0.06382978723404255
E00023897,0.6595744680851063,0.7446808510638298,0.6170212765957447,0.06382978723404255
E00023898,0.6595744680851063,0.7446808510638298,0.6170212765957447,0.06382978723404255
E00023899,0.6595744680851063,0.7446808510638298,0.6170212765957447,0.06382978723404255
E00023900,0.6595744680851063,0.7446808510638298,0.6170212765957447,0.06382978723404255
E00023901,0.6595744680851063,0.7446808510638298,0.6170212765957447,0.06382978723404255
E00023902,0.6595744680851063,0.7446808510638298,0.6170212765957447,0.06382978723404255
E00023903,0.6595744680851063,0.7446808510638298,0.6170212765957447,0.06382978723404255
E00023905,0.6595744680851063,0.7446808510638298,0.6170212765957447,0.06382978723404255
E00023906,0.6595744680851063,0.7446808510638298,0.6170212765957447,0.06382978723404255
E00023907,0.6595744680851063,0.7446808510638298,0.6170212765957447,0.06382978723404255
E00023908,0.6595744680851063,0.7446808510638298,0.6170212765957447,0.06382978723404255
E00023909,0.6595744680851063,0.7446808510638298,0.6170212765957447,0.06382978723404255
E00023910,0.6595744680851063,0.7446808510638298,0.6170212765957447,0.06382978723404255
E00023911,0.6595744680851063,0.7446808510638298,0.6170212765957447,0.06382978723404255
E00023912,0.6595744680851063,0.7446808510638298,0.6170212765957447,0.06382978723404255
E00023913,0.6595744680851063,0.7446808510638298,0.6170212765957447,0.06382978723404255
E00023914,0.6595744680851063,0.7446808510638298,0.6170212765957447,0.06382978723404255
E00023917,0.6595744680851063,0.7446808510638298,0.6170212765957447,0.06382978723404255
E00023918,0.6595744680851063,0.7446808510638298,0.6170212765957447,0.06382978723404255
E00175242,0.7708333333333334,0.625,0.625,0.14583333333333334
E00023849,0.8571428571428571,0.6071428571428571,0.7678571428571429,0.0
E00023851,0.8571428571428571,0.6071428571428571,0.7678571428571429,0.0
E00023852,0.8571428571428571,0.6071428571428571,0.7678571428571429,0.0
E00023853,0.8571428571428571,0.6071428571428571,0.7678571428571429,0.0
E00023854,0.8571428571428571,0.6071428571428571,0.7678571428571429,0.0
E00023855,0.8571428571428571,0.6071428571428571,0.7678571428571429,0.0
E00023856,0.8571428571428571,0.6071428571428571,0.7678571428571429,0.0
E00023857,0.8571428571428571,0.6071428571428571,0.7678571428571429,0.0
E00023858,0.8571428571428571,0.6071428571428571,0.7678571428571429,0.0
E00023860,0.8571428571428571,0.6071428571428571,0.7678571428571429,0.0
E00023861,0.8571428571428571,0.6071428571428571,0.7678571428571429,0.0
E00023862,0.8571428571428571,0.6071428571428571,0.7678571428571429,0.0
E00023863,0.8571428571428571,0.6071428571428571,0.7678571428571429,0.0
E00023864,0.8571428571428571,0.6071428571428571,0.7678571428571429,0.0
E00023865,0.8571428571428571,0.6071428571428571,0.7678571428571429,0.0
E00023866,0.8571428571428571,0.6071428571428571,0.7678571428571429,0.0
E00023867,0.8571428571428571,0.6071428571428571,0.7678571428571429,0.0
E00023872,0.8571428571428571,0.6071428571428571,0.7678571428571429,0.0
E00023873,0.8571428571428571,0.6071428571428571,0.7678571428571429,0.0
E00023874,0.8571428571428571,0.6071428571428571,0.7678571428571429,0.0
E00023875,0.8571428571428571,0.6071428571428571,0.7678571428571429,0.0
E00023876,0.8571428571428571,0.6071428571428571,0.7678571428571429,0.0
E00023877,0.8571428571428571,0.6071428571428571,0.7678571428571429,0.0
E00023878,0.8571428571428571,0.6071428571428571,0.7678571428571429,0.0
E00023879,0.8571428571428571,0.6071428571428571,0.7678571428571429,0.0
E00175260,0.8571428571428571,0.6071428571428571,0.7678571428571429,0.0
E00175261,0.8571428571428571,0.6071428571428571,0.7678571428571429,0.0
E00175262,0.8571428571428571,0.6071428571428571,0.7678571428571429,0.0
E00023585,0.6578947368421053,0.6578947368421053,0.6842105263157895,0.13157894736842105
E00023586,0.6578947368421053,0.6578947368421053,0.6842105263157895,0.13157894736842105
E00023587,0.6578947368421053,0.6578947368421053,0.6842105263157895,0.13157894736842105
E00023588,0.6578947368421053,0.6578947368421053,0.6842105263157895,0.13157894736842105
E00023589,0.6578947368421053,0.6578947368421053,0.6842105263157895,0.13157894736842105
E00023590,0.6578947368421053,0.6578947368421053,0.6842105263157895,0.13157894736842105
E00023591,0.6578947368421053,0.6578947368421053,0.6842105263157895,0.13157894736842105
E00023592,0.6578947368421053,0.6578947368421053,0.6842105263157895,0.13157894736842105
E00023593,0.6578947368421053,0.6578947368421053,0.6842105263157895,0.13157894736842105
E00023595,0.6578947368421053,0.6578947368421053,0.6842105263157895,0.13157894736842105
E00023596,0.6578947368421053,0.6578947368421053,0.6842105263157895,0.13157894736842105
E00023597,0.6578947368421053,0.6578947368421053,0.6842105263157895,0.13157894736842105
E00023598,0.6578947368421053,0.6578947368421053,0.6842105263157895,0.13157894736842105
E00023599,0.6578947368421053,0.6578947368421053,0.6842105263157895,0.13157894736842105
E00023601,0.6578947368421053,0.6578947368421053,0.6842105263157895,0.13157894736842105
E00023603,0.6578947368421053,0.6578947368421053,0.6842105263157895,0.13157894736842105
E00023604,0.6578947368421053,0.6578947368421053,0.6842105263157895,0.13157894736842105
E00023606,0.6578947368421053,0.6578947368421053,0.6842105263157895,0.13157894736842105
E00023610,0.6578947368421053,0.6578947368421053,0.6842105263157895,0.13157894736842105
E00023611,0.6578947368421053,0.6578947368421053,0.6842105263157895,0.13157894736842105
E00023612,0.6578947368421053,0.6578947368421053,0.6842105263157895,0.13157894736842105
E00023613,0.6578947368421053,0.6578947368421053,0.6842105263157895,0.13157894736842105
E00023615,0.6578947368421053,0.6578947368421053,0.6842105263157895,0.13157894736842105
E00023616,0.6578947368421053,0.6578947368421053,0.6842105263157895,0.13157894736842105
E00023859,0.8571428571428571,0.6071428571428571,0.7678571428571429,0.0
E00023869,0.8571428571428571,0.6071428571428571,0.7678571428571429,0.0
E00023870,0.8571428571428571,0.6071428571428571,0.7678571428571429,0.0
E00023871,0.8571428571428571,0.6071428571428571,0.7678571428571429,0.0
E00175232,0.6578947368421053,0.6578947368421053,0.6842105263157895,0.13157894736842105
E00175233,0.8571428571428571,0.6071428571428571,0.7678571428571429,0.0
E00175234,0.6578947368421053,0.6578947368421053,0.6842105263157895,0.13157894736842105
E00175235,0.8571428571428571,0.6071428571428571,0.7678571428571429,0.0
E00175236,0.6578947368421053,0.6578947368421053,0.6842105263157895,0.13157894736842105
E00175237,0.6578947368421053,0.6578947368421053,0.6842105263157895,0.13157894736842105
E00175238,0.6578947368421053,0.6578947368421053,0.6842105263157895,0.13157894736842105
E00023600,0.6578947368421053,0.6578947368421053,0.6842105263157895,0.13157894736842105
E00023602,0.6578947368421053,0.6578947368421053,0.6842105263157895,0.13157894736842105
E00023605,0.6578947368421053,0.6578947368421053,0.6842105263157895,0.13157894736842105
E00023608,0.6578947368421053,0.6578947368421053,0.6842105263157895,0.13157894736842105
E00023609,0.6578947368421053,0.6578947368421053,0.6842105263157895,0.13157894736842105
E00023614,0.6578947368421053,0.6578947368421053,0.6842105263157895,0.13157894736842105
E00023777,0.7380952380952381,0.8095238095238095,0.8333333333333334,0.0
E00023779,0.7380952380952381,0.8095238095238095,0.8333333333333334,0.0
E00023780,0.7380952380952381,0.8095238095238095,0.8333333333333334,0.0
E00023781,0.7380952380952381,0.8095238095238095,0.8333333333333334,0.0
E00023782,0.7380952380952381,0.8095238095238095,0.8333333333333334,0.0
E00023783,0.7380952380952381,0.8095238095238095,0.8333333333333334,0.0
E00023784,0.7380952380952381,0.8095238095238095,0.8333333333333334,0.0
E00023785,0.7380952380952381,0.8095238095238095,0.8333333333333334,0.0
E00023786,0.7380952380952381,0.8095238095238095,0.8333333333333334,0.0
E00023797,0.7380952380952381,0.8095238095238095,0.8333333333333334,0.0
E00023802,0.7380952380952381,0.8095238095238095,0.8333333333333334,0.0
E00023803,0.7380952380952381,0.8095238095238095,0.8333333333333334,0.0
E00023804,0.7380952380952381,0.8095238095238095,0.8333333333333334,0.0
E00023805,0.7380952380952381,0.8095238095238095,0.8333333333333334,0.0
E00023806,0.7380952380952381,0.8095238095238095,0.8333333333333334,0.0
E00023807,0.7380952380952381,0.8095238095238095,0.8333333333333334,0.0
E00023808,0.7380952380952381,0.8095238095238095,0.8333333333333334,0.0
E00023809,0.7380952380952381,0.8095238095238095,0.8333333333333334,0.0
E00023810,0.7380952380952381,0.8095238095238095,0.8333333333333334,0.0
E00024087,0.6964285714285714,0.2857142857142857,0.8392857142857143,0.03571428571428571
E00024088,0.6964285714285714,0.2857142857142857,0.8392857142857143,0.03571428571428571
E00024090,0.6964285714285714,0.2857142857142857,0.8392857142857143,0.03571428571428571
E00024093,0.6964285714285714,0.2857142857142857,0.8392857142857143,0.03571428571428571
E00024094,0.6964285714285714,0.2857142857142857,0.8392857142857143,0.03571428571428571
E00024095,0.6964285714285714,0.2857142857142857,0.8392857142857143,0.03571428571428571
E00023744,0.6956521739130435,0.7391304347826086,0.5869565217391305,0.043478260869565216
E00023745,0.6956521739130435,0.7391304347826086,0.5869565217391305,0.043478260869565216
E00023746,0.6956521739130435,0.7391304347826086,0.5869565217391305,0.043478260869565216
E00023747,0.6956521739130435,0.7391304347826086,0.5869565217391305,0.043478260869565216
E00023748,0.6956521739130435,0.7391304347826086,0.5869565217391305,0.043478260869565216
E00023749,0.6956521739130435,0.7391304347826086,0.5869565217391305,0.043478260869565216
E00023750,0.6956521739130435,0.7391304347826086,0.5869565217391305,0.043478260869565216
E00023751,0.6956521739130435,0.7391304347826086,0.5869565217391305,0.043478260869565216
E00023752,0.6956521739130435,0.7391304347826086,0.5869565217391305,0.043478260869565216
E00023753,0.6956521739130435,0.7391304347826086,0.5869565217391305,0.043478260869565216
E00023755,0.6956521739130435,0.7391304347826086,0.5869565217391305,0.043478260869565216
E00023758,0.6956521739130435,0.7391304347826086,0.5869565217391305,0.043478260869565216
E00023759,0.6956521739130435,0.7391304347826086,0.5869565217391305,0.043478260869565216
E00023761,0.6956521739130435,0.7391304347826086,0.5869565217391305,0.043478260869565216
E00023765,0.6956521739130435,0.7391304347826086,0.5869565217391305,0.043478260869565216
E00023766,0.6956521739130435,0.7391304347826086,0.5869565217391305,0.043478260869565216
E00023767,0.6956521739130435,0.7391304347826086,0.5869565217391305,0.043478260869565216
E00023768,0.6956521739130435,0.7391304347826086,0.5869565217391305,0.043478260869565216
E00023769,0.6956521739130435,0.7391304347826086,0.5869565217391305,0.043478260869565216
E00023770,0.6956521739130435,0.7391304347826086,0.5869565217391305,0.043478260869565216
E00023771,0.6956521739130435,0.7391304347826086,0.5869565217391305,0.043478260869565216
E00023772,0.6956521739130435,0.7391304347826086,0.5869565217391305,0.043478260869565216
E00023773,0.6956521739130435,0.7391304347826086,0.5869565217391305,0.043478260869565216
E00023775,0.7380952380952381,0.8095238095238095,0.8333333333333334,0.0
E00023776,0.7380952380952381,0.8095238095238095,0.8333333333333334,0.0
E00023778,0.7380952380952381,0.8095238095238095,0.8333333333333334,0.0
E00023798,0.7380952380952381,0.8095238095238095,0.8333333333333334,0.0
E00023799,0.7380952380952381,0.8095238095238095,0.8333333333333334,0.0
E00023800,0.7380952380952381,0.8095238095238095,0.8333333333333334,0.0
E00023801,0.7380952380952381,0.8095238095238095,0.8333333333333334,0.0
E00175243,0.6956521739130435,0.7391304347826086,0.5869565217391305,0.043478260869565216
E00175244,0.6956521739130435,0.7391304347826086,0.5869565217391305,0.043478260869565216
E00175245,0.6956521739130435,0.7391304347826086,0.5869565217391305,0.043478260869565216
E00175246,0.6956521739130435,0.7391304347826086,0.5869565217391305,0.043478260869565216
E00175247,0.6956521739130435,0.7391304347826086,0.5869565217391305,0.043478260869565216
E00175259,0.6956521739130435,0.7391304347826086,0.5869565217391305,0.043478260869565216
E00175264,0.6956521739130435,0.7391304347826086,0.5869565217391305,0.043478260869565216
E00023511,0.7777777777777778,0.6851851851851852,0.8148148148148148,0.05555555555555555
E00023512,0.7777777777777778,0.6851851851851852,0.8148148148148148,0.05555555555555555
E00023513,0.7777777777777778,0.6851851851851852,0.8148148148148148,0.05555555555555555
E00023514,0.7777777777777778,0.6851851851851852,0.8148148148148148,0.05555555555555555
E00023516,0.7777777777777778,0.6851851851851852,0.8148148148148148,0.05555555555555555
E00023517,0.7777777777777778,0.6851851851851852,0.8148148148148148,0.05555555555555555
E00023518,0.7777777777777778,0.6851851851851852,0.8148148148148148,0.05555555555555555
E00023519,0.7777777777777778,0.6851851851851852,0.8148148148148148,0.05555555555555555
E00023520,0.7777777777777778,0.6851851851851852,0.8148148148148148,0.05555555555555555
E00023521,0.7777777777777778,0.6851851851851852,0.8148148148148148,0.05555555555555555
E00023522,0.7777777777777778,0.6851851851851852,0.8148148148148148,0.05555555555555555
E00023524,0.7777777777777778,0.6851851851851852,0.8148148148148148,0.05555555555555555
E00023526,0.7777777777777778,0.6851851851851852,0.8148148148148148,0.05555555555555555
E00023813,0.6521739130434783,0.8043478260869565,0.717391304347826,0.08695652173913043
E00023815,0.6521739130434783,0.8043478260869565,0.717391304347826,0.08695652173913043
E00023822,0.6521739130434783,0.8043478260869565,0.717391304347826,0.08695652173913043
E00023828,0.6521739130434783,0.8043478260869565,0.717391304347826,0.08695652173913043
E00023830,0.6521739130434783,0.8043478260869565,0.717391304347826,0.08695652173913043
E00023836,0.6521739130434783,0.8043478260869565,0.717391304347826,0.08695652173913043
E00023884,0.6595744680851063,0.7446808510638298,0.6170212765957447,0.06382978723404255
E00023904,0.6595744680851063,0.7446808510638298,0.6170212765957447,0.06382978723404255
E00023916,0.6595744680851063,0.7446808510638298,0.6170212765957447,0.06382978723404255
E00023919,0.6595744680851063,0.7446808510638298,0.6170212765957447,0.06382978723404255
E00023920,0.6595744680851063,0.7446808510638298,0.6170212765957447,0.06382978723404255
E00023921,0.6595744680851063,0.7446808510638298,0.6170212765957447,0.06382978723404255
E00175210,0.6595744680851063,0.7446808510638298,0.6170212765957447,0.06382978723404255
E00175211,0.6595744680851063,0.7446808510638298,0.6170212765957447,0.06382978723404255
E00023564,0.5535714285714286,0.5892857142857143,0.7678571428571429,0.125
E00023565,0.5535714285714286,0.5892857142857143,0.7678571428571429,0.125
E00023566,0.5535714285714286,0.5892857142857143,0.7678571428571429,0.125
E00023567,0.5535714285714286,0.5892857142857143,0.7678571428571429,0.125
E00023569,0.5535714285714286,0.5892857142857143,0.7678571428571429,0.125
E00023570,0.5535714285714286,0.5892857142857143,0.7678571428571429,0.125
E00023571,0.5535714285714286,0.5892857142857143,0.7678571428571429,0.125
E00023572,0.5535714285714286,0.5892857142857143,0.7678571428571429,0.125
E00023573,0.5535714285714286,0.5892857142857143,0.7678571428571429,0.125
E00023574,0.5535714285714286,0.5892857142857143,0.7678571428571429,0.125
E00023575,0.5535714285714286,0.5892857142857143,0.7678571428571429,0.125
E00023576,0.5535714285714286,0.5892857142857143,0.7678571428571429,0.125
E00023577,0.5535714285714286,0.5892857142857143,0.7678571428571429,0.125
E00023578,0.5535714285714286,0.5892857142857143,0.7678571428571429,0.125
E00023579,0.5535714285714286,0.5892857142857143,0.7678571428571429,0.125
E00023580,0.5535714285714286,0.5892857142857143,0.7678571428571429,0.125
E00023581,0.5535714285714286,0.5892857142857143,0.7678571428571429,0.125
E00023754,0.6956521739130435,0.7391304347826086,0.5869565217391305,0.043478260869565216
E00023756,0.6956521739130435,0.7391304347826086,0.5869565217391305,0.043478260869565216
E00023757,0.6956521739130435,0.7391304347826086,0.5869565217391305,0.043478260869565216
E00023760,0.6956521739130435,0.7391304347826086,0.5869565217391305,0.043478260869565216
E00023762,0.6956521739130435,0.7391304347826086,0.5869565217391305,0.043478260869565216
E00023763,0.6956521739130435,0.7391304347826086,0.5869565217391305,0.043478260869565216
E00023764,0.6956521739130435,0.7391304347826086,0.5869565217391305,0.043478260869565216
E00175220,0.5535714285714286,0.5892857142857143,0.7678571428571429,0.125
E00175221,0.5535714285714286,0.5892857142857143,0.7678571428571429,0.125
E00175263,0.5535714285714286,0.5892857142857143,0.7678571428571429,0.125
E00175265,0.5535714285714286,0.5892857142857143,0.7678571428571429,0.125
E00175266,0.5535714285714286,0.5892857142857143,0.7678571428571429,0.125
E00175267,0.5535714285714286,0.5892857142857143,0.7678571428571429,0.125
E00175268,0.5535714285714286,0.5892857142857143,0.7678571428571429,0.125
E00175269,0.5535714285714286,0.5892857142857143,0.7678571428571429,0.125
E00175270,0.5535714285714286,0.5892857142857143,0.7678571428571429,0.125
E00175271,0.5535714285714286,0.5892857142857143,0.7678571428571429,0.125
E00175272,0.5535714285714286,0.5892857142857143,0.7678571428571429,0.125
E00175273,0.5535714285714286,0.5892857142857143,0.7678571428571429,0.125
E00175274,0.5535714285714286,0.5892857142857143,0.7678571428571429,0.125
E00024072,0.6964285714285714,0.2857142857142857,0.8392857142857143,0.03571428571428571
E00024073,0.6964285714285714,0.2857142857142857,0.8392857142857143,0.03571428571428571
E00024074,0.6964285714285714,0.2857142857142857,0.8392857142857143,0.03571428571428571
E00024075,0.6964285714285714,0.2857142857142857,0.8392857142857143,0.03571428571428571
E00024076,0.6964285714285714,0.2857142857142857,0.8392857142857143,0.03571428571428571
E00024078,0.6964285714285714,0.2857142857142857,0.8392857142857143,0.03571428571428571
E00024079,0.6964285714285714,0.2857142857142857,0.8392857142857143,0.03571428571428571
E00024080,0.6964285714285714,0.2857142857142857,0.8392857142857143,0.03571428571428571
E00024081,0.6964285714285714,0.2857142857142857,0.8392857142857143,0.03571428571428571
E00024089,0.6964285714285714,0.2857142857142857,0.8392857142857143,0.03571428571428571
E00024091,0.6964285714285714,0.2857142857142857,0.8392857142857143,0.03571428571428571
E00024092,0.6964285714285714,0.2857142857142857,0.8392857142857143,0.03571428571428571
E00024096,0.6964285714285714,0.2857142857142857,0.8392857142857143,0.03571428571428571
E00024097,0.6964285714285714,0.2857142857142857,0.8392857142857143,0.03571428571428571
E00024098,0.6964285714285714,0.2857142857142857,0.8392857142857143,0.03571428571428571
E00024099,0.6964285714285714,0.2857142857142857,0.8392857142857143,0.03571428571428571
E00024100,0.6964285714285714,0.2857142857142857,0.8392857142857143,0.03571428571428571
E00024101,0.6964285714285714,0.2857142857142857,0.8392857142857143,0.03571428571428571
E00024103,0.6964285714285714,0.2857142857142857,0.8392857142857143,0.03571428571428571
E00024104,0.6964285714285714,0.2857142857142857,0.8392857142857143,0.03571428571428571
E00024105,0.6964285714285714,0.2857142857142857,0.8392857142857143,0.03571428571428571
E00024106,0.6964285714285714,0.2857142857142857,0.8392857142857143,0.03571428571428571
E00024107,0.6964285714285714,0.2857142857142857,0.8392857142857143,0.03571428571428571
E00175200,0.6964285714285714,0.2857142857142857,0.8392857142857143,0.03571428571428571
E00175201,0.6964285714285714,0.2857142857142857,0.8392857142857143,0.03571428571428571
E00175275,0.6964285714285714,0.2857142857142857,0.8392857142857143,0.03571428571428571
E00175276,0.6964285714285714,0.2857142857142857,0.8392857142857143,0.03571428571428571
E00175277,0.6964285714285714,0.2857142857142857,0.8392857142857143,0.03571428571428571
E00175279,0.6964285714285714,0.2857142857142857,0.8392857142857143,0.03571428571428571
E00023811,0.6521739130434783,0.8043478260869565,0.717391304347826,0.08695652173913043
E00023816,0.6521739130434783,0.8043478260869565,0.717391304347826,0.08695652173913043
E00023817,0.6521739130434783,0.8043478260869565,0.717391304347826,0.08695652173913043
E00023819,0.6521739130434783,0.8043478260869565,0.717391304347826,0.08695652173913043
E00023820,0.6521739130434783,0.8043478260869565,0.717391304347826,0.08695652173913043
E00023821,0.6521739130434783,0.8043478260869565,0.717391304347826,0.08695652173913043
E00023823,0.6521739130434783,0.8043478260869565,0.717391304347826,0.08695652173913043
E00023825,0.6521739130434783,0.8043478260869565,0.717391304347826,0.08695652173913043
E00023826,0.6521739130434783,0.8043478260869565,0.717391304347826,0.08695652173913043
E00023827,0.6521739130434783,0.8043478260869565,0.717391304347826,0.08695652173913043
E00023829,0.6521739130434783,0.8043478260869565,0.717391304347826,0.08695652173913043
E00023831,0.6521739130434783,0.8043478260869565,0.717391304347826,0.08695652173913043
E00023832,0.6521739130434783,0.8043478260869565,0.717391304347826,0.08695652173913043
E00023833,0.6521739130434783,0.8043478260869565,0.717391304347826,0.08695652173913043
E00023834,0.6521739130434783,0.8043478260869565,0.717391304347826,0.08695652173913043
E00023835,0.6521739130434783,0.8043478260869565,0.717391304347826,0.08695652173913043
E00023837,0.6521739130434783,0.8043478260869565,0.717391304347826,0.08695652173913043
E00023838,0.6521739130434783,0.8043478260869565,0.717391304347826,0.08695652173913043
E00023839,0.6521739130434783,0.8043478260869565,0.717391304347826,0.08695652173913043
E00023840,0.6521739130434783,0.8043478260869565,0.717391304347826,0.08695652173913043
E00023841,0.6521739130434783,0.8043478260869565,0.717391304347826,0.08695652173913043
E00023842,0.6521739130434783,0.8043478260869565,0.717391304347826,0.08695652173913043
E00023843,0.6521739130434783,0.8043478260869565,0.717391304347826,0.08695652173913043
E00023844,0.6521739130434783,0.8043478260869565,0.717391304347826,0.08695652173913043
E00023845,0.6521739130434783,0.8043478260869565,0.717391304347826,0.08695652173913043
E00023847,0.6521739130434783,0.8043478260869565,0.717391304347826,0.08695652173913043
E00023848,0.6521739130434783,0.8043478260869565,0.717391304347826,0.08695652173913043
E00024117,0.8958333333333334,0.3958333333333333,0.9166666666666666,0.0
E00024118,0.8958333333333334,0.3958333333333333,0.9166666666666666,0.0
E00024135,0.8958333333333334,0.3958333333333333,0.9166666666666666,0.0
E00024137,0.8958333333333334,0.3958333333333333,0.9166666666666666,0.0
E00024140,0.8958333333333334,0.3958333333333333,0.9166666666666666,0.0
E00175207,0.8958333333333334,0.3958333333333333,0.9166666666666666,0.0
E00175218,0.8958333333333334,0.3958333333333333,0.9166666666666666,0.0
E00175219,0.8958333333333334,0.3958333333333333,0.9166666666666666,0.0
E00023486,0.7777777777777778,0.6851851851851852,0.8148148148148148,0.05555555555555555
E00023487,0.7777777777777778,0.6851851851851852,0.8148148148148148,0.05555555555555555
E00023488,0.7777777777777778,0.6851851851851852,0.8148148148148148,0.05555555555555555
E00023489,0.7777777777777778,0.6851851851851852,0.8148148148148148,0.05555555555555555
E00023490,0.7777777777777778,0.6851851851851852,0.8148148148148148,0.05555555555555555
E00023491,0.7777777777777778,0.6851851851851852,0.8148148148148148,0.05555555555555555
E00023492,0.7777777777777778,0.6851851851851852,0.8148148148148148,0.05555555555555555
E00023493,0.7777777777777778,0.6851851851851852,0.8148148148148148,0.05555555555555555
E00023494,0.7777777777777778,0.6851851851851852,0.8148148148148148,0.05555555555555555
E00023495,0.7777777777777778,0.6851851851851852,0.8148148148148148,0.05555555555555555
E00023496,0.7777777777777778,0.6851851851851852,0.8148148148148148,0.05555555555555555
E00023497,0.7777777777777778,0.6851851851851852,0.8148148148148148,0.05555555555555555
E00023498,0.7777777777777778,0.6851851851851852,0.8148148148148148,0.05555555555555555
E00023499,0.7777777777777778,0.6851851851851852,0.8148148148148148,0.05555555555555555
E00023500,0.7777777777777778,0.6851851851851852,0.8148148148148148,0.05555555555555555
E00023501,0.7777777777777778,0.6851851851851852,0.8148148148148148,0.05555555555555555
E00023502,0.7777777777777778,0.6851851851851852,0.8148148148148148,0.05555555555555555
E00023503,0.7777777777777778,0.6851851851851852,0.8148148148148148,0.05555555555555555
E00023504,0.7777777777777778,0.6851851851851852,0.8148148148148148,0.05555555555555555
E00023505,0.7777777777777778,0.6851851851851852,0.8148148148148148,0.05555555555555555
E00023506,0.7777777777777778,0.6851851851851852,0.8148148148148148,0.05555555555555555
E00023507,0.7777777777777778,0.6851851851851852,0.8148148148148148,0.05555555555555555
E00023508,0.7777777777777778,0.6851851851851852,0.8148148148148148,0.05555555555555555
E00023509,0.7777777777777778,0.6851851851851852,0.8148148148148148,0.05555555555555555
E00023510,0.7777777777777778,0.6851851851851852,0.8148148148148148,0.05555555555555555
E00023515,0.7777777777777778,0.6851851851851852,0.8148148148148148,0.05555555555555555
E00023523,0.7777777777777778,0.6851851851851852,0.8148148148148148,0.05555555555555555
E00023525,0.7777777777777778,0.6851851851851852,0.8148148148148148,0.05555555555555555
E00023527,0.7777777777777778,0.6851851851851852,0.8148148148148148,0.05555555555555555
E00023528,0.7777777777777778,0.6851851851851852,0.8148148148148148,0.05555555555555555
E00023529,0.7777777777777778,0.6851851851851852,0.8148148148148148,0.05555555555555555
E00023812,0.6521739130434783,0.8043478260869565,0.717391304347826,0.08695652173913043
E00023814,0.6521739130434783,0.8043478260869565,0.717391304347826,0.08695652173913043
E00023818,0.6521739130434783,0.8043478260869565,0.717391304347826,0.08695652173913043
E00023824,0.6521739130434783,0.8043478260869565,0.717391304347826,0.08695652173913043
E00023846,0.6521739130434783,0.8043478260869565,0.717391304347826,0.08695652173913043
E00024108,0.8958333333333334,0.3958333333333333,0.9166666666666666,0.0
E00024110,0.8958333333333334,0.3958333333333333,0.9166666666666666,0.0
E00024112,0.8958333333333334,0.3958333333333333,0.9166666666666666,0.0
E00024114,0.8958333333333334,0.3958333333333333,0.9166666666666666,0.0
E00024121,0.8958333333333334,0.3958333333333333,0.9166666666666666,0.0
E00024122,0.8958333333333334,0.3958333333333333,0.9166666666666666,0.0
E00024123,0.8958333333333334,0.3958333333333333,0.9166666666666666,0.0
E00024124,0.8958333333333334,0.3958333333333333,0.9166666666666666,0.0
E00024125,0.8958333333333334,0.3958333333333333,0.9166666666666666,0.0
E00024126,0.8958333333333334,0.3958333333333333,0.9166666666666666,0.0
E00024127,0.8958333333333334,0.3958333333333333,0.9166666666666666,0.0
E00024128,0.8958333333333334,0.3958333333333333,0.9166666666666666,0.0
E00024129,0.8958333333333334,0.3958333333333333,0.9166666666666666,0.0
E00024130,0.8958333333333334,0.3958333333333333,0.9166666666666666,0.0
E00024133,0.8958333333333334,0.3958333333333333,0.9166666666666666,0.0
E00024134,0.8958333333333334,0.3958333333333333,0.9166666666666666,0.0
E00024136,0.8958333333333334,0.3958333333333333,0.9166666666666666,0.0
E00024138,0.8958333333333334,0.3958333333333333,0.9166666666666666,0.0
E00175189,0.8958333333333334,0.3958333333333333,0.9166666666666666,0.0
E00175190,0.8958333333333334,0.3958333333333333,0.9166666666666666,0.0
E00175191,0.8958333333333334,0.3958333333333333,0.9166666666666666,0.0
E00175192,0.8958333333333334,0.3958333333333333,0.9166666666666666,0.0
E00175193,0.8958333333333334,0.3958333333333333,0.9166666666666666,0.0
E00175194,0.8958333333333334,0.3958333333333333,0.9166666666666666,0.0
E00175195,0.8958333333333334,0.3958333333333333,0.9166666666666666,0.0
E00175196,0.8958333333333334,0.3958333333333333,0.9166666666666666,0.0
E00023450,0.7142857142857143,0.6964285714285714,0.7857142857142857,0.125
E00023451,0.7142857142857143,0.6964285714285714,0.7857142857142857,0.125
E00023454,0.7142857142857143,0.6964285714285714,0.7857142857142857,0.125
E00023455,0.7142857142857143,0.6964285714285714,0.7857142857142857,0.125
E00023456,0.7142857142857143,0.6964285714285714,0.7857142857142857,0.125
E00023458,0.7142857142857143,0.6964285714285714,0.7857142857142857,0.125
E00023459,0.7142857142857143,0.6964285714285714,0.7857142857142857,0.125
E00023460,0.7142857142857143,0.6964285714285714,0.7857142857142857,0.125
E00023461,0.7142857142857143,0.6964285714285714,0.7857142857142857,0.125
E00023462,0.7142857142857143,0.6964285714285714,0.7857142857142857,0.125
E00023464,0.7142857142857143,0.6964285714285714,0.7857142857142857,0.125
E00023465,0.7142857142857143,0.6964285714285714,0.7857142857142857,0.125
E00023466,0.7142857142857143,0.6964285714285714,0.7857142857142857,0.125
E00023467,0.7142857142857143,0.6964285714285714,0.7857142857142857,0.125
E00023468,0.7142857142857143,0.6964285714285714,0.7857142857142857,0.125
E00023470,0.7142857142857143,0.6964285714285714,0.7857142857142857,0.125
E00023471,0.7142857142857143,0.6964285714285714,0.7857142857142857,0.125
E00023472,0.7142857142857143,0.6964285714285714,0.7857142857142857,0.125
E00023475,0.7142857142857143,0.6964285714285714,0.7857142857142857,0.125
E00023476,0.7142857142857143,0.6964285714285714,0.7857142857142857,0.125
E00023477,0.7142857142857143,0.6964285714285714,0.7857142857142857,0.125
E00023478,0.7142857142857143,0.6964285714285714,0.7857142857142857,0.125
E00023479,0.7142857142857143,0.6964285714285714,0.7857142857142857,0.125
E00023480,0.7142857142857143,0.6964285714285714,0.7857142857142857,0.125
E00023481,0.7142857142857143,0.6964285714285714,0.7857142857142857,0.125
E00023482,0.7142857142857143,0.6964285714285714,0.7857142857142857,0.125
E00023483,0.7142857142857143,0.6964285714285714,0.7857142857142857,0.125
E00023484,0.7142857142857143,0.6964285714285714,0.7857142857142857,0.125
E00023485,0.7142857142857143,0.6964285714285714,0.7857142857142857,0.125
E00024077,0.6964285714285714,0.2857142857142857,0.8392857142857143,0.03571428571428571
E00024083,0.6964285714285714,0.2857142857142857,0.8392857142857143,0.03571428571428571
E00024084,0.6964285714285714,0.2857142857142857,0.8392857142857143,0.03571428571428571
E00024085,0.6964285714285714,0.2857142857142857,0.8392857142857143,0.03571428571428571
E00024086,0.6964285714285714,0.2857142857142857,0.8392857142857143,0.03571428571428571
E00175185,0.7142857142857143,0.6964285714285714,0.7857142857142857,0.125
E00175188,0.7142857142857143,0.6964285714285714,0.7857142857142857,0.125
E00023617,0.6363636363636364,0.6545454545454545,0.5818181818181818,0.09090909090909091
E00023619,0.6363636363636364,0.6545454545454545,0.5818181818181818,0.09090909090909091
E00023622,0.6363636363636364,0.6545454545454545,0.5818181818181818,0.09090909090909091
E00023623,0.6363636363636364,0.6545454545454545,0.5818181818181818,0.09090909090909091
E00023624,0.6363636363636364,0.6545454545454545,0.5818181818181818,0.09090909090909091
E00023625,0.6363636363636364,0.6545454545454545,0.5818181818181818,0.09090909090909091
E00023627,0.6363636363636364,0.6545454545454545,0.5818181818181818,0.09090909090909091
E00023628,0.6363636363636364,0.6545454545454545,0.5818181818181818,0.09090909090909091
E00023629,0.6363636363636364,0.6545454545454545,0.5818181818181818,0.09090909090909091
E00023631,0.6363636363636364,0.6545454545454545,0.5818181818181818,0.09090909090909091
E00023632,0.6363636363636364,0.6545454545454545,0.5818181818181818,0.09090909090909091
E00023633,0.6363636363636364,0.6545454545454545,0.5818181818181818,0.09090909090909091
E00023634,0.6363636363636364,0.6545454545454545,0.5818181818181818,0.09090909090909091
E00023637,0.6363636363636364,0.6545454545454545,0.5818181818181818,0.09090909090909091
E00023639,0.6363636363636364,0.6545454545454545,0.5818181818181818,0.09090909090909091
E00023640,0.6363636363636364,0.6545454545454545,0.5818181818181818,0.09090909090909091
E00023641,0.6363636363636364,0.6545454545454545,0.5818181818181818,0.09090909090909091
E00023644,0.6363636363636364,0.6545454545454545,0.5818181818181818,0.09090909090909091
E00023646,0.6363636363636364,0.6545454545454545,0.5818181818181818,0.09090909090909091
E00023647,0.6363636363636364,0.6545454545454545,0.5818181818181818,0.09090909090909091
E00023648,0.6363636363636364,0.6545454545454545,0.5818181818181818,0.09090909090909091
E00023649,0.6363636363636364,0.6545454545454545,0.5818181818181818,0.09090909090909091
E00023650,0.6363636363636364,0.6545454545454545,0.5818181818181818,0.09090909090909091
E00023651,0.6363636363636364,0.6545454545454545,0.5818181818181818,0.09090909090909091
E00023652,0.6363636363636364,0.6545454545454545,0.5818181818181818,0.09090909090909091
E00023656,0.6363636363636364,0.6545454545454545,0.5818181818181818,0.09090909090909091
E00175183,0.6363636363636364,0.6545454545454545,0.5818181818181818,0.09090909090909091
E00175184,0.6363636363636364,0.6545454545454545,0.5818181818181818,0.09090909090909091
E00175186,0.6363636363636364,0.6545454545454545,0.5818181818181818,0.09090909090909091
E00175187,0.6363636363636364,0.6545454545454545,0.5818181818181818,0.09090909090909091
E00175215,0.6363636363636364,0.6545454545454545,0.5818181818181818,0.09090909090909091
E00175216,0.6363636363636364,0.6545454545454545,0.5818181818181818,0.09090909090909091
E00023618,0.6363636363636364,0.6545454545454545,0.5818181818181818,0.09090909090909091
E00023620,0.6363636363636364,0.6545454545454545,0.5818181818181818,0.09090909090909091
E00023621,0.6363636363636364,0.6545454545454545,0.5818181818181818,0.09090909090909091
E00023626,0.6363636363636364,0.6545454545454545,0.5818181818181818,0.09090909090909091
E00023630,0.6363636363636364,0.6545454545454545,0.5818181818181818,0.09090909090909091
E00023635,0.6363636363636364,0.6545454545454545,0.5818181818181818,0.09090909090909091
E00023636,0.6363636363636364,0.6545454545454545,0.5818181818181818,0.09090909090909091
E00023638,0.6363636363636364,0.6545454545454545,0.5818181818181818,0.09090909090909091
E00023643,0.6363636363636364,0.6545454545454545,0.5818181818181818,0.09090909090909091
E00023653,0.6363636363636364,0.6545454545454545,0.5818181818181818,0.09090909090909091
E00023655,0.6363636363636364,0.6545454545454545,0.5818181818181818,0.09090909090909091
E00023694,0.5208333333333334,0.7708333333333334,0.8541666666666666,0.020833333333333332
E00023695,0.5208333333333334,0.7708333333333334,0.8541666666666666,0.020833333333333332
E00023696,0.5208333333333334,0.7708333333333334,0.8541666666666666,0.020833333333333332
E00023699,0.5208333333333334,0.7708333333333334,0.8541666666666666,0.020833333333333332
E00023702,0.5208333333333334,0.7708333333333334,0.8541666666666666,0.020833333333333332
E00023708,0.5208333333333334,0.7708333333333334,0.8541666666666666,0.020833333333333332
E00023711,0.5208333333333334,0.7708333333333334,0.8541666666666666,0.020833333333333332
E00023712,0.5208333333333334,0.7708333333333334,0.8541666666666666,0.020833333333333332
E00023713,0.5208333333333334,0.7708333333333334,0.8541666666666666,0.020833333333333332
E00023716,0.5208333333333334,0.7708333333333334,0.8541666666666666,0.020833333333333332
E00023717,0.5208333333333334,0.7708333333333334,0.8541666666666666,0.020833333333333332
E00023718,0.5208333333333334,0.7708333333333334,0.8541666666666666,0.020833333333333332
E00023719,0.5208333333333334,0.7708333333333334,0.8541666666666666,0.020833333333333332
E00023722,0.5208333333333334,0.7708333333333334,0.8541666666666666,0.020833333333333332
E00023725,0.5208333333333334,0.7708333333333334,0.8541666666666666,0.020833333333333332
E00023726,0.5208333333333334,0.7708333333333334,0.8541666666666666,0.020833333333333332
E00023728,0.5208333333333334,0.7708333333333334,0.8541666666666666,0.020833333333333332
E00023729,0.5208333333333334,0.7708333333333334,0.8541666666666666,0.020833333333333332
E00023733,0.5208333333333334,0.7708333333333334,0.8541666666666666,0.020833333333333332
E00023734,0.5208333333333334,0.7708333333333334,0.8541666666666666,0.020833333333333332
E00175181,0.6363636363636364,0.6545454545454545,0.5818181818181818,0.09090909090909091
E00175182,0.6363636363636364,0.6545454545454545,0.5818181818181818,0.09090909090909091
E00023452,0.7142857142857143,0.6964285714285714,0.7857142857142857,0.125
E00023453,0.7142857142857143,0.6964285714285714,0.7857142857142857,0.125
E00023463,0.7142857142857143,0.6964285714285714,0.7857142857142857,0.125
E00023469,0.7142857142857143,0.6964285714285714,0.7857142857142857,0.125
E00023473,0.7142857142857143,0.6964285714285714,0.7857142857142857,0.125
E00023474,0.7142857142857143,0.6964285714285714,0.7857142857142857,0.125
E00023691,0.5208333333333334,0.7708333333333334,0.8541666666666666,0.020833333333333332
E00023692,0.5208333333333334,0.7708333333333334,0.8541666666666666,0.020833333333333332
E00023697,0.5208333333333334,0.7708333333333334,0.8541666666666666,0.020833333333333332
E00023698,0.5208333333333334,0.7708333333333334,0.8541666666666666,0.020833333333333332
E00023700,0.5208333333333334,0.7708333333333334,0.8541666666666666,0.020833333333333332
E00023701,0.5208333333333334,0.7708333333333334,0.8541666666666666,0.020833333333333332
E00023703,0.5208333333333334,0.7708333333333334,0.8541666666666666,0.020833333333333332
E00023704,0.5208333333333334,0.7708333333333334,0.8541666666666666,0.020833333333333332
E00023705,0.5208333333333334,0.7708333333333334,0.8541666666666666,0.020833333333333332
E00023706,0.5208333333333334,0.7708333333333334,0.8541666666666666,0.020833333333333332
E00023707,0.5208333333333334,0.7708333333333334,0.8541666666666666,0.020833333333333332
E00023709,0.5208333333333334,0.7708333333333334,0.8541666666666666,0.020833333333333332
E00023710,0.5208333333333334,0.7708333333333334,0.8541666666666666,0.020833333333333332
E00023714,0.5208333333333334,0.7708333333333334,0.8541666666666666,0.020833333333333332
E00023715,0.5208333333333334,0.7708333333333334,0.8541666666666666,0.020833333333333332
E00023720,0.5208333333333334,0.7708333333333334,0.8541666666666666,0.020833333333333332
E00023721,0.5208333333333334,0.7708333333333334,0.8541666666666666,0.020833333333333332
E00023723,0.5208333333333334,0.7708333333333334,0.8541666666666666,0.020833333333333332
E00023724,0.5208333333333334,0.7708333333333334,0.8541666666666666,0.020833333333333332
E00023727,0.5208333333333334,0.7708333333333334,0.8541666666666666,0.020833333333333332
E00023730,0.5208333333333334,0.7708333333333334,0.8541666666666666,0.020833333333333332
E00023731,0.5208333333333334,0.7708333333333334,0.8541666666666666,0.020833333333333332
E00023732,0.5208333333333334,0.7708333333333334,0.8541666666666666,0.020833333333333332
E00023737,0.5208333333333334,0.7708333333333334,0.8541666666666666,0.020833333333333332
E00023738,0.5208333333333334,0.7708333333333334,0.8541666666666666,0.020833333333333332
E00023739,0.5208333333333334,0.7708333333333334,0.8541666666666666,0.020833333333333332
E00023740,0.5208333333333334,0.7708333333333334,0.8541666666666666,0.020833333333333332
E00023741,0.5208333333333334,0.7708333333333334,0.8541666666666666,0.020833333333333332
E00175197,0.5208333333333334,0.7708333333333334,0.8541666666666666,0.020833333333333332
E00175198,0.5208333333333334,0.7708333333333334,0.8541666666666666,0.020833333333333332
E00175199,0.5208333333333334,0.7708333333333334,0.8541666666666666,0.020833333333333332
E00023928,0.6727272727272727,0.5636363636363636,0.7818181818181819,0.03636363636363636
E00023929,0.6727272727272727,0.5636363636363636,0.7818181818181819,0.03636363636363636
E00023930,0.6727272727272727,0.5636363636363636,0.7818181818181819,0.03636363636363636
E00023931,0.6727272727272727,0.5636363636363636,0.7818181818181819,0.03636363636363636
E00023932,0.6727272727272727,0.5636363636363636,0.7818181818181819,0.03636363636363636
E00023933,0.6727272727272727,0.5636363636363636,0.7818181818181819,0.03636363636363636
E00023934,0.6727272727272727,0.5636363636363636,0.7818181818181819,0.03636363636363636
E00023935,0.6727272727272727,0.5636363636363636,0.7818181818181819,0.03636363636363636
E00023936,0.6727272727272727,0.5636363636363636,0.7818181818181819,0.03636363636363636
E00023937,0.6727272727272727,0.5636363636363636,0.7818181818181819,0.03636363636363636
E00023938,0.6727272727272727,0.5636363636363636,0.7818181818181819,0.03636363636363636
E00023939,0.6727272727272727,0.5636363636363636,0.7818181818181819,0.03636363636363636
E00023955,0.6727272727272727,0.5636363636363636,0.7818181818181819,0.03636363636363636
E00023956,0.6727272727272727,0.5636363636363636,0.7818181818181819,0.03636363636363636
E00023957,0.6727272727272727,0.5636363636363636,0.7818181818181819,0.03636363636363636
E00023958,0.6727272727272727,0.5636363636363636,0.7818181818181819,0.03636363636363636
E00023959,0.6727272727272727,0.5636363636363636,0.7818181818181819,0.03636363636363636
E00023960,0.6727272727272727,0.5636363636363636,0.7818181818181819,0.03636363636363636
E00024109,0.8958333333333334,0.3958333333333333,0.9166666666666666,0.0
E00024113,0.8958333333333334,0.3958333333333333,0.9166666666666666,0.0
E00024115,0.8958333333333334,0.3958333333333333,0.9166666666666666,0.0
E00024116,0.8958333333333334,0.3958333333333333,0.9166666666666666,0.0
E00024119,0.8958333333333334,0.3958333333333333,0.9166666666666666,0.0
E00175212,0.8958333333333334,0.3958333333333333,0.9166666666666666,0.0
E00175213,0.8958333333333334,0.3958333333333333,0.9166666666666666,0.0
E00175214,0.8958333333333334,0.3958333333333333,0.9166666666666666,0.0
E00023657,0.6136363636363636,0.9090909090909091,0.8409090909090909,0.0
E00023658,0.6136363636363636,0.9090909090909091,0.8409090909090909,0.0
E00023659,0.6136363636363636,0.9090909090909091,0.8409090909090909,0.0
E00023660,0.6136363636363636,0.9090909090909091,0.8409090909090909,0.0
E00023661,0.6136363636363636,0.9090909090909091,0.8409090909090909,0.0
E00023662,0.6136363636363636,0.9090909090909091,0.8409090909090909,0.0
E00023663,0.6136363636363636,0.9090909090909091,0.8409090909090909,0.0
E00023664,0.6136363636363636,0.9090909090909091,0.8409090909090909,0.0
E00023665,0.6136363636363636,0.9090909090909091,0.8409090909090909,0.0
E00023666,0.6136363636363636,0.9090909090909091,0.8409090909090909,0.0
E00023668,0.6136363636363636,0.9090909090909091,0.8409090909090909,0.0
E00023669,0.6136363636363636,0.9090909090909091,0.8409090909090909,0.0
E00023670,0.6136363636363636,0.9090909090909091,0.8409090909090909,0.0
E00023671,0.6136363636363636,0.9090909090909091,0.8409090909090909,0.0
E00023672,0.6136363636363636,0.9090909090909091,0.8409090909090909,0.0
E00023674,0.6136363636363636,0.9090909090909091,0.8409090909090909,0.0
E00023675,0.6136363636363636,0.9090909090909091,0.8409090909090909,0.0
E00023676,0.6136363636363636,0.9090909090909091,0.8409090909090909,0.0
E00023678,0.6136363636363636,0.9090909090909091,0.8409090909090909,0.0
E00023679,0.6136363636363636,0.9090909090909091,0.8409090909090909,0.0
E00023680,0.6136363636363636,0.9090909090909091,0.8409090909090909,0.0
E00023681,0.6136363636363636,0.9090909090909091,0.8409090909090909,0.0
E00023682,0.6136363636363636,0.9090909090909091,0.8409090909090909,0.0
E00023684,0.6136363636363636,0.9090909090909091,0.8409090909090909,0.0
E00023685,0.6136363636363636,0.9090909090909091,0.8409090909090909,0.0
E00023686,0.6136363636363636,0.9090909090909091,0.8409090909090909,0.0
E00023687,0.6136363636363636,0.9090909090909091,0.8409090909090909,0.0
E00023688,0.6136363636363636,0.9090909090909091,0.8409090909090909,0.0
E00023689,0.6136363636363636,0.9090909090909091,0.8409090909090909,0.0
E00023690,0.6136363636363636,0.9090909090909091,0.8409090909090909,0.0
E00175204,0.6136363636363636,0.9090909090909091,0.8409090909090909,0.0
E00175205,0.6136363636363636,0.9090909090909091,0.8409090909090909,0.0
E00175206,0.6136363636363636,0.9090909090909091,0.8409090909090909,0.0
E00175208,0.6136363636363636,0.9090909090909091,0.8409090909090909,0.0
E00175250,0.6136363636363636,0.9090909090909091,0.8409090909090909,0.0
E00023926,0.6727272727272727,0.5636363636363636,0.7818181818181819,0.03636363636363636
E00023927,0.6727272727272727,0.5636363636363636,0.7818181818181819,0.03636363636363636
E00023941,0.6727272727272727,0.5636363636363636,0.7818181818181819,0.03636363636363636
E00023942,0.6727272727272727,0.5636363636363636,0.7818181818181819,0.03636363636363636
E00023943,0.6727272727272727,0.5636363636363636,0.7818181818181819,0.03636363636363636
E00023944,0.6727272727272727,0.5636363636363636,0.7818181818181819,0.03636363636363636
E00023945,0.6727272727272727,0.5636363636363636,0.7818181818181819,0.03636363636363636
E00023946,0.6727272727272727,0.5636363636363636,0.7818181818181819,0.03636363636363636
E00023947,0.6727272727272727,0.5636363636363636,0.7818181818181819,0.03636363636363636
E00023948,0.6727272727272727,0.5636363636363636,0.7818181818181819,0.03636363636363636
E00023949,0.6727272727272727,0.5636363636363636,0.7818181818181819,0.03636363636363636
E00023950,0.6727272727272727,0.5636363636363636,0.7818181818181819,0.03636363636363636
E00023951,0.6727272727272727,0.5636363636363636,0.7818181818181819,0.03636363636363636
E00023953,0.6727272727272727,0.5636363636363636,0.7818181818181819,0.03636363636363636
E00023954,0.6727272727272727,0.5636363636363636,0.7818181818181819,0.03636363636363636
E00024004,0.7037037037037037,0.3148148148148148,0.7407407407407407,0.07407407407407407
E00024005,0.7037037037037037,0.3148148148148148,0.7407407407407407,0.07407407407407407
E00024006,0.7037037037037037,0.3148148148148148,0.7407407407407407,0.07407407407407407
E00024007,0.7037037037037037,0.3148148148148148,0.7407407407407407,0.07407407407407407
E00024008,0.7037037037037037,0.3148148148148148,0.7407407407407407,0.07407407407407407
E00024013,0.7037037037037037,0.3148148148148148,0.7407407407407407,0.07407407407407407
E00024014,0.7037037037037037,0.3148148148148148,0.7407407407407407,0.07407407407407407
E00024031,0.7037037037037037,0.3148148148148148,0.7407407407407407,0.07407407407407407
E00024032,0.7037037037037037,0.3148148148148148,0.7407407407407407,0.07407407407407407
E00024033,0.7037037037037037,0.3148148148148148,0.7407407407407407,0.07407407407407407
E00024034,0.7037037037037037,0.3148148148148148,0.7407407407407407,0.07407407407407407
E00175226,0.6727272727272727,0.5636363636363636,0.7818181818181819,0.03636363636363636
E00175227,0.6727272727272727,0.5636363636363636,0.7818181818181819,0.03636363636363636
E00175228,0.6727272727272727,0.5636363636363636,0.7818181818181819,0.03636363636363636
E00175229,0.6727272727272727,0.5636363636363636,0.7818181818181819,0.03636363636363636
E00175248,0.6727272727272727,0.5636363636363636,0.7818181818181819,0.03636363636363636
E00175249,0.6727272727272727,0.5636363636363636,0.7818181818181819,0.03636363636363636
E00023985,0.6382978723404256,0.5531914893617021,0.851063829787234,0.0
E00023986,0.6382978723404256,0.5531914893617021,0.851063829787234,0.0
E00023987,0.6382978723404256,0.5531914893617021,0.851063829787234,0.0
E00023988,0.6382978723404256,0.5531914893617021,0.851063829787234,0.0
E00023989,0.6382978723404256,0.5531914893617021,0.851063829787234,0.0
E00023990,0.6382978723404256,0.5531914893617021,0.851063829787234,0.0
E00023992,0.6382978723404256,0.5531914893617021,0.851063829787234,0.0
E00024001,0.7037037037037037,0.3148148148148148,0.7407407407407407,0.07407407407407407
E00024002,0.7037037037037037,0.3148148148148148,0.7407407407407407,0.07407407407407407
E00024009,0.7037037037037037,0.3148148148148148,0.7407407407407407,0.07407407407407407
E00024010,0.7037037037037037,0.3148148148148148,0.7407407407407407,0.07407407407407407
E00024011,0.7037037037037037,0.3148148148148148,0.7407407407407407,0.07407407407407407
E00024012,0.7037037037037037,0.3148148148148148,0.7407407407407407,0.07407407407407407
E00024016,0.7037037037037037,0.3148148148148148,0.7407407407407407,0.07407407407407407
E00024017,0.7037037037037037,0.3148148148148148,0.7407407407407407,0.07407407407407407
E00024018,0.7037037037037037,0.3148148148148148,0.7407407407407407,0.07407407407407407
E00024019,0.7037037037037037,0.3148148148148148,0.7407407407407407,0.07407407407407407
E00024020,0.7037037037037037,0.3148148148148148,0.7407407407407407,0.07407407407407407
E00024021,0.7037037037037037,0.3148148148148148,0.7407407407407407,0.07407407407407407
E00024022,0.7037037037037037,0.3148148148148148,0.7407407407407407,0.07407407407407407
E00024023,0.7037037037037037,0.3148148148148148,0.7407407407407407,0.07407407407407407
E00024024,0.7037037037037037,0.3148148148148148,0.7407407407407407,0.07407407407407407
E00024025,0.7037037037037037,0.3148148148148148,0.7407407407407407,0.07407407407407407
E00024026,0.7037037037037037,0.3148148148148148,0.7407407407407407,0.07407407407407407
E00024028,0.7037037037037037,0.3148148148148148,0.7407407407407407,0.07407407407407407
E00024029,0.7037037037037037,0.3148148148148148,0.7407407407407407,0.07407407407407407
E00024030,0.7037037037037037,0.3148148148148148,0.7407407407407407,0.07407407407407407
E00175251,0.7037037037037037,0.3148148148148148,0.7407407407407407,0.07407407407407407
E00175252,0.7037037037037037,0.3148148148148148,0.7407407407407407,0.07407407407407407
E00175253,0.7037037037037037,0.3148148148148148,0.7407407407407407,0.07407407407407407
E00175254,0.7037037037037037,0.3148148148148148,0.7407407407407407,0.07407407407407407
E00175255,0.7037037037037037,0.3148148148148148,0.7407407407407407,0.07407407407407407
E00175256,0.7037037037037037,0.3148148148148148,0.7407407407407407,0.07407407407407407
E00175257,0.7037037037037037,0.3148148148148148,0.7407407407407407,0.07407407407407407
E00023967,0.6382978723404256,0.5531914893617021,0.851063829787234,0.0
E00023968,0.6382978723404256,0.5531914893617021,0.851063829787234,0.0
E00023969,0.6382978723404256,0.5531914893617021,0.851063829787234,0.0
E00023991,0.6382978723404256,0.5531914893617021,0.851063829787234,0.0
E00023996,0.6382978723404256,0.5531914893617021,0.851063829787234,0.0
E00023997,0.6382978723404256,0.5531914893617021,0.851063829787234,0.0
E00023998,0.6382978723404256,0.5531914893617021,0.851063829787234,0.0
E00024036,0.8,0.4,0.8444444444444444,0.06666666666666667
E00024037,0.8,0.4,0.8444444444444444,0.06666666666666667
E00024038,0.8,0.4,0.8444444444444444,0.06666666666666667
E00024039,0.8,0.4,0.8444444444444444,0.06666666666666667
E00024040,0.8,0.4,0.8444444444444444,0.06666666666666667
E00024041,0.8,0.4,0.8444444444444444,0.06666666666666667
E00024042,0.8,0.4,0.8444444444444444,0.06666666666666667
E00024043,0.8,0.4,0.8444444444444444,0.06666666666666667
E00024044,0.8,0.4,0.8444444444444444,0.06666666666666667
E00024045,0.8,0.4,0.8444444444444444,0.06666666666666667
E00024046,0.8,0.4,0.8444444444444444,0.06666666666666667
E00024047,0.8,0.4,0.8444444444444444,0.06666666666666667
E00024052,0.8,0.4,0.8444444444444444,0.06666666666666667
E00024053,0.8,0.4,0.8444444444444444,0.06666666666666667
E00024055,0.8,0.4,0.8444444444444444,0.06666666666666667
E00024056,0.8,0.4,0.8444444444444444,0.06666666666666667
E00024057,0.8,0.4,0.8444444444444444,0.06666666666666667
E00024058,0.8,0.4,0.8444444444444444,0.06666666666666667
E00024059,0.8,0.4,0.8444444444444444,0.06666666666666667
E00024060,0.8,0.4,0.8444444444444444,0.06666666666666667
E00024062,0.8,0.4,0.8444444444444444,0.06666666666666667
E00024063,0.8,0.4,0.8444444444444444,0.06666666666666667
E00024064,0.8,0.4,0.8444444444444444,0.06666666666666667
E00024065,0.8,0.4,0.8444444444444444,0.06666666666666667
E00024066,0.8,0.4,0.8444444444444444,0.06666666666666667
E00024067,0.8,0.4,0.8444444444444444,0.06666666666666667
E00024068,0.8,0.4,0.8444444444444444,0.06666666666666667
E00024069,0.8,0.4,0.8444444444444444,0.06666666666666667
E00024071,0.8,0.4,0.8444444444444444,0.06666666666666667
E00175180,0.8,0.4,0.8444444444444444,0.06666666666666667
E00175222,0.6382978723404256,0.5531914893617021,0.851063829787234,0.0
E00175239,0.8,0.4,0.8444444444444444,0.06666666666666667
E00175240,0.8,0.4,0.8444444444444444,0.06666666666666667
E00175241,0.8,0.4,0.8444444444444444,0.06666666666666667
E00023530,0.6851851851851852,0.46296296296296297,0.7777777777777778,0.07407407407407407
E00023531,0.6851851851851852,0.46296296296296297,0.7777777777777778,0.07407407407407407
E00023532,0.6851851851851852,0.46296296296296297,0.7777777777777778,0.07407407407407407
E00023533,0.6851851851851852,0.46296296296296297,0.7777777777777778,0.07407407407407407
E00023534,0.6851851851851852,0.46296296296296297,0.7777777777777778,0.07407407407407407
E00023535,0.6851851851851852,0.46296296296296297,0.7777777777777778,0.07407407407407407
E00023536,0.6851851851851852,0.46296296296296297,0.7777777777777778,0.07407407407407407
E00023537,0.6851851851851852,0.46296296296296297,0.7777777777777778,0.07407407407407407
E00023539,0.6851851851851852,0.46296296296296297,0.7777777777777778,0.07407407407407407
E00023541,0.6851851851851852,0.46296296296296297,0.7777777777777778,0.07407407407407407
E00023545,0.6851851851851852,0.46296296296296297,0.7777777777777778,0.07407407407407407
E00023546,0.6851851851851852,0.46296296296296297,0.7777777777777778,0.07407407407407407
E00023547,0.6851851851851852,0.46296296296296297,0.7777777777777778,0.07407407407407407
E00023548,0.6851851851851852,0.46296296296296297,0.7777777777777778,0.07407407407407407
E00023550,0.6851851851851852,0.46296296296296297,0.7777777777777778,0.07407407407407407
E00023557,0.6851851851851852,0.46296296296296297,0.7777777777777778,0.07407407407407407
E00023558,0.6851851851851852,0.46296296296296297,0.7777777777777778,0.07407407407407407
E00023559,0.6851851851851852,0.46296296296296297,0.7777777777777778,0.07407407407407407
E00023560,0.6851851851851852,0.46296296296296297,0.7777777777777778,0.07407407407407407
E00023561,0.6851851851851852,0.46296296296296297,0.7777777777777778,0.07407407407407407
E00023562,0.6851851851851852,0.46296296296296297,0.7777777777777778,0.07407407407407407
E00024048,0.8,0.4,0.8444444444444444,0.06666666666666667
E00024050,0.8,0.4,0.8444444444444444,0.06666666666666667
E00024051,0.8,0.4,0.8444444444444444,0.06666666666666667
E00024054,0.8,0.4,0.8444444444444444,0.06666666666666667
E00024061,0.8,0.4,0.8444444444444444,0.06666666666666667
E00024070,0.8,0.4,0.8444444444444444,0.06666666666666667
E00175209,0.8,0.4,0.8444444444444444,0.06666666666666667
E00175217,0.6851851851851852,0.46296296296296297,0.7777777777777778,0.07407407407407407
E00175223,0.6851851851851852,0.46296296296296297,0.7777777777777778,0.07407407407407407
E00175230,0.6851851851851852,0.46296296296296297,0.7777777777777778,0.07407407407407407
E00175231,0.6851851851851852,0.46296296296296297,0.7777777777777778,0.07407407407407407
E00175278,0.8,0.4,0.8444444444444444,0.06666666666666667
E00023538,0.6851851851851852,0.46296296296296297,0.7777777777777778,0.07407407407407407
E00023540,0.6851851851851852,0.46296296296296297,0.7777777777777778,0.07407407407407407
E00023542,0.6851851851851852,0.46296296296296297,0.7777777777777778,0.07407407407407407
E00023543,0.6851851851851852,0.46296296296296297,0.7777777777777778,0.07407407407407407
E00023544,0.6851851851851852,0.46296296296296297,0.7777777777777778,0.07407407407407407
E00023549,0.6851851851851852,0.46296296296296297,0.7777777777777778,0.07407407407407407
E00023551,0.6851851851851852,0.46296296296296297,0.7777777777777778,0.07407407407407407
E00023552,0.6851851851851852,0.46296296296296297,0.7777777777777778,0.07407407407407407
E00023554,0.6851851851851852,0.46296296296296297,0.7777777777777778,0.07407407407407407
E00023555,0.6851851851851852,0.46296296296296297,0.7777777777777778,0.07407407407407407
E00023556,0.6851851851851852,0.46296296296296297,0.7777777777777778,0.07407407407407407
E00023963,0.6382978723404256,0.5531914893617021,0.851063829787234,0.0
E00023964,0.6382978723404256,0.5531914893617021,0.851063829787234,0.0
E00023965,0.6382978723404256,0.5531914893617021,0.851063829787234,0.0
E00023966,0.6382978723404256,0.5531914893617021,0.851063829787234,0.0
E00023971,0.6382978723404256,0.5531914893617021,0.851063829787234,0.0
E00023972,0.6382978723404256,0.5531914893617021,0.851063829787234,0.0
E00023973,0.6382978723404256,0.5531914893617021,0.851063829787234,0.0
E00023974,0.6382978723404256,0.5531914893617021,0.851063829787234,0.0
E00023975,0.6382978723404256,0.5531914893617021,0.851063829787234,0.0
E00023976,0.6382978723404256,0.5531914893617021,0.851063829787234,0.0
E00023977,0.6382978723404256,0.5531914893617021,0.851063829787234,0.0
E00023978,0.6382978723404256,0.5531914893617021,0.851063829787234,0.0
E00023979,0.6382978723404256,0.5531914893617021,0.851063829787234,0.0
E00023980,0.6382978723404256,0.5531914893617021,0.851063829787234,0.0
E00023981,0.6382978723404256,0.5531914893617021,0.851063829787234,0.0
E00023982,0.6382978723404256,0.5531914893617021,0.851063829787234,0.0
E00023993,0.6382978723404256,0.5531914893617021,0.851063829787234,0.0
E00023994,0.6382978723404256,0.5531914893617021,0.851063829787234,0.0
E00023995,0.6382978723404256,0.5531914893617021,0.851063829787234,0.0
E00023999,0.6382978723404256,0.5531914893617021,0.851063829787234,0.0
E00175202,0.6382978723404256,0.5531914893617021,0.851063829787234,0.0
E00175203,0.6382978723404256,0.5531914893617021,0.851063829787234,0.0
E00175224,0.6382978723404256,0.5531914893617021,0.851063829787234,0.0
E00175225,0.6382978723404256,0.5531914893617021,0.851063829787234,0.0
E00175258,0.6382978723404256,0.5531914893617021,0.851063829787234,0.0
